  0
SECTION
  2
HEADER
  9
$ACADVER
  1
AC1021
  9
$ACADMAINTVER
 70
    50
  9
$DWGCODEPAGE
  3
ANSI_936
  9
$LASTSAVEDBY
  1
win10
  9
$INSBASE
 10
0.0
 20
0.0
 30
0.0
  9
$EXTMIN
 10
-3.083330976318947
 20
-68.55251785135624
 30
0.0
  9
$EXTMAX
 10
243.0101934157901
 20
119.8244141966261
 30
0.0
  9
$LIMMIN
 10
0.0
 20
0.0
  9
$LIMMAX
 10
420.0
 20
297.0
  9
$ORTHOMODE
 70
     0
  9
$REGENMODE
 70
     1
  9
$FILLMODE
 70
     1
  9
$QTEXTMODE
 70
     0
  9
$MIRRTEXT
 70
     0
  9
$LTSCALE
 40
1.0
  9
$ATTMODE
 70
     1
  9
$TEXTSIZE
 40
2.5
  9
$TRACEWID
 40
1.0
  9
$TEXTSTYLE
  7
Standard
  9
$CLAYER
  8
0
  9
$CELTYPE
  6
ByLayer
  9
$CECOLOR
 62
   256
  9
$CELTSCALE
 40
1.0
  9
$DISPSILH
 70
     0
  9
$DIMSCALE
 40
1.0
  9
$DIMASZ
 40
2.5
  9
$DIMEXO
 40
0.625
  9
$DIMDLI
 40
3.75
  9
$DIMRND
 40
0.0
  9
$DIMDLE
 40
0.0
  9
$DIMEXE
 40
1.25
  9
$DIMTP
 40
0.0
  9
$DIMTM
 40
0.0
  9
$DIMTXT
 40
2.5
  9
$DIMCEN
 40
2.5
  9
$DIMTSZ
 40
0.0
  9
$DIMTOL
 70
     0
  9
$DIMLIM
 70
     0
  9
$DIMTIH
 70
     0
  9
$DIMTOH
 70
     0
  9
$DIMSE1
 70
     0
  9
$DIMSE2
 70
     0
  9
$DIMTAD
 70
     1
  9
$DIMZIN
 70
     8
  9
$DIMBLK
  1

  9
$DIMASO
 70
     1
  9
$DIMSHO
 70
     1
  9
$DIMPOST
  1

  9
$DIMAPOST
  1

  9
$DIMALT
 70
     0
  9
$DIMALTD
 70
     3
  9
$DIMALTF
 40
0.03937007874016
  9
$DIMLFAC
 40
1.0
  9
$DIMTOFL
 70
     1
  9
$DIMTVP
 40
0.0
  9
$DIMTIX
 70
     0
  9
$DIMSOXD
 70
     0
  9
$DIMSAH
 70
     0
  9
$DIMBLK1
  1

  9
$DIMBLK2
  1

  9
$DIMSTYLE
  2
ISO-25
  9
$DIMCLRD
 70
     0
  9
$DIMCLRE
 70
     0
  9
$DIMCLRT
 70
     0
  9
$DIMTFAC
 40
1.0
  9
$DIMGAP
 40
0.625
  9
$DIMJUST
 70
     0
  9
$DIMSD1
 70
     0
  9
$DIMSD2
 70
     0
  9
$DIMTOLJ
 70
     0
  9
$DIMTZIN
 70
     8
  9
$DIMALTZ
 70
     0
  9
$DIMALTTZ
 70
     0
  9
$DIMUPT
 70
     0
  9
$DIMDEC
 70
     2
  9
$DIMTDEC
 70
     2
  9
$DIMALTU
 70
     2
  9
$DIMALTTD
 70
     3
  9
$DIMTXSTY
  7
Standard
  9
$DIMAUNIT
 70
     0
  9
$DIMADEC
 70
     0
  9
$DIMALTRND
 40
0.0
  9
$DIMAZIN
 70
     0
  9
$DIMDSEP
 70
    44
  9
$DIMATFIT
 70
     3
  9
$DIMFRAC
 70
     0
  9
$DIMLDRBLK
  1

  9
$DIMLUNIT
 70
     2
  9
$DIMLWD
 70
    -2
  9
$DIMLWE
 70
    -2
  9
$DIMTMOVE
 70
     0
  9
$DIMFXL
 40
1.0
  9
$DIMFXLON
 70
     0
  9
$DIMJOGANG
 40
0.7853981633974483
  9
$DIMTFILL
 70
     0
  9
$DIMTFILLCLR
 70
     0
  9
$DIMARCSYM
 70
     0
  9
$DIMLTYPE
  6

  9
$DIMLTEX1
  6

  9
$DIMLTEX2
  6

  9
$LUNITS
 70
     2
  9
$LUPREC
 70
     4
  9
$SKETCHINC
 40
1.0
  9
$FILLETRAD
 40
0.0
  9
$AUNITS
 70
     0
  9
$AUPREC
 70
     0
  9
$MENU
  1
.
  9
$ELEVATION
 40
0.0
  9
$PELEVATION
 40
0.0
  9
$THICKNESS
 40
0.0
  9
$LIMCHECK
 70
     0
  9
$CHAMFERA
 40
0.0
  9
$CHAMFERB
 40
0.0
  9
$CHAMFERC
 40
0.0
  9
$CHAMFERD
 40
0.0
  9
$SKPOLY
 70
     0
  9
$TDCREATE
 40
2458590.383113426
  9
$TDUCREATE
 40
2458590.049780092
  9
$TDUPDATE
 40
2458590.384224537
  9
$TDUUPDATE
 40
2458590.050891204
  9
$TDINDWG
 40
0.0011111111
  9
$TDUSRTIMER
 40
0.0011111111
  9
$USRTIMER
 70
     1
  9
$ANGBASE
 50
0.0
  9
$ANGDIR
 70
     0
  9
$PDMODE
 70
     0
  9
$PDSIZE
 40
0.0
  9
$PLINEWID
 40
0.0
  9
$SPLFRAME
 70
     0
  9
$SPLINETYPE
 70
     6
  9
$SPLINESEGS
 70
     8
  9
$HANDSEED
  5
2B8
  9
$SURFTAB1
 70
     6
  9
$SURFTAB2
 70
     6
  9
$SURFTYPE
 70
     6
  9
$SURFU
 70
     6
  9
$SURFV
 70
     6
  9
$UCSBASE
  2

  9
$UCSNAME
  2

  9
$UCSORG
 10
0.0
 20
0.0
 30
0.0
  9
$UCSXDIR
 10
1.0
 20
0.0
 30
0.0
  9
$UCSYDIR
 10
0.0
 20
1.0
 30
0.0
  9
$UCSORTHOREF
  2

  9
$UCSORTHOVIEW
 70
     0
  9
$UCSORGTOP
 10
0.0
 20
0.0
 30
0.0
  9
$UCSORGBOTTOM
 10
0.0
 20
0.0
 30
0.0
  9
$UCSORGLEFT
 10
0.0
 20
0.0
 30
0.0
  9
$UCSORGRIGHT
 10
0.0
 20
0.0
 30
0.0
  9
$UCSORGFRONT
 10
0.0
 20
0.0
 30
0.0
  9
$UCSORGBACK
 10
0.0
 20
0.0
 30
0.0
  9
$PUCSBASE
  2

  9
$PUCSNAME
  2

  9
$PUCSORG
 10
0.0
 20
0.0
 30
0.0
  9
$PUCSXDIR
 10
1.0
 20
0.0
 30
0.0
  9
$PUCSYDIR
 10
0.0
 20
1.0
 30
0.0
  9
$PUCSORTHOREF
  2

  9
$PUCSORTHOVIEW
 70
     0
  9
$PUCSORGTOP
 10
0.0
 20
0.0
 30
0.0
  9
$PUCSORGBOTTOM
 10
0.0
 20
0.0
 30
0.0
  9
$PUCSORGLEFT
 10
0.0
 20
0.0
 30
0.0
  9
$PUCSORGRIGHT
 10
0.0
 20
0.0
 30
0.0
  9
$PUCSORGFRONT
 10
0.0
 20
0.0
 30
0.0
  9
$PUCSORGBACK
 10
0.0
 20
0.0
 30
0.0
  9
$USERI1
 70
     0
  9
$USERI2
 70
     0
  9
$USERI3
 70
     0
  9
$USERI4
 70
     0
  9
$USERI5
 70
     0
  9
$USERR1
 40
0.0
  9
$USERR2
 40
0.0
  9
$USERR3
 40
0.0
  9
$USERR4
 40
0.0
  9
$USERR5
 40
0.0
  9
$WORLDVIEW
 70
     1
  9
$SHADEDGE
 70
     3
  9
$SHADEDIF
 70
    70
  9
$TILEMODE
 70
     1
  9
$MAXACTVP
 70
    64
  9
$PINSBASE
 10
0.0
 20
0.0
 30
0.0
  9
$PLIMCHECK
 70
     0
  9
$PEXTMIN
 10
0.0
 20
0.0
 30
0.0
  9
$PEXTMAX
 10
0.0
 20
0.0
 30
0.0
  9
$PLIMMIN
 10
0.0
 20
0.0
  9
$PLIMMAX
 10
12.0
 20
9.0
  9
$UNITMODE
 70
     0
  9
$VISRETAIN
 70
     1
  9
$PLINEGEN
 70
     0
  9
$PSLTSCALE
 70
     1
  9
$TREEDEPTH
 70
  3020
  9
$CMLSTYLE
  2
Standard
  9
$CMLJUST
 70
     0
  9
$CMLSCALE
 40
20.0
  9
$PROXYGRAPHICS
 70
     1
  9
$MEASUREMENT
 70
     1
  9
$CELWEIGHT
370
    -1
  9
$ENDCAPS
280
     0
  9
$JOINSTYLE
280
     0
  9
$LWDISPLAY
290
     0
  9
$INSUNITS
 70
     4
  9
$HYPERLINKBASE
  1

  9
$STYLESHEET
  1

  9
$XEDIT
290
     1
  9
$CEPSNTYPE
380
     0
  9
$PSTYLEMODE
290
     1
  9
$FINGERPRINTGUID
  2
{96A53CC7-ACDD-234C-B0F9-88300B14E85D}
  9
$VERSIONGUID
  2
{FDA5A254-6150-FA48-A4B8-168CBCE559AD}
  9
$EXTNAMES
290
     1
  9
$PSVPSCALE
 40
0.0
  9
$OLESTARTUP
290
     0
  9
$SORTENTS
280
   127
  9
$INDEXCTL
280
     0
  9
$HIDETEXT
280
     1
  9
$XCLIPFRAME
290
     0
  9
$HALOGAP
280
     0
  9
$OBSCOLOR
 70
   257
  9
$OBSLTYPE
280
     0
  9
$INTERSECTIONDISPLAY
280
     0
  9
$INTERSECTIONCOLOR
 70
   257
  9
$DIMASSOC
280
     2
  9
$PROJECTNAME
  1

  9
$CAMERADISPLAY
290
     0
  9
$LENSLENGTH
 40
50.0
  9
$CAMERAHEIGHT
 40
0.0
  9
$STEPSPERSEC
 40
2.0
  9
$STEPSIZE
 40
6.0
  9
$3DDWFPREC
 40
2.0
  9
$PSOLWIDTH
 40
5.0
  9
$PSOLHEIGHT
 40
80.0
  9
$LOFTANG1
 40
1.570796326794896
  9
$LOFTANG2
 40
1.570796326794896
  9
$LOFTMAG1
 40
0.0
  9
$LOFTMAG2
 40
0.0
  9
$LOFTPARAM
 70
     7
  9
$LOFTNORMALS
280
     1
  9
$LATITUDE
 40
37.795
  9
$LONGITUDE
 40
-122.394
  9
$NORTHDIRECTION
 40
0.0
  9
$TIMEZONE
 70
 -8000
  9
$LIGHTGLYPHDISPLAY
280
     1
  9
$TILEMODELIGHTSYNCH
280
     1
  9
$CMATERIAL
347
EC
  9
$SOLIDHIST
280
     0
  9
$SHOWHIST
280
     1
  9
$DWFFRAME
280
     2
  9
$DGNFRAME
280
     0
  9
$REALWORLDSCALE
290
     1
  9
$INTERFERECOLOR
 62
     1
  9
$INTERFEREOBJVS
345
F9
  9
$INTERFEREVPVS
346
F6
  9
$CSHADOW
280
     0
  9
$SHADOWPLANELOCATION
 40
0.0
  0
ENDSEC
  0
SECTION
  2
CLASSES
  0
CLASS
  1
ACDBDICTIONARYWDFLT
  2
AcDbDictionaryWithDefault
  3
ObjectDBX Classes
 90
        0
 91
        1
280
     0
281
     0
  0
CLASS
  1
DICTIONARYVAR
  2
AcDbDictionaryVar
  3
ObjectDBX Classes
 90
        0
 91
       12
280
     0
281
     0
  0
CLASS
  1
TABLESTYLE
  2
AcDbTableStyle
  3
ObjectDBX Classes
 90
     4095
 91
        1
280
     0
281
     0
  0
CLASS
  1
MATERIAL
  2
AcDbMaterial
  3
ObjectDBX Classes
 90
     1153
 91
        3
280
     0
281
     0
  0
CLASS
  1
VISUALSTYLE
  2
AcDbVisualStyle
  3
ObjectDBX Classes
 90
     4095
 91
       24
280
     0
281
     0
  0
CLASS
  1
SCALE
  2
AcDbScale
  3
ObjectDBX Classes
 90
     1153
 91
       17
280
     0
281
     0
  0
CLASS
  1
MLEADERSTYLE
  2
AcDbMLeaderStyle
  3
ACDB_MLEADERSTYLE_CLASS
 90
     4095
 91
        2
280
     0
281
     0
  0
CLASS
  1
CELLSTYLEMAP
  2
AcDbCellStyleMap
  3
ObjectDBX Classes
 90
     1152
 91
        1
280
     0
281
     0
  0
CLASS
  1
EXACXREFPANELOBJECT
  2
ExAcXREFPanelObject
  3
EXAC_ESW
 90
     1025
 91
        0
280
     0
281
     0
  0
CLASS
  1
NPOCOLLECTION
  2
AcDbImpNonPersistentObjectsCollection
  3
ObjectDBX Classes
 90
     1153
 91
        0
280
     0
281
     0
  0
CLASS
  1
LAYER_INDEX
  2
AcDbLayerIndex
  3
ObjectDBX Classes
 90
        0
 91
        0
280
     0
281
     0
  0
CLASS
  1
SPATIAL_INDEX
  2
AcDbSpatialIndex
  3
ObjectDBX Classes
 90
        0
 91
        0
280
     0
281
     0
  0
CLASS
  1
IDBUFFER
  2
AcDbIdBuffer
  3
ObjectDBX Classes
 90
        0
 91
        0
280
     0
281
     0
  0
CLASS
  1
ACDBSECTIONVIEWSTYLE
  2
AcDbSectionViewStyle
  3
ObjectDBX Classes
 90
     1025
 91
        1
280
     0
281
     0
  0
CLASS
  1
ACDBDETAILVIEWSTYLE
  2
AcDbDetailViewStyle
  3
ObjectDBX Classes
 90
     1025
 91
        1
280
     0
281
     0
  0
ENDSEC
  0
SECTION
  2
TABLES
  0
TABLE
  2
VPORT
  5
8
330
0
100
AcDbSymbolTable
 70
     1
  0
VPORT
  5
EA
330
8
100
AcDbSymbolTableRecord
100
AcDbViewportTableRecord
  2
*Active
 70
     0
 10
0.0
 20
0.0
 11
1.0
 21
1.0
 12
26.13531116233776
 22
8.376287332784158
 13
0.0
 23
0.0
 14
10.0
 24
10.0
 15
10.0
 25
10.0
 16
0.0
 26
0.0
 36
1.0
 17
0.0
 27
0.0
 37
0.0
 40
393.0272442228397
 41
2.104271356783919
 42
50.0
 43
0.0
 44
0.0
 50
0.0
 51
0.0
 71
     0
 72
  1000
 73
     1
 74
     3
 75
     0
 76
     1
 77
     0
 78
     0
281
     0
 65
     1
110
0.0
120
0.0
130
0.0
111
1.0
121
0.0
131
0.0
112
0.0
122
1.0
132
0.0
 79
     0
146
0.0
348
F5
 60
     3
 61
     5
292
     1
282
     1
141
0.0
142
0.0
 63
   250
421
  3355443
1001
ACAD_NAV_VCDISPLAY
1070
     3
  0
ENDTAB
  0
TABLE
  2
LTYPE
  5
5
330
0
100
AcDbSymbolTable
 70
     2
  0
LTYPE
  5
14
330
5
100
AcDbSymbolTableRecord
100
AcDbLinetypeTableRecord
  2
ByBlock
 70
     0
  3

 72
    65
 73
     0
 40
0.0
  0
LTYPE
  5
15
330
5
100
AcDbSymbolTableRecord
100
AcDbLinetypeTableRecord
  2
ByLayer
 70
     0
  3

 72
    65
 73
     0
 40
0.0
  0
LTYPE
  5
16
330
5
100
AcDbSymbolTableRecord
100
AcDbLinetypeTableRecord
  2
Continuous
 70
     0
  3
Solid line
 72
    65
 73
     0
 40
0.0
  0
ENDTAB
  0
TABLE
  2
LAYER
  5
2
102
{ACAD_XDICTIONARY
360
1FF
102
}
330
0
100
AcDbSymbolTable
 70
     1
0
LAYER
5
c78
100
AcDbSymbolTableRecord
100
AcDbLayerTableRecord
2
TopLayer
70
0
420
16711680
6
Continuous
370
-3
390
F
347
21
0
LAYER
5
c79
100
AcDbSymbolTableRecord
100
AcDbLayerTableRecord
2
BottomLayer
70
0
420
255
6
Continuous
370
-3
390
F
347
21
0
LAYER
5
c7a
100
AcDbSymbolTableRecord
100
AcDbLayerTableRecord
2
TopSilkLayer
70
0
420
16763904
6
Continuous
370
-3
390
F
347
21
0
LAYER
5
c7b
100
AcDbSymbolTableRecord
100
AcDbLayerTableRecord
2
TopSolderMaskLayer
70
0
420
8388736
6
Continuous
370
-3
390
F
347
21
0
LAYER
5
c7c
100
AcDbSymbolTableRecord
100
AcDbLayerTableRecord
2
BottomSolderMaskLayer
70
0
420
11141375
6
Continuous
370
-3
390
F
347
21
0
LAYER
5
c7d
100
AcDbSymbolTableRecord
100
AcDbLayerTableRecord
2
BoardOutLine
70
0
420
16711935
6
Continuous
370
-3
390
F
347
21
0
LAYER
5
c7e
100
AcDbSymbolTableRecord
100
AcDbLayerTableRecord
2
Multi-Layer
70
0
420
12632256
6
Continuous
370
-3
390
F
347
21
0
LAYER
5
c7f
100
AcDbSymbolTableRecord
100
AcDbLayerTableRecord
2
Document
70
0
420
16777215
6
Continuous
370
-3
390
F
347
21
0
LAYER
5
c80
100
AcDbSymbolTableRecord
100
AcDbLayerTableRecord
2
Hole
70
0
420
2236962
6
Continuous
370
-3
390
F
347
21
  0
LAYER
  5
10
102
{ACAD_XDICTIONARY
360
13C
102
}
330
2
100
AcDbSymbolTableRecord
100
AcDbLayerTableRecord
  2
0
 70
     0
 62
     7
  6
Continuous
370
    -3
390
F
347
EE
  0
ENDTAB
  0
TABLE
  2
STYLE
  5
3
330
0
100
AcDbSymbolTable
 70
     2
  0
STYLE
  5
11
330
3
100
AcDbSymbolTableRecord
100
AcDbTextStyleTableRecord
  2
Standard
 70
     0
 40
0.0
 41
1.0
 50
0.0
 71
     0
 42
2.5
  3
arial.ttf
  4

1001
ACAD
1000
Arial
1071
       34
  0
STYLE
  5
132
330
3
100
AcDbSymbolTableRecord
100
AcDbTextStyleTableRecord
  2
Annotative
 70
     0
 40
0.0
 41
1.0
 50
0.0
 71
     0
 42
2.5
  3
arial.ttf
  4

1001
AcadAnnotative
1000
AnnotativeData
1002
{
1070
     1
1070
     1
1002
}
1001
ACAD
1000
Arial
1071
       34
  0
ENDTAB
  0
TABLE
  2
VIEW
  5
6
330
0
100
AcDbSymbolTable
 70
     0
  0
ENDTAB
  0
TABLE
  2
UCS
  5
7
330
0
100
AcDbSymbolTable
 70
     0
  0
ENDTAB
  0
TABLE
  2
APPID
  5
9
330
0
100
AcDbSymbolTable
 70
     9
  0
APPID
  5
12
330
9
100
AcDbSymbolTableRecord
100
AcDbRegAppTableRecord
  2
ACAD
 70
     0
  0
APPID
  5
9E
330
9
100
AcDbSymbolTableRecord
100
AcDbRegAppTableRecord
  2
ACAD_PSEXT
 70
     0
  0
APPID
  5
133
330
9
100
AcDbSymbolTableRecord
100
AcDbRegAppTableRecord
  2
AcadAnnoPO
 70
     0
  0
APPID
  5
134
330
9
100
AcDbSymbolTableRecord
100
AcDbRegAppTableRecord
  2
AcadAnnotative
 70
     0
  0
APPID
  5
135
330
9
100
AcDbSymbolTableRecord
100
AcDbRegAppTableRecord
  2
ACAD_DSTYLE_DIMJAG
 70
     0
  0
APPID
  5
136
330
9
100
AcDbSymbolTableRecord
100
AcDbRegAppTableRecord
  2
ACAD_DSTYLE_DIMTALN
 70
     0
  0
APPID
  5
165
330
9
100
AcDbSymbolTableRecord
100
AcDbRegAppTableRecord
  2
ACAD_MLEADERVER
 70
     0
  0
APPID
  5
217
330
9
100
AcDbSymbolTableRecord
100
AcDbRegAppTableRecord
  2
ACAD_NAV_VCDISPLAY
 70
     0
  0
APPID
  5
26E
330
9
100
AcDbSymbolTableRecord
100
AcDbRegAppTableRecord
  2
ACAD_EXEMPT_FROM_CAD_STANDARDS
 70
     0
  0
ENDTAB
  0
TABLE
  2
DIMSTYLE
  5
A
330
0
100
AcDbSymbolTable
 70
     4
100
AcDbDimStyleTable
 71
     2
340
27
340
137
  0
DIMSTYLE
105
1B0
330
A
100
AcDbSymbolTableRecord
100
AcDbDimStyleTableRecord
  2
Standard
 70
     0
340
11
  0
DIMSTYLE
105
137
330
A
100
AcDbSymbolTableRecord
100
AcDbDimStyleTableRecord
  2
Annotative
 70
     0
 40
0.0
 41
2.5
 42
0.625
 43
3.75
 44
1.25
 73
     0
 74
     0
 77
     1
 78
     8
140
2.5
141
2.5
143
0.03937007874016
147
0.625
171
     3
172
     1
271
     2
272
     2
274
     3
278
    44
283
     0
284
     8
340
11
1001
AcadAnnotative
1000
AnnotativeData
1002
{
1070
     1
1070
     1
1002
}
1001
ACAD_DSTYLE_DIMJAG
1070
   388
1040
1.5
1001
ACAD_DSTYLE_DIMTALN
1070
   392
1070
     0
  0
DIMSTYLE
105
27
330
A
100
AcDbSymbolTableRecord
100
AcDbDimStyleTableRecord
  2
ISO-25
 70
     0
 41
2.5
 42
0.625
 43
3.75
 44
1.25
 73
     0
 74
     0
 77
     1
 78
     8
140
2.5
141
2.5
143
0.03937007874016
147
0.625
171
     3
172
     1
271
     2
272
     2
274
     3
278
    44
283
     0
284
     8
340
11
  0
ENDTAB
  0
TABLE
  2
BLOCK_RECORD
  5
1
330
0
100
AcDbSymbolTable
 70
     2
  0
BLOCK_RECORD
  5
1F
102
{ACAD_XDICTIONARY
360
1CE
102
}
330
1
100
AcDbSymbolTableRecord
100
AcDbBlockTableRecord
  2
*Model_Space
340
22
 70
     0
280
     1
281
     0
  0
BLOCK_RECORD
  5
D2
330
1
100
AcDbSymbolTableRecord
100
AcDbBlockTableRecord
  2
*Paper_Space
340
D3
 70
     0
280
     1
281
     0
  0
BLOCK_RECORD
  5
D6
330
1
100
AcDbSymbolTableRecord
100
AcDbBlockTableRecord
  2
*Paper_Space0
340
D7
 70
     0
280
     1
281
     0
  0
ENDTAB
  0
ENDSEC
  0
SECTION
  2
BLOCKS
  0
BLOCK
  5
20
330
1F
100
AcDbEntity
  8
0
100
AcDbBlockBegin
  2
*Model_Space
 70
     0
 10
0.0
 20
0.0
 30
0.0
  3
*Model_Space
  1

  0
ENDBLK
  5
21
330
1F
100
AcDbEntity
  8
0
100
AcDbBlockEnd
  0
BLOCK
  5
D4
330
D2
100
AcDbEntity
 67
     1
  8
0
100
AcDbBlockBegin
  2
*Paper_Space
 70
     0
 10
0.0
 20
0.0
 30
0.0
  3
*Paper_Space
  1

  0
ENDBLK
  5
D5
330
D2
100
AcDbEntity
 67
     1
  8
0
100
AcDbBlockEnd
  0
BLOCK
  5
D8
330
D6
100
AcDbEntity
 67
     1
  8
0
100
AcDbBlockBegin
  2
*Paper_Space0
 70
     0
 10
0.0
 20
0.0
 30
0.0
  3
*Paper_Space0
  1

  0
ENDBLK
  5
D9
330
D6
100
AcDbEntity
 67
     1
  8
0
100
AcDbBlockEnd
  0
ENDSEC
  0
SECTION
  2
ENTITIES
  0
LWPOLYLINE
  5
3e8
330
1F
100
AcDbEntity
  8
BoardOutLine
100
AcDbPolyline
 90
1
 70
 0
 43
1 
 10
1.042926085852514
 20
69.93652527305062
 10
132.99718059436145
 20
69.93652527305062
  0
LWPOLYLINE
  5
3e9
330
1F
100
AcDbEntity
  8
BoardOutLine
100
AcDbPolyline
 90
2
 70
 0
 43
1 
 10
132.99718059436145
 20
0.8483870967742178
 10
1.042926085852514
 20
0.8483870967742178
 10
1.042926085852514
 20
69.80952501905006
  0
LWPOLYLINE
  5
3ea
330
1F
100
AcDbEntity
  8
BoardOutLine
100
AcDbPolyline
 90
1
 70
 0
 43
1 
 10
132.99718059436145
 20
69.80952501905006
 10
132.99718059436145
 20
0.8483870967742178
  0
LWPOLYLINE
  5
3eb
330
1F
100
AcDbEntity
  8
TopLayer
100
AcDbPolyline
 90
2
 70
 0
 43
1 
 10
79.7830835661673
 20
6.056007112014186
 10
64.28905257810538
 20
6.056007112014186
 10
62.25704851409728
 20
8.088011176022292
  0
LWPOLYLINE
  5
3ec
330
1F
100
AcDbEntity
  8
TopLayer
100
AcDbPolyline
 90
1
 70
 0
 43
1 
 10
118.77216154432335
 20
39.45694691389383
 10
124.74117348234722
 20
39.45694691389383
  0
LWPOLYLINE
  5
3ed
330
1F
100
AcDbEntity
  8
TopLayer
100
AcDbPolyline
 90
1
 70
 0
 43
1 
 10
105.18313436626909
 20
64.34912369824735
 10
105.18313436626909
 20
49.36309372618746
  0
LWPOLYLINE
  5
3ee
330
1F
100
AcDbEntity
  8
TopLayer
100
AcDbPolyline
 90
1
 70
 0
 43
1 
 10
84.35509271018577
 20
49.61709423418847
 10
84.35509271018577
 20
41.99707899415796
  0
LWPOLYLINE
  5
3ef
330
1F
100
AcDbEntity
  8
TopLayer
100
AcDbPolyline
 90
1
 70
 0
 43
1 
 10
80.80007620015249
 20
49.61648463296933
 10
80.80007620015249
 20
41.99707899415796
  0
LWPOLYLINE
  5
3f0
330
1F
100
AcDbEntity
  8
TopLayer
100
AcDbPolyline
 90
1
 70
 0
 43
1 
 10
78.51308102616235
 20
10.628016256032538
 10
78.51308102616235
 20
18.3750317500635
  0
LWPOLYLINE
  5
3f1
330
1F
100
AcDbEntity
  8
TopLayer
100
AcDbPolyline
 90
2
 70
 0
 43
1 
 10
75.84607569215154
 20
10.373888747777414
 10
75.97307594615222
 20
10.373888747777414
 10
75.97307594615222
 20
19.89903479806958
  0
LWPOLYLINE
  5
3f2
330
1F
100
AcDbEntity
  8
TopLayer
100
AcDbPolyline
 90
1
 70
 0
 43
1 
 10
34.062992125984465
 20
6.055880111760189
 10
45.7470154940313
 20
6.055880111760189
  0
LWPOLYLINE
  5
3f3
330
1F
100
AcDbEntity
  8
TopLayer
100
AcDbPolyline
 90
2
 70
 0
 43
1 
 10
69.75067310134637
 20
8.215138430276852
 10
69.87706375412768
 20
8.341529083058276
 10
69.87706375412768
 20
16.342900685801283
  0
LWPOLYLINE
  5
3f4
330
1F
100
AcDbEntity
  8
TopLayer
100
AcDbPolyline
 90
2
 70
 0
 43
1 
 10
40.54000508001036
 20
8.215138430276852
 10
40.41323342646706
 20
8.341884683769308
 10
28.9829819659642
 20
8.341884683769308
  0
LWPOLYLINE
  5
3f5
330
1F
100
AcDbEntity
  8
BottomLayer
100
AcDbPolyline
 90
1
 70
 0
 43
1 
 10
63.52705105410246
 20
45.80695961391916
 10
59.69011938023891
 20
45.847091694183405
  0
LWPOLYLINE
  5
3f6
330
1F
100
AcDbEntity
  8
BottomLayer
100
AcDbPolyline
 90
2
 70
 0
 43
1 
 10
63.52654305308624
 20
61.0458470916941
 10
63.52705105410246
 20
61.04711709423418
 10
59.69011938023891
 20
61.08712217424443
  0
LWPOLYLINE
  5
3f7
330
1F
100
AcDbEntity
  8
BottomLayer
100
AcDbPolyline
 90
1
 70
 0
 43
1 
 10
59.69011938023891
 20
61.08712217424443
 10
59.69011938023891
 20
45.847091694183405
  0
LWPOLYLINE
  5
3f8
330
1F
100
AcDbEntity
  8
BottomLayer
100
AcDbPolyline
 90
5
 70
 0
 43
1 
 10
69.59715519431052
 20
61.896748793497636
 10
68.3195326390653
 20
63.17183134366269
 10
57.58293116586265
 20
63.17183134366269
 10
50.59029718059446
 20
56.176657353314795
 10
50.59029718059446
 20
25.709296418592885
 10
50.28295656591308
 20
25.40449580899167
  0
LWPOLYLINE
  5
3f9
330
1F
100
AcDbEntity
  8
BottomLayer
100
AcDbPolyline
 90
3
 70
 0
 43
1 
 10
87.78409956819928
 20
7.199009398018802
 10
84.48209296418622
 20
7.199009398018802
 10
83.33909067818149
 20
6.056007112014186
 10
79.7830835661673
 20
6.056007112014186
  0
LWPOLYLINE
  5
3fa
330
1F
100
AcDbEntity
  8
BottomLayer
100
AcDbPolyline
 90
3
 70
 0
 43
1 
 10
87.78509017018041
 20
9.738404876809795
 10
83.84645669291353
 20
9.738404876809795
 10
82.4494538989079
 20
8.341402082804166
 10
79.53007366014754
 20
8.341402082804166
  0
LWPOLYLINE
  5
3fb
330
1F
100
AcDbEntity
  8
BottomLayer
100
AcDbPolyline
 90
7
 70
 0
 43
1 
 10
105.18313436626909
 20
64.34912369824735
 10
102.39507239014483
 20
67.13718567437138
 10
102.39507239014483
 20
68.2730505461011
 10
52.97299974599969
 20
68.2730505461011
 10
44.35001270002567
 20
59.65011430022855
 10
44.35001270002567
 20
38.18707137414276
 10
41.81000762001554
 20
35.64706629413263
 10
38.12700025400068
 20
35.64706629413263
  0
LWPOLYLINE
  5
3fc
330
1F
100
AcDbEntity
  8
BottomLayer
100
AcDbPolyline
 90
3
 70
 0
 43
1 
 10
110.00901701803423
 20
8.850012700025445
 10
110.00901701803423
 20
6.564135128270323
 10
112.93014986029993
 20
3.6430022860046165
 10
121.32331724663459
 20
3.6430022860046165
  0
LWPOLYLINE
  5
3fd
330
1F
100
AcDbEntity
  8
BottomLayer
100
AcDbPolyline
 90
4
 70
 0
 43
1 
 10
118.26416052832133
 20
10.755016510032988
 10
123.47117094234204
 20
15.962026924053816
 10
123.47117094234204
 20
20.953111506222967
 10
124.69898399796807
 20
24.2189738379476
 10
124.48816357632722
 20
24.429743459486872
  0
LWPOLYLINE
  5
3fe
330
1F
100
AcDbEntity
  8
BottomLayer
100
AcDbPolyline
 90
3
 70
 0
 43
1 
 10
118.26515113030246
 20
10.754406908813849
 10
118.26515113030246
 20
6.563017526034969
 10
121.3229362458726
 20
3.505207010413983
 10
130.2031750063502
 20
3.505207010413983
  0
LWPOLYLINE
  5
3ff
330
1F
100
AcDbEntity
  8
BottomLayer
100
AcDbPolyline
 90
8
 70
 0
 43
1 
 10
124.48816357632722
 20
25.196850393700743
 10
124.48816357632722
 20
25.99504699009401
 10
124.04688849377726
 20
25.99504699009401
 10
119.98224536449084
 20
21.930429260858546
 10
84.86245872491759
 20
21.930429260858546
 10
79.65608331216686
 20
16.724028448056856
 10
74.32194564389147
 20
16.724028448056856
 10
72.29105918211849
 20
18.75689611379221
 10
72.29105918211849
 20
20.406426212852466
  0
LWPOLYLINE
  5
400
330
1F
100
AcDbEntity
  8
BottomLayer
100
AcDbPolyline
 90
4
 70
 0
 43
1 
 10
124.48816357632722
 20
26.629438658877348
 10
124.4871729743461
 20
33.361061722123395
 10
130.58318516637064
 20
36.917068834137694
 10
130.71117602235222
 20
67.14251968503936
 10
130.2031750063502
 20
67.14251968503936
  0
LWPOLYLINE
  5
401
330
1F
100
AcDbEntity
  8
BottomLayer
100
AcDbPolyline
 90
1
 70
 0
 43
1 
 10
112.29514859029746
 20
48.474091948183855
 10
105.25803911607841
 20
55.511201422402905
  0
LWPOLYLINE
  5
402
330
1F
100
AcDbEntity
  8
BottomLayer
100
AcDbPolyline
 90
2
 70
 0
 43
1 
 10
105.31013462026954
 20
55.459105918211776
 10
105.33802387604783
 20
57.44988569977136
 10
101.01902463804936
 20
61.76888493776994
  0
LWPOLYLINE
  5
403
330
1F
100
AcDbEntity
  8
BottomLayer
100
AcDbPolyline
 90
1
 70
 0
 43
1 
 10
122.37515875031772
 20
43.15491490982981
 10
122.37515875031772
 20
48.56111252222502
  0
LWPOLYLINE
  5
404
330
1F
100
AcDbEntity
  8
BottomLayer
100
AcDbPolyline
 90
2
 70
 0
 43
1 
 10
122.07416814833664
 20
61.42799085598165
 10
122.37515875031772
 20
61.12700025400045
 10
122.37515875031772
 20
58.760985521971065
  0
LWPOLYLINE
  5
405
330
1F
100
AcDbEntity
  8
BottomLayer
100
AcDbPolyline
 90
2
 70
 0
 43
1 
 10
120.24020828041648
 20
66.50800101600203
 10
122.07416814833664
 20
64.67414274828548
 10
122.07416814833664
 20
61.42799085598165
  0
LWPOLYLINE
  5
406
330
1F
100
AcDbEntity
  8
BottomLayer
100
AcDbPolyline
 90
2
 70
 0
 43
1 
 10
116.81282702565409
 20
49.81666243332484
 10
117.37515875031772
 20
49.25427990855985
 10
117.37515875031772
 20
46.060960121920175
  0
LWPOLYLINE
  5
407
330
1F
100
AcDbEntity
  8
BottomLayer
100
AcDbPolyline
 90
1
 70
 0
 43
1 
 10
117.26413512827048
 20
60.87249174498345
 10
117.00220980441964
 20
60.87249174498345
  0
LWPOLYLINE
  5
408
330
1F
100
AcDbEntity
  8
BottomLayer
100
AcDbPolyline
 90
2
 70
 0
 43
1 
 10
116.7403860807724
 20
66.50800101600203
 10
116.7403860807724
 20
61.13436626873249
 10
117.00220980441964
 20
60.87249174498345
  0
LWPOLYLINE
  5
409
330
1F
100
AcDbEntity
  8
BottomLayer
100
AcDbPolyline
 90
2
 70
 0
 43
1 
 10
117.00220980441964
 20
60.87249174498345
 10
117.00220980441964
 20
50.006096012192074
 10
116.81282702565409
 20
49.81666243332484
  0
LWPOLYLINE
  5
40a
330
1F
100
AcDbEntity
  8
BottomLayer
100
AcDbPolyline
 90
2
 70
 0
 43
1 
 10
112.1363982727969
 20
61.36449072898142
 10
112.37513335026688
 20
61.12575565151133
 10
112.37513335026688
 20
58.760985521971065
  0
LWPOLYLINE
  5
40b
330
1F
100
AcDbEntity
  8
BottomLayer
100
AcDbPolyline
 90
2
 70
 0
 43
1 
 10
113.23995427990872
 20
64.10772161544321
 10
112.1363982727969
 20
63.00408940817886
 10
112.1363982727969
 20
61.36449072898142
  0
LWPOLYLINE
  5
40c
330
1F
100
AcDbEntity
  8
BottomLayer
100
AcDbPolyline
 90
1
 70
 0
 43
1 
 10
113.23995427990872
 20
66.50800101600203
 10
113.23995427990872
 20
64.10772161544321
  0
LWPOLYLINE
  5
40d
330
1F
100
AcDbEntity
  8
BottomLayer
100
AcDbPolyline
 90
2
 70
 0
 43
1 
 10
113.15214630429273
 20
42.63195326390655
 10
112.37513335026688
 20
43.4089662179324
 10
112.37513335026688
 20
48.56111252222502
  0
LWPOLYLINE
  5
40e
330
1F
100
AcDbEntity
  8
BottomLayer
100
AcDbPolyline
 90
2
 70
 0
 43
1 
 10
121.85214630429277
 20
42.63195326390655
 10
121.97914655829345
 20
42.63195326390655
 10
122.37515875031772
 20
43.02791465582925
  0
LWPOLYLINE
  5
40f
330
1F
100
AcDbEntity
  8
BottomLayer
100
AcDbPolyline
 90
1
 70
 0
 43
1 
 10
121.85214630429277
 20
36.44094488188978
 10
121.85214630429277
 20
42.63195326390655
  0
LWPOLYLINE
  5
410
330
1F
100
AcDbEntity
  8
BottomLayer
100
AcDbPolyline
 90
1
 70
 0
 43
1 
 10
121.31216662433349
 20
35.13893827787649
 10
121.85214630429277
 20
35.67894335788674
  0
LWPOLYLINE
  5
411
330
1F
100
AcDbEntity
  8
BottomLayer
100
AcDbPolyline
 90
2
 70
 0
 43
1 
 10
124.74117348234722
 20
39.45694691389383
 10
127.4081788163578
 20
39.45694691389383
 10
127.91617983235983
 20
38.948945897891804
  0
LWPOLYLINE
  5
412
330
1F
100
AcDbEntity
  8
BottomLayer
100
AcDbPolyline
 90
3
 70
 0
 43
1 
 10
105.18313436626909
 20
49.36309372618746
 10
105.18313436626909
 20
45.68008636017271
 10
111.406248412497
 20
39.45694691389383
 10
118.77216154432335
 20
39.45694691389383
  0
LWPOLYLINE
  5
413
330
1F
100
AcDbEntity
  8
BottomLayer
100
AcDbPolyline
 90
3
 70
 0
 43
1 
 10
95.91310642621306
 20
48.473482346964715
 10
98.07211074422162
 20
48.473482346964715
 10
111.40650241300477
 20
35.1390652781306
 10
114.20015240030511
 20
35.1390652781306
  0
LWPOLYLINE
  5
414
330
1F
100
AcDbEntity
  8
BottomLayer
100
AcDbPolyline
 90
2
 70
 0
 43
1 
 10
116.35915671831367
 20
35.13893827787649
 10
114.53972567945152
 20
35.13893827787649
 10
114.20015240030511
 20
35.1390652781306
  0
LWPOLYLINE
  5
415
330
1F
100
AcDbEntity
  8
BottomLayer
100
AcDbPolyline
 90
4
 70
 0
 43
1 
 10
118.77315214630448
 20
23.96243332486665
 10
98.83347726695456
 20
43.902082804165616
 10
69.36906273812565
 20
43.902082804165616
 10
66.19342138684283
 20
40.726466852933754
 10
63.52804165608359
 20
40.726466852933754
  0
LWPOLYLINE
  5
416
330
1F
100
AcDbEntity
  8
BottomLayer
100
AcDbPolyline
 90
4
 70
 0
 43
1 
 10
63.52804165608359
 20
35.646456692913375
 10
64.79804419608854
 20
35.646456692913375
 10
70.25966471932975
 20
41.10807721615447
 10
79.91168402336825
 20
41.10807721615447
 10
80.80007620015249
 20
41.99646939293882
  0
LWPOLYLINE
  5
417
330
1F
100
AcDbEntity
  8
BottomLayer
100
AcDbPolyline
 90
5
 70
 0
 43
1 
 10
63.52804165608359
 20
33.10645161290324
 10
65.17904495809012
 20
33.10645161290324
 10
71.02105664211354
 20
38.94846329692666
 10
82.70345440690903
 20
38.94846329692666
 10
84.3560833121669
 20
40.60106680213369
 10
84.3560833121669
 20
41.99646939293882
  0
LWPOLYLINE
  5
418
330
1F
100
AcDbEntity
  8
BottomLayer
100
AcDbPolyline
 90
2
 70
 0
 43
1 
 10
88.5191770383542
 20
52.90520701041396
 10
87.64320548641103
 20
52.90520701041396
 10
84.35509271018577
 20
49.61709423418847
  0
LWPOLYLINE
  5
419
330
1F
100
AcDbEntity
  8
BottomLayer
100
AcDbPolyline
 90
3
 70
 0
 43
1 
 10
69.36929133858303
 20
52.811150622301284
 10
70.89306578613173
 20
51.268097536195114
 10
79.14808229616483
 20
51.268097536195114
 10
80.79908559817136
 20
49.61709423418847
  0
LWPOLYLINE
  5
41a
330
1F
100
AcDbEntity
  8
BottomLayer
100
AcDbPolyline
 90
9
 70
 0
 43
1 
 10
66.19504699009417
 20
30.058445516891084
 10
66.19504699009417
 20
31.074447548895137
 10
67.08404876809777
 20
31.96344932689874
 10
67.08404876809777
 20
32.09044958089919
 10
71.52905765811556
 20
36.53545847091698
 10
76.48206756413538
 20
36.53545847091698
 10
77.37106934213875
 20
35.646456692913375
 10
77.37106934213875
 20
26.375438150876334
 10
78.64107188214393
 20
25.105435610871268
 10
78.51308102616235
 20
18.3750317500635
  0
LWPOLYLINE
  5
41b
330
1F
100
AcDbEntity
  8
BottomLayer
100
AcDbPolyline
 90
6
 70
 0
 43
1 
 10
69.75105410210836
 20
20.406426212852466
 10
69.75105410210836
 20
23.58143256286519
 10
68.7350520701043
 20
24.59743459486924
 10
68.7350520701043
 20
30.94904749809507
 10
72.03543307086625
 20
34.24945389890786
 10
74.0690627381257
 20
34.24945389890786
 10
74.06807213614456
 20
34.37706375412745
  0
LWPOLYLINE
  5
41c
330
1F
100
AcDbEntity
  8
BottomLayer
100
AcDbPolyline
 90
3
 70
 0
 43
1 
 10
74.06807213614456
 20
26.75704851409705
 10
74.06807213614456
 20
25.741046482092997
 10
75.97307594615222
 20
23.83604267208534
 10
75.97307594615222
 20
18.50203200406395
  0
LWPOLYLINE
  5
41d
330
1F
100
AcDbEntity
  8
BottomLayer
100
AcDbPolyline
 90
5
 70
 0
 43
1 
 10
72.29105918211849
 20
20.406426212852466
 10
72.29105918211849
 20
24.470434340868678
 10
70.64005588011196
 20
26.12143764287532
 10
70.64005588011196
 20
30.060045720091466
 10
72.41706883413781
 20
31.837058674117316
 10
74.06807213614456
 20
31.837058674117316
  0
LWPOLYLINE
  5
41e
330
1F
100
AcDbEntity
  8
BottomLayer
100
AcDbPolyline
 90
8
 70
 0
 43
1 
 10
50.28453136906296
 20
25.402590805181603
 10
50.28453136906296
 20
17.647955295910606
 10
55.14551689103382
 20
12.787020574041094
 10
66.57505715011462
 20
12.787020574041094
 10
68.0990601981207
 20
14.311023622047287
 10
80.16408432816888
 20
14.311023622047287
 10
85.37045974091961
 20
19.517424434848863
 10
114.00045720091452
 20
19.517424434848863
 10
117.38630937261883
 20
16.131572263144562
  0
LWPOLYLINE
  5
41f
330
1F
100
AcDbEntity
  8
BottomLayer
100
AcDbPolyline
 90
10
 70
 0
 43
1 
 10
95.91310642621306
 20
14.945415290830624
 10
94.0766827533655
 20
16.781838963677956
 10
85.55588011176042
 20
16.781838963677956
 10
81.18008636017294
 20
12.40601981203963
 10
68.9880619761243
 20
12.40601981203963
 10
67.46342392684801
 20
10.881407162814298
 10
37.74699009398046
 20
10.881407162814298
 10
33.55598171196357
 20
15.072415544831074
 10
33.55598171196357
 20
34.12499364998723
 10
37.61488442976906
 20
38.18646177292362
 10
38.12799085598181
 20
38.18646177292362
  0
LWPOLYLINE
  5
420
330
1F
100
AcDbEntity
  8
BottomLayer
100
AcDbPolyline
 90
1
 70
 0
 43
1 
 10
69.75006350012723
 20
20.40690881381761
 10
69.75006350012723
 20
18.755905511810965
  0
LWPOLYLINE
  5
421
330
1F
100
AcDbEntity
  8
BottomLayer
100
AcDbPolyline
 90
2
 70
 0
 43
1 
 10
79.5290830581664
 20
8.331216662433349
 10
79.5290830581664
 20
9.611887223774374
 10
78.51308102616235
 20
10.627889255778427
  0
LWPOLYLINE
  5
422
330
1F
100
AcDbEntity
  8
BottomLayer
100
AcDbPolyline
 90
3
 70
 0
 43
1 
 10
45.7470154940313
 20
6.056007112014186
 10
74.70307340614704
 20
6.056007112014186
 10
75.84607569215154
 20
7.199009398018802
 10
75.84607569215154
 20
10.373888747777414
  0
LWPOLYLINE
  5
423
330
1F
100
AcDbEntity
  8
BottomLayer
100
AcDbPolyline
 90
6
 70
 0
 43
1 
 10
38.12700025400068
 20
50.88709677419354
 10
35.20599441198897
 20
50.88709677419354
 10
24.283972567945284
 20
39.965074930149854
 10
24.283972567945284
 20
17.486029972059896
 10
31.268986537973205
 20
10.501016002031974
 10
31.268986537973205
 20
8.849885699771335
 10
34.062992125984465
 20
6.055880111760189
  0
LWPOLYLINE
  5
424
330
1F
100
AcDbEntity
  8
BottomLayer
100
AcDbPolyline
 90
6
 70
 0
 43
1 
 10
28.9829819659642
 20
8.341884683769308
 10
19.20495300990615
 20
18.11991363982736
 10
19.20495300990615
 20
49.23708407416814
 10
25.426974853950014
 20
55.459105918211776
 10
25.426974853950014
 20
59.77376174752351
 10
29.543307086614277
 20
63.89613919227838
 10
29.542824485649135
 20
64.60251460502923
  0
LWPOLYLINE
  5
425
330
1F
100
AcDbEntity
  8
BottomLayer
100
AcDbPolyline
 90
6
 70
 0
 43
1 
 10
95.91211582423193
 20
8.722885445770885
 10
91.21320802641617
 20
4.0240030480060796
 10
41.175006350012836
 20
4.0240030480060796
 10
31.522987045974332
 20
13.676022352044697
 10
31.522987045974332
 20
34.695935991872034
 10
37.55400050800131
 20
40.7269494538989
 10
38.12700025400068
 20
40.7269494538989
  0
LWPOLYLINE
  5
426
330
1F
100
AcDbEntity
  8
BottomLayer
100
AcDbPolyline
 90
4
 70
 0
 43
1 
 10
98.2775971551946
 20
12.623317246634542
 10
98.2775971551946
 20
7.726492252984485
 10
92.67012954025927
 20
2.1189992379984233
 10
27.712852425705023
 20
2.1189992379984233
 10
15.012954025908357
 20
14.818897637795203
  0
LWPOLYLINE
  5
427
330
1F
100
AcDbEntity
  8
BottomLayer
100
AcDbPolyline
 90
2
 70
 0
 43
1 
 10
71.90906781813578
 20
8.342138684277415
 10
69.87767335534681
 20
8.342138684277415
 10
69.75067310134637
 20
8.215138430276852
  0
LWPOLYLINE
  5
428
330
1F
100
AcDbEntity
  8
BottomLayer
100
AcDbPolyline
 90
1
 70
 0
 43
1 
 10
69.75067310134637
 20
8.215138430276852
 10
40.54000508001036
 20
8.215138430276852
  0
LWPOLYLINE
  5
429
330
1F
100
AcDbEntity
  8
BottomLayer
100
AcDbPolyline
 90
1
 70
 0
 43
1 
 10
50.31902463804954
 20
25.36004572009142
 10
40.24259588519203
 20
15.283566167132335
  0
LWPOLYLINE
  5
42a
330
1F
100
AcDbEntity
  8
BottomLayer
100
AcDbPolyline
 90
2
 70
 0
 43
1 
 10
103.53213106426233
 20
14.945897891795767
 10
107.08813817627652
 20
14.945897891795767
 10
107.34213868427764
 20
15.19989839979678
  0
LWPOLYLINE
  5
42b
330
1F
100
AcDbEntity
  8
BottomLayer
100
AcDbPolyline
 90
2
 70
 0
 43
1 
 10
103.53213106426233
 20
8.722885445770885
 10
107.34213868427764
 20
8.722885445770885
 10
107.46913893827809
 20
8.849885699771335
  0
LWPOLYLINE
  5
42c
330
1F
100
AcDbEntity
  8
BottomLayer
100
AcDbPolyline
 90
2
 70
 0
 43
1 
 10
88.5191770383542
 20
56.768859537719095
 10
88.5191770383542
 20
48.7008128016256
 10
88.29232918465868
 20
48.47396494792986
  0
LWPOLYLINE
  5
42d
330
1F
100
AcDbEntity
  8
BottomLayer
100
AcDbPolyline
 90
1
 70
 0
 43
1 
 10
118.77216154432335
 20
35.141732283464535
 10
118.77216154432335
 20
31.582931165862306
  0
LWPOLYLINE
  5
42e
330
1F
100
AcDbEntity
  8
BottomLayer
100
AcDbPolyline
 90
2
 70
 0
 43
1 
 10
128.32915925831867
 20
17.612903225806463
 10
128.32915925831867
 20
15.750571501142986
 10
122.1905003810009
 20
9.611887223774374
  0
LWPOLYLINE
  5
42f
330
1F
100
AcDbEntity
  8
BottomLayer
100
AcDbPolyline
 90
2
 70
 0
 43
1 
 10
129.7261620523243
 20
26.344170688341364
 10
129.7261620523243
 20
19.009855219710403
 10
128.32915925831867
 20
17.612903225806463
  0
LWPOLYLINE
  5
430
330
1F
100
AcDbEntity
  8
BottomLayer
100
AcDbPolyline
 90
1
 70
 0
 43
1 
 10
129.4401828803659
 20
26.62992125984249
 10
129.72593345186715
 20
26.344170688341364
  0
LWPOLYLINE
  5
431
330
1F
100
AcDbEntity
  8
BottomLayer
100
AcDbPolyline
 90
2
 70
 0
 43
1 
 10
126.90017780035578
 20
26.632715265430534
 10
126.90017780035578
 20
30.31292862585724
 10
127.91617983235983
 20
31.328930657861292
  0
LWPOLYLINE
  5
432
330
1F
100
AcDbEntity
  8
BottomLayer
100
AcDbPolyline
 90
1
 70
 0
 43
1 
 10
17.55295910591849
 20
60.53898907797816
 10
17.55295910591849
 20
64.60299720599437
  0
LWPOLYLINE
  5
433
330
1F
100
AcDbEntity
  8
BottomLayer
100
AcDbPolyline
 90
1
 70
 0
 43
1 
 10
38.12700025400068
 20
61.046990093980185
 10
36.0464820929642
 20
61.046990093980185
  0
LWPOLYLINE
  5
434
330
1F
100
AcDbEntity
  8
BottomLayer
100
AcDbPolyline
 90
1
 70
 0
 43
1 
 10
36.0464820929642
 20
61.046990093980185
 10
35.806375412751095
 20
61.046990093980185
  0
LWPOLYLINE
  5
435
330
1F
100
AcDbEntity
  8
BottomLayer
100
AcDbPolyline
 90
2
 70
 0
 43
1 
 10
35.806375412751095
 20
61.046990093980185
 10
32.25036830073691
 20
64.60299720599437
 10
17.55295910591849
 20
64.60299720599437
  0
LWPOLYLINE
  5
436
330
1F
100
AcDbEntity
  8
BottomLayer
100
AcDbPolyline
 90
1
 70
 0
 43
1 
 10
76.98930657861342
 20
48.72796545593087
 10
76.98930657861342
 20
46.20980441960887
  0
LWPOLYLINE
  5
437
330
1F
100
AcDbEntity
  8
BottomLayer
100
AcDbPolyline
 90
1
 70
 0
 43
1 
 10
63.52705105410246
 20
45.80695961391916
 10
63.932105664211576
 20
45.80695961391916
  0
LWPOLYLINE
  5
438
330
1F
100
AcDbEntity
  8
BottomLayer
100
AcDbPolyline
 90
1
 70
 0
 43
1 
 10
63.932105664211576
 20
45.80695961391916
 10
65.60754381508787
 20
45.80695961391916
  0
LWPOLYLINE
  5
439
330
1F
100
AcDbEntity
  8
BottomLayer
100
AcDbPolyline
 90
2
 70
 0
 43
1 
 10
76.98930657861342
 20
46.20980441960887
 10
76.58648717297456
 20
45.80695961391916
 10
65.60754381508787
 20
45.80695961391916
  0
LWPOLYLINE
  5
43a
330
1F
100
AcDbEntity
  8
BottomLayer
100
AcDbPolyline
 90
1
 70
 0
 43
1 
 10
124.4871729743461
 20
26.34523749047503
 10
124.4871729743461
 20
26.62992125984249
  0
LWPOLYLINE
  5
43b
330
1F
100
AcDbEntity
  8
BottomLayer
100
AcDbPolyline
 90
3
 70
 0
 43
1 
 10
116.35915671831367
 20
35.13893827787649
 10
116.35915671831367
 20
30.81150622301243
 10
120.54071628143265
 20
26.62992125984249
 10
124.4871729743461
 20
26.62992125984249
  0
LWPOLYLINE
  5
43c
330
1F
100
AcDbEntity
  8
BottomLayer
100
AcDbPolyline
 90
2
 70
 0
 43
1 
 10
76.98930657861342
 20
46.20980441960887
 10
93.64818389636798
 20
46.20980441960887
 10
95.91234442468908
 20
48.47396494792986
  0
LWPOLYLINE
  5
43d
330
1F
100
AcDbEntity
  8
BottomLayer
100
AcDbPolyline
 90
1
 70
 0
 43
1 
 10
124.4871729743461
 20
26.34523749047503
 10
124.4871729743461
 20
25.189027178054403
  0
LWPOLYLINE
  5
43e
330
1F
100
AcDbEntity
  8
BottomLayer
100
AcDbPolyline
 90
1
 70
 0
 43
1 
 10
124.4871729743461
 20
25.189027178054403
 10
124.4871729743461
 20
24.4295656591313
  0
LWPOLYLINE
  5
43f
330
1F
100
AcDbEntity
  8
BottomLayer
100
AcDbPolyline
 90
2
 70
 0
 43
1 
 10
107.99634239268494
 20
12.623317246634542
 10
110.00914401828823
 20
10.610668021336096
 10
110.00914401828823
 20
8.849885699771335
  0
LWPOLYLINE
  5
440
330
1F
100
AcDbEntity
  8
BottomLayer
100
AcDbPolyline
 90
2
 70
 0
 43
1 
 10
109.88214376428778
 20
15.19989839979678
 10
109.88214376428778
 20
14.509042418084732
 10
107.99634239268494
 20
12.623317246634542
  0
LWPOLYLINE
  5
441
330
1F
100
AcDbEntity
  8
BottomLayer
100
AcDbPolyline
 90
1
 70
 0
 43
1 
 10
107.99634239268494
 20
12.623317246634542
 10
98.2775971551946
 20
12.623317246634542
  0
LWPOLYLINE
  5
442
330
1F
100
AcDbEntity
  8
BottomLayer
100
AcDbPolyline
 90
3
 70
 0
 43
1 
 10
98.2775971551946
 20
12.623317246634542
 10
91.38275336550691
 20
12.623317246634542
 10
89.18717297434591
 20
14.818897637795203
 10
87.78409956819928
 20
14.818897637795203
  0
LWPOLYLINE
  5
443
330
1F
100
AcDbEntity
  8
BottomLayer
100
AcDbPolyline
 90
1
 70
 0
 43
1 
 10
3.836931673863546
 20
3.642875285750506
 10
15.012954025908357
 20
14.818897637795203
  0
LWPOLYLINE
  5
444
330
1F
100
AcDbEntity
  8
BottomLayer
100
AcDbPolyline
 90
1
 70
 0
 43
1 
 10
15.012954025908357
 20
14.818897637795203
 10
15.012954025908357
 20
60.53898907797816
  0
LWPOLYLINE
  5
445
330
1F
100
AcDbEntity
  8
BottomLayer
100
AcDbPolyline
 90
2
 70
 0
 43
1 
 10
15.012954025908357
 20
60.53898907797816
 10
14.88595377190768
 20
60.66598933197861
 10
14.88595377190768
 20
64.60299720599437
  0
LWPOLYLINE
  5
446
330
1F
100
AcDbEntity
  8
BottomLayer
100
AcDbPolyline
 90
2
 70
 0
 43
1 
 10
14.88595377190768
 20
64.60299720599437
 10
6.503937007874356
 20
64.60299720599437
 10
3.7099314198630964
 20
67.39700279400552
  0
LWPOLYLINE
  5
447
330
1F
100
AcDbEntity
  8
BottomLayer
100
AcDbPolyline
 90
2
 70
 0
 43
1 
 10
82.0959867919737
 20
61.89588519177039
 10
88.39217678435375
 20
61.89588519177039
 10
88.5191770383542
 20
61.76888493776994
  0
LWPOLYLINE
  5
448
330
1F
100
AcDbEntity
  8
BottomLayer
100
AcDbPolyline
 90
1
 70
 0
 43
1 
 10
88.5191770383542
 20
61.76888493776994
 10
101.01902463804936
 20
61.76888493776994
  0
LWPOLYLINE
  5
449
330
1F
100
AcDbEntity
  8
BottomLayer
100
AcDbPolyline
 90
1
 70
 0
 43
1 
 10
38.12700025400068
 20
15.32689865379723
 10
40.207493014986085
 20
15.32689865379723
  0
LWPOLYLINE
  5
44a
330
1F
100
AcDbEntity
  8
BottomLayer
100
AcDbPolyline
 90
1
 70
 0
 43
1 
 10
69.59613919227854
 20
61.89588519177039
 10
82.0959867919737
 20
61.89588519177039
  0
LWPOLYLINE
  5
44b
330
1F
100
AcDbEntity
  8
BottomLayer
100
AcDbPolyline
 90
2
 70
 0
 43
1 
 10
119.62915925831862
 20
17.612903225806463
 10
118.8671577343157
 20
17.612903225806463
 10
117.38580137160284
 20
16.131572263144562
  0
LWPOLYLINE
  5
44c
330
1F
100
AcDbEntity
  8
BottomLayer
100
AcDbPolyline
 90
2
 70
 0
 43
1 
 10
117.38580137160284
 20
16.131572263144562
 10
114.59179578359158
 20
13.337566675133303
 10
114.59179578359158
 20
9.611887223774374
  0
LWPOLYLINE
  5
44d
330
1F
100
AcDbEntity
  8
BottomLayer
100
AcDbPolyline
 90
2
 70
 0
 43
1 
 10
69.59613919227854
 20
56.895859791719545
 10
69.36929133858303
 20
56.66908813817622
 10
69.36929133858303
 20
48.72796545593087
  0
LWPOLYLINE
  5
44e
330
1F
100
AcDbEntity
  8
TopSilkLayer
100
AcDbPolyline
 90
1
 70
 0
 43
0.25400050800101603 
 10
94.64211328422675
 20
48.474091948183855
 10
94.89611379222788
 20
48.474091948183855
  0
LWPOLYLINE
  5
44f
330
1F
100
AcDbEntity
  8
TopSilkLayer
100
AcDbPolyline
 90
1
 70
 0
 43
0.25400050800101603 
 10
89.56210312420649
 20
48.474091948183855
 10
89.30810261620559
 20
48.474091948183855
  0
LWPOLYLINE
  5
450
330
1F
100
AcDbEntity
  8
TopSilkLayer
100
AcDbPolyline
 90
1
 70
 0
 43
0.25400050800101603 
 10
94.64211328422675
 20
48.474091948183855
 10
94.64211328422675
 20
47.712090424180815
  0
LWPOLYLINE
  5
451
330
1F
100
AcDbEntity
  8
TopSilkLayer
100
AcDbPolyline
 90
1
 70
 0
 43
0.25400050800101603 
 10
94.64211328422675
 20
49.236093472186894
 10
94.64211328422675
 20
48.474091948183855
  0
LWPOLYLINE
  5
452
330
1F
100
AcDbEntity
  8
TopSilkLayer
100
AcDbPolyline
 90
1
 70
 0
 43
0.25400050800101603 
 10
89.56210312420649
 20
49.236093472186894
 10
94.64211328422675
 20
49.236093472186894
  0
LWPOLYLINE
  5
453
330
1F
100
AcDbEntity
  8
TopSilkLayer
100
AcDbPolyline
 90
1
 70
 0
 43
0.25400050800101603 
 10
89.56210312420649
 20
48.474091948183855
 10
89.56210312420649
 20
49.236093472186894
  0
LWPOLYLINE
  5
454
330
1F
100
AcDbEntity
  8
TopSilkLayer
100
AcDbPolyline
 90
1
 70
 0
 43
0.25400050800101603 
 10
89.56210312420649
 20
47.712090424180815
 10
89.56210312420649
 20
48.474091948183855
  0
LWPOLYLINE
  5
455
330
1F
100
AcDbEntity
  8
TopSilkLayer
100
AcDbPolyline
 90
1
 70
 0
 43
0.25400050800101603 
 10
94.64211328422675
 20
47.712090424180815
 10
89.56210312420649
 20
47.712090424180815
  0
LWPOLYLINE
  5
456
330
1F
100
AcDbEntity
  8
TopSilkLayer
100
AcDbPolyline
 90
2
 70
 0
 43
0.15240030480060962 
 10
3.51612903225805
 20
3.7303022606045033
 10
2.2461264922530972
 20
5.00030480060957
 10
2.2461264922530972
 20
5.01445262890536
  0
LWPOLYLINE
  5
457
330
1F
100
AcDbEntity
  8
TopSilkLayer
100
AcDbPolyline
 90
1
 70
 0
 43
0.15240030480060962 
 10
3.51612903225805
 20
3.642875285750506
 10
4.873075946152085
 20
2.285928371856812
  0
LWPOLYLINE
  5
458
330
1F
100
AcDbEntity
  8
TopSilkLayer
100
AcDbPolyline
 90
4
 70
 0
 43
0.15240030480060962 
 10
2.1445516891035368
 20
2.322098044196082
 10
2.195326390652781
 20
2.322098044196082
 10
3.51612903225805
 20
3.642875285750506
 10
4.8369824739650085
 20
4.963677927355889
 10
4.88775717551448
 20
4.963677927355889
  0
LWPOLYLINE
  5
459
330
1F
100
AcDbEntity
  8
TopSilkLayer
100
AcDbPolyline
 90
2
 70
 0
 43
0.15240030480060962 
 10
3.51612903225805
 20
67.69728219456442
 10
2.2461264922530972
 20
68.96728473456949
 10
2.2461264922530972
 20
68.98143256286517
  0
LWPOLYLINE
  5
45a
330
1F
100
AcDbEntity
  8
TopSilkLayer
100
AcDbPolyline
 90
1
 70
 0
 43
0.15240030480060962 
 10
3.51612903225805
 20
67.60985521971043
 10
4.873075946152085
 20
66.25290830581662
  0
LWPOLYLINE
  5
45b
330
1F
100
AcDbEntity
  8
TopSilkLayer
100
AcDbPolyline
 90
4
 70
 0
 43
0.15240030480060962 
 10
2.1445516891035368
 20
66.289077978156
 10
2.195326390652781
 20
66.289077978156
 10
3.51612903225805
 20
67.60985521971043
 10
4.8369824739650085
 20
68.9306578613157
 10
4.88775717551448
 20
68.9306578613157
  0
LWPOLYLINE
  5
45c
330
1F
100
AcDbEntity
  8
TopSilkLayer
100
AcDbPolyline
 90
2
 70
 0
 43
0.15240030480060962 
 10
130.20218440436906
 20
67.6975361950723
 10
128.93218186436388
 20
68.96753873507748
 10
128.93218186436388
 20
68.98168656337316
  0
LWPOLYLINE
  5
45d
330
1F
100
AcDbEntity
  8
TopSilkLayer
100
AcDbPolyline
 90
1
 70
 0
 43
0.15240030480060962 
 10
130.20218440436906
 20
67.61010922021842
 10
131.55913131826264
 20
66.25316230632461
  0
LWPOLYLINE
  5
45e
330
1F
100
AcDbEntity
  8
TopSilkLayer
100
AcDbPolyline
 90
4
 70
 0
 43
0.15240030480060962 
 10
128.83060706121432
 20
66.289331978664
 10
128.88138176276357
 20
66.289331978664
 10
130.20218440436906
 20
67.61010922021842
 10
131.5230378460758
 20
68.9309118618238
 10
131.57381254762527
 20
68.9309118618238
  0
LWPOLYLINE
  5
45f
330
1F
100
AcDbEntity
  8
TopSilkLayer
100
AcDbPolyline
 90
2
 70
 0
 43
0.15240030480060962 
 10
130.20218440436906
 20
3.7303022606045033
 10
128.93218186436388
 20
5.00030480060957
 10
128.93218186436388
 20
5.01445262890536
  0
LWPOLYLINE
  5
460
330
1F
100
AcDbEntity
  8
TopSilkLayer
100
AcDbPolyline
 90
1
 70
 0
 43
0.15240030480060962 
 10
130.20218440436906
 20
3.642875285750506
 10
131.55913131826264
 20
2.285928371856812
  0
LWPOLYLINE
  5
461
330
1F
100
AcDbEntity
  8
TopSilkLayer
100
AcDbPolyline
 90
4
 70
 0
 43
0.15240030480060962 
 10
128.83060706121432
 20
2.322098044196082
 10
128.88138176276357
 20
2.322098044196082
 10
130.20218440436906
 20
3.642875285750506
 10
131.5230378460758
 20
4.963677927355889
 10
131.57381254762527
 20
4.963677927355889
  0
LWPOLYLINE
  5
462
330
1F
100
AcDbEntity
  8
TopSilkLayer
100
AcDbPolyline
 90
4
 70
 1
 43
0.12700025400050802 
 10
36.877063754127676
 20
14.037211074422203
 10
36.877063754127676
 20
68.43726187452376
 10
64.77698755397523
 20
68.43726187452376
 10
64.77698755397523
 20
14.037211074422203
 10
36.877063754127676
 20
14.037211074422203
  0
LWPOLYLINE
  5
463
330
1F
100
AcDbEntity
  8
TopSilkLayer
100
AcDbPolyline
 90
20
 70
 0
 43
0.15011430022860048 
 10
44.47701295402612
 20
62.877190754381445
 10
44.47701295402612
 20
67.95720091440182
 10
45.7470154940313
 20
67.95720091440182
 10
45.7470154940313
 20
64.14719329438651
 10
47.017018034036255
 20
64.14719329438651
 10
47.017018034036255
 20
67.95720091440182
 10
48.287020574041435
 20
67.95720091440182
 10
48.287020574041435
 20
64.14719329438651
 10
49.55702311404639
 20
64.14719329438651
 10
49.55702311404639
 20
67.95720091440182
 10
50.82702565405157
 20
67.95720091440182
 10
50.82702565405157
 20
64.14719329438651
 10
52.09702819405652
 20
64.14719329438651
 10
52.09702819405652
 20
67.95720091440182
 10
53.3670307340617
 20
67.95720091440182
 10
53.3670307340617
 20
64.14719329438651
 10
54.63703327406688
 20
64.14719329438651
 10
54.63703327406688
 20
67.95720091440182
 10
55.90703581407183
 20
67.95720091440182
 10
55.90703581407183
 20
64.14719329438651
 10
58.447040894081965
 20
64.14719329438651
  0
LWPOLYLINE
  5
464
330
1F
100
AcDbEntity
  8
TopSilkLayer
100
AcDbPolyline
 90
1
 70
 0
 43
0.15011430022860048 
 10
64.79705359410741
 20
62.31711963423925
 10
36.856997713995725
 20
62.31711963423925
  0
LWPOLYLINE
  5
465
330
1F
100
AcDbEntity
  8
TopSilkLayer
100
AcDbPolyline
 90
4
 70
 1
 43
0.25400050800101603 
 10
36.856997713995725
 20
62.31711963423925
 10
39.39700279400586
 20
62.31711963423925
 10
39.39700279400586
 20
13.910972821945734
 10
36.856997713995725
 20
13.910972821945734
 10
36.856997713995725
 20
62.31711963423925
  0
LWPOLYLINE
  5
466
330
1F
100
AcDbEntity
  8
TopSilkLayer
100
AcDbPolyline
 90
4
 70
 1
 43
0.05080010160020321 
 10
62.25704851409728
 20
62.31711963423925
 10
64.79705359410741
 20
62.31711963423925
 10
64.79705359410741
 20
13.910972821945734
 10
62.25704851409728
 20
13.910972821945734
 10
62.25704851409728
 20
62.31711963423925
  0
LWPOLYLINE
  5
467
330
1F
100
AcDbEntity
  8
Document
100
AcDbPolyline
 90
4
 70
 1
 43
0.12700025400050802 
 10
36.877063754127676
 20
68.43726187452376
 10
64.77698755397523
 20
68.43726187452376
 10
64.77698755397523
 20
14.037211074422203
 10
36.877063754127676
 20
14.037211074422203
 10
36.877063754127676
 20
68.43726187452376
  0
LWPOLYLINE
  5
468
330
1F
100
AcDbEntity
  8
Document
100
AcDbPolyline
 90
4
 70
 1
 43
0.05003810007620016 
 10
36.627127254254674
 20
68.68719837439676
 10
65.02692405384823
 20
68.68719837439676
 10
65.02692405384823
 20
13.787274574549201
 10
36.627127254254674
 20
13.787274574549201
 10
36.627127254254674
 20
68.68719837439676
  0
LWPOLYLINE
  5
469
330
1F
100
AcDbEntity
  8
TopSilkLayer
100
AcDbPolyline
 90
1
 70
 0
 43
0.25400050800101603 
 10
110.42062484124995
 20
7.580010160020265
 10
110.42595885191781
 20
10.127889255778541
  0
LWPOLYLINE
  5
46a
330
1F
100
AcDbEntity
  8
TopSilkLayer
100
AcDbPolyline
 90
1
 70
 0
 43
0.25400050800101603 
 10
110.2936245872495
 20
13.93002286004571
 10
110.29895859791736
 20
16.477901955803873
  0
LWPOLYLINE
  5
46b
330
1F
100
AcDbEntity
  8
TopSilkLayer
100
AcDbPolyline
 90
1
 70
 0
 43
0.25400050800101603 
 10
73.17907035814096
 20
8.342011684023305
 10
72.92506985013983
 20
8.342011684023305
  0
LWPOLYLINE
  5
46c
330
1F
100
AcDbEntity
  8
TopSilkLayer
100
AcDbPolyline
 90
1
 70
 0
 43
0.25400050800101603 
 10
78.25908051816123
 20
8.342011684023305
 10
78.51308102616235
 20
8.342011684023305
  0
LWPOLYLINE
  5
46d
330
1F
100
AcDbEntity
  8
TopSilkLayer
100
AcDbPolyline
 90
1
 70
 0
 43
0.25400050800101603 
 10
73.17907035814096
 20
8.342011684023305
 10
73.17907035814096
 20
9.104013208026458
  0
LWPOLYLINE
  5
46e
330
1F
100
AcDbEntity
  8
TopSilkLayer
100
AcDbPolyline
 90
1
 70
 0
 43
0.25400050800101603 
 10
73.17907035814096
 20
7.580010160020265
 10
73.17907035814096
 20
8.342011684023305
  0
LWPOLYLINE
  5
46f
330
1F
100
AcDbEntity
  8
TopSilkLayer
100
AcDbPolyline
 90
1
 70
 0
 43
0.25400050800101603 
 10
78.25908051816123
 20
7.580010160020265
 10
73.17907035814096
 20
7.580010160020265
  0
LWPOLYLINE
  5
470
330
1F
100
AcDbEntity
  8
TopSilkLayer
100
AcDbPolyline
 90
1
 70
 0
 43
0.25400050800101603 
 10
78.25908051816123
 20
8.342011684023305
 10
78.25908051816123
 20
7.580010160020265
  0
LWPOLYLINE
  5
471
330
1F
100
AcDbEntity
  8
TopSilkLayer
100
AcDbPolyline
 90
1
 70
 0
 43
0.25400050800101603 
 10
78.25908051816123
 20
9.104013208026458
 10
78.25908051816123
 20
8.342011684023305
  0
LWPOLYLINE
  5
472
330
1F
100
AcDbEntity
  8
TopSilkLayer
100
AcDbPolyline
 90
1
 70
 0
 43
0.25400050800101603 
 10
73.17907035814096
 20
9.104013208026458
 10
78.25908051816123
 20
9.104013208026458
  0
LWPOLYLINE
  5
473
330
1F
100
AcDbEntity
  8
TopSilkLayer
100
AcDbPolyline
 90
1
 70
 0
 43
0.25400050800101603 
 10
118.77216154432335
 20
25.23304546609097
 10
118.77216154432335
 20
24.979044958089958
  0
LWPOLYLINE
  5
474
330
1F
100
AcDbEntity
  8
TopSilkLayer
100
AcDbPolyline
 90
1
 70
 0
 43
0.25400050800101603 
 10
118.77216154432335
 20
30.313055626111236
 10
118.77216154432335
 20
30.56705613411225
  0
LWPOLYLINE
  5
475
330
1F
100
AcDbEntity
  8
TopSilkLayer
100
AcDbPolyline
 90
1
 70
 0
 43
0.25400050800101603 
 10
118.77216154432335
 20
25.23304546609097
 10
118.0101600203202
 20
25.23304546609097
  0
LWPOLYLINE
  5
476
330
1F
100
AcDbEntity
  8
TopSilkLayer
100
AcDbPolyline
 90
1
 70
 0
 43
0.25400050800101603 
 10
119.53416306832628
 20
25.23304546609097
 10
118.77216154432335
 20
25.23304546609097
  0
LWPOLYLINE
  5
477
330
1F
100
AcDbEntity
  8
TopSilkLayer
100
AcDbPolyline
 90
1
 70
 0
 43
0.25400050800101603 
 10
119.53416306832628
 20
30.313055626111236
 10
119.53416306832628
 20
25.23304546609097
  0
LWPOLYLINE
  5
478
330
1F
100
AcDbEntity
  8
TopSilkLayer
100
AcDbPolyline
 90
1
 70
 0
 43
0.25400050800101603 
 10
118.77216154432335
 20
30.313055626111236
 10
119.53416306832628
 20
30.313055626111236
  0
LWPOLYLINE
  5
479
330
1F
100
AcDbEntity
  8
TopSilkLayer
100
AcDbPolyline
 90
1
 70
 0
 43
0.25400050800101603 
 10
118.0101600203202
 20
30.313055626111236
 10
118.77216154432335
 20
30.313055626111236
  0
LWPOLYLINE
  5
47a
330
1F
100
AcDbEntity
  8
TopSilkLayer
100
AcDbPolyline
 90
1
 70
 0
 43
0.25400050800101603 
 10
118.0101600203202
 20
25.23304546609097
 10
118.0101600203202
 20
30.313055626111236
  0
LWPOLYLINE
  5
47b
330
1F
100
AcDbEntity
  8
TopSilkLayer
100
AcDbPolyline
 90
1
 70
 0
 43
0.25400050800101603 
 10
75.7190754381511
 20
48.72809245618487
 10
75.97307594615222
 20
48.72809245618487
  0
LWPOLYLINE
  5
47c
330
1F
100
AcDbEntity
  8
TopSilkLayer
100
AcDbPolyline
 90
1
 70
 0
 43
0.25400050800101603 
 10
70.63906527813083
 20
48.72809245618487
 10
70.3850647701297
 20
48.72809245618487
  0
LWPOLYLINE
  5
47d
330
1F
100
AcDbEntity
  8
TopSilkLayer
100
AcDbPolyline
 90
1
 70
 0
 43
0.25400050800101603 
 10
75.7190754381511
 20
48.72809245618487
 10
75.7190754381511
 20
47.96609093218183
  0
LWPOLYLINE
  5
47e
330
1F
100
AcDbEntity
  8
TopSilkLayer
100
AcDbPolyline
 90
1
 70
 0
 43
0.25400050800101603 
 10
75.7190754381511
 20
49.49009398018791
 10
75.7190754381511
 20
48.72809245618487
  0
LWPOLYLINE
  5
47f
330
1F
100
AcDbEntity
  8
TopSilkLayer
100
AcDbPolyline
 90
1
 70
 0
 43
0.25400050800101603 
 10
70.63906527813083
 20
49.49009398018791
 10
75.7190754381511
 20
49.49009398018791
  0
LWPOLYLINE
  5
480
330
1F
100
AcDbEntity
  8
TopSilkLayer
100
AcDbPolyline
 90
1
 70
 0
 43
0.25400050800101603 
 10
70.63906527813083
 20
48.72809245618487
 10
70.63906527813083
 20
49.49009398018791
  0
LWPOLYLINE
  5
481
330
1F
100
AcDbEntity
  8
TopSilkLayer
100
AcDbPolyline
 90
1
 70
 0
 43
0.25400050800101603 
 10
70.63906527813083
 20
47.96609093218183
 10
70.63906527813083
 20
48.72809245618487
  0
LWPOLYLINE
  5
482
330
1F
100
AcDbEntity
  8
TopSilkLayer
100
AcDbPolyline
 90
1
 70
 0
 43
0.25400050800101603 
 10
75.7190754381511
 20
47.96609093218183
 10
70.63906527813083
 20
47.96609093218183
  0
LWPOLYLINE
  5
483
330
1F
100
AcDbEntity
  8
TopSilkLayer
100
AcDbPolyline
 90
1
 70
 0
 43
0.25400050800101603 
 10
127.91617983235983
 20
32.599060198120355
 10
127.91617983235983
 20
32.34505969011934
  0
LWPOLYLINE
  5
484
330
1F
100
AcDbEntity
  8
TopSilkLayer
100
AcDbPolyline
 90
1
 70
 0
 43
0.25400050800101603 
 10
127.91617983235983
 20
37.679070358140734
 10
127.91617983235983
 20
37.93307086614175
  0
LWPOLYLINE
  5
485
330
1F
100
AcDbEntity
  8
TopSilkLayer
100
AcDbPolyline
 90
1
 70
 0
 43
0.25400050800101603 
 10
127.91617983235983
 20
32.599060198120355
 10
127.1541783083569
 20
32.599060198120355
  0
LWPOLYLINE
  5
486
330
1F
100
AcDbEntity
  8
TopSilkLayer
100
AcDbPolyline
 90
1
 70
 0
 43
0.25400050800101603 
 10
128.67818135636298
 20
32.599060198120355
 10
127.91617983235983
 20
32.599060198120355
  0
LWPOLYLINE
  5
487
330
1F
100
AcDbEntity
  8
TopSilkLayer
100
AcDbPolyline
 90
1
 70
 0
 43
0.25400050800101603 
 10
128.67818135636298
 20
37.679070358140734
 10
128.67818135636298
 20
32.599060198120355
  0
LWPOLYLINE
  5
488
330
1F
100
AcDbEntity
  8
TopSilkLayer
100
AcDbPolyline
 90
1
 70
 0
 43
0.25400050800101603 
 10
127.91617983235983
 20
37.679070358140734
 10
128.67818135636298
 20
37.679070358140734
  0
LWPOLYLINE
  5
489
330
1F
100
AcDbEntity
  8
TopSilkLayer
100
AcDbPolyline
 90
1
 70
 0
 43
0.25400050800101603 
 10
127.1541783083569
 20
37.679070358140734
 10
127.91617983235983
 20
37.679070358140734
  0
LWPOLYLINE
  5
48a
330
1F
100
AcDbEntity
  8
TopSilkLayer
100
AcDbPolyline
 90
1
 70
 0
 43
0.25400050800101603 
 10
127.1541783083569
 20
32.599060198120355
 10
127.1541783083569
 20
37.679070358140734
  0
LWPOLYLINE
  5
48b
330
1F
100
AcDbEntity
  8
TopSilkLayer
100
AcDbPolyline
 90
1
 70
 0
 43
0.25400050800101603 
 10
102.26212852425738
 20
8.723012446024882
 10
102.51612903225828
 20
8.723012446024882
  0
LWPOLYLINE
  5
48c
330
1F
100
AcDbEntity
  8
TopSilkLayer
100
AcDbPolyline
 90
1
 70
 0
 43
0.25400050800101603 
 10
97.18211836423689
 20
8.723012446024882
 10
96.92811785623599
 20
8.723012446024882
  0
LWPOLYLINE
  5
48d
330
1F
100
AcDbEntity
  8
TopSilkLayer
100
AcDbPolyline
 90
1
 70
 0
 43
0.25400050800101603 
 10
102.26212852425738
 20
8.723012446024882
 10
102.26212852425738
 20
7.961010922021842
  0
LWPOLYLINE
  5
48e
330
1F
100
AcDbEntity
  8
TopSilkLayer
100
AcDbPolyline
 90
1
 70
 0
 43
0.25400050800101603 
 10
102.26212852425738
 20
9.485013970027921
 10
102.26212852425738
 20
8.723012446024882
  0
LWPOLYLINE
  5
48f
330
1F
100
AcDbEntity
  8
TopSilkLayer
100
AcDbPolyline
 90
1
 70
 0
 43
0.25400050800101603 
 10
97.18211836423689
 20
9.485013970027921
 10
102.26212852425738
 20
9.485013970027921
  0
LWPOLYLINE
  5
490
330
1F
100
AcDbEntity
  8
TopSilkLayer
100
AcDbPolyline
 90
1
 70
 0
 43
0.25400050800101603 
 10
97.18211836423689
 20
8.723012446024882
 10
97.18211836423689
 20
9.485013970027921
  0
LWPOLYLINE
  5
491
330
1F
100
AcDbEntity
  8
TopSilkLayer
100
AcDbPolyline
 90
1
 70
 0
 43
0.25400050800101603 
 10
97.18211836423689
 20
7.961010922021842
 10
97.18211836423689
 20
8.723012446024882
  0
LWPOLYLINE
  5
492
330
1F
100
AcDbEntity
  8
TopSilkLayer
100
AcDbPolyline
 90
1
 70
 0
 43
0.25400050800101603 
 10
102.26212852425738
 20
7.961010922021842
 10
97.18211836423689
 20
7.961010922021842
  0
LWPOLYLINE
  5
493
330
1F
100
AcDbEntity
  8
TopSilkLayer
100
AcDbPolyline
 90
1
 70
 0
 43
0.25400050800101603 
 10
102.26212852425738
 20
14.946024892049763
 10
102.51612903225828
 20
14.946024892049763
  0
LWPOLYLINE
  5
494
330
1F
100
AcDbEntity
  8
TopSilkLayer
100
AcDbPolyline
 90
1
 70
 0
 43
0.25400050800101603 
 10
97.18211836423689
 20
14.946024892049763
 10
96.92811785623599
 20
14.946024892049763
  0
LWPOLYLINE
  5
495
330
1F
100
AcDbEntity
  8
TopSilkLayer
100
AcDbPolyline
 90
1
 70
 0
 43
0.25400050800101603 
 10
102.26212852425738
 20
14.946024892049763
 10
102.26212852425738
 20
14.184023368046724
  0
LWPOLYLINE
  5
496
330
1F
100
AcDbEntity
  8
TopSilkLayer
100
AcDbPolyline
 90
1
 70
 0
 43
0.25400050800101603 
 10
102.26212852425738
 20
15.708026416052803
 10
102.26212852425738
 20
14.946024892049763
  0
LWPOLYLINE
  5
497
330
1F
100
AcDbEntity
  8
TopSilkLayer
100
AcDbPolyline
 90
1
 70
 0
 43
0.25400050800101603 
 10
97.18211836423689
 20
15.708026416052803
 10
102.26212852425738
 20
15.708026416052803
  0
LWPOLYLINE
  5
498
330
1F
100
AcDbEntity
  8
TopSilkLayer
100
AcDbPolyline
 90
1
 70
 0
 43
0.25400050800101603 
 10
97.18211836423689
 20
14.946024892049763
 10
97.18211836423689
 20
15.708026416052803
  0
LWPOLYLINE
  5
499
330
1F
100
AcDbEntity
  8
TopSilkLayer
100
AcDbPolyline
 90
1
 70
 0
 43
0.25400050800101603 
 10
97.18211836423689
 20
14.184023368046724
 10
97.18211836423689
 20
14.946024892049763
  0
LWPOLYLINE
  5
49a
330
1F
100
AcDbEntity
  8
TopSilkLayer
100
AcDbPolyline
 90
1
 70
 0
 43
0.25400050800101603 
 10
102.26212852425738
 20
14.184023368046724
 10
97.18211836423689
 20
14.184023368046724
  0
LWPOLYLINE
  5
49b
330
1F
100
AcDbEntity
  8
TopSilkLayer
100
AcDbPolyline
 90
1
 70
 0
 43
0.25400050800101603 
 10
88.4690881381764
 20
65.56921513843031
 10
101.06908813817654
 20
65.56924053848115
  0
LWPOLYLINE
  5
49c
330
1F
100
AcDbEntity
  8
TopSilkLayer
100
AcDbPolyline
 90
1
 70
 0
 43
0.25400050800101603 
 10
88.4690881381764
 20
52.969265938531976
 10
101.06908813817654
 20
52.96924053848113
  0
LWPOLYLINE
  5
49d
330
1F
100
AcDbEntity
  8
TopSilkLayer
100
AcDbPolyline
 90
1
 70
 0
 43
0.25400050800101603 
 10
88.4690881381764
 20
65.56921513843031
 10
88.4690881381764
 20
63.2895351790703
  0
LWPOLYLINE
  5
49e
330
1F
100
AcDbEntity
  8
TopSilkLayer
100
AcDbPolyline
 90
1
 70
 0
 43
0.25400050800101603 
 10
88.4690881381764
 20
60.32895605791214
 10
88.4690881381764
 20
58.209525019050034
  0
LWPOLYLINE
  5
49f
330
1F
100
AcDbEntity
  8
TopSilkLayer
100
AcDbPolyline
 90
1
 70
 0
 43
0.25400050800101603 
 10
88.4690881381764
 20
55.24894589789176
 10
88.4690881381764
 20
52.969265938531976
  0
LWPOLYLINE
  5
4a0
330
1F
100
AcDbEntity
  8
TopSilkLayer
100
AcDbPolyline
 90
1
 70
 0
 43
0.25400050800101603 
 10
101.06908813817654
 20
65.56924053848115
 10
101.06908813817654
 20
63.2895351790703
  0
LWPOLYLINE
  5
4a1
330
1F
100
AcDbEntity
  8
TopSilkLayer
100
AcDbPolyline
 90
1
 70
 0
 43
0.25400050800101603 
 10
101.06908813817654
 20
60.32895605791214
 10
101.06908813817654
 20
58.209525019050034
  0
LWPOLYLINE
  5
4a2
330
1F
100
AcDbEntity
  8
TopSilkLayer
100
AcDbPolyline
 90
1
 70
 0
 43
0.25400050800101603 
 10
101.06908813817654
 20
55.24894589789176
 10
101.06908813817654
 20
52.96924053848113
  0
LWPOLYLINE
  5
4a3
330
1F
100
AcDbEntity
  8
TopSilkLayer
100
AcDbPolyline
 90
1
 70
 0
 43
0.25400050800101603 
 10
69.54605029210074
 20
65.69621539243076
 10
82.14605029210088
 20
65.6962407924816
  0
LWPOLYLINE
  5
4a4
330
1F
100
AcDbEntity
  8
TopSilkLayer
100
AcDbPolyline
 90
1
 70
 0
 43
0.25400050800101603 
 10
69.54605029210074
 20
53.096266192532426
 10
82.14605029210088
 20
53.09624079248158
  0
LWPOLYLINE
  5
4a5
330
1F
100
AcDbEntity
  8
TopSilkLayer
100
AcDbPolyline
 90
1
 70
 0
 43
0.25400050800101603 
 10
69.54605029210074
 20
65.69621539243076
 10
69.54605029210074
 20
63.41653543307086
  0
LWPOLYLINE
  5
4a6
330
1F
100
AcDbEntity
  8
TopSilkLayer
100
AcDbPolyline
 90
1
 70
 0
 43
0.25400050800101603 
 10
69.54605029210074
 20
60.45595631191259
 10
69.54605029210074
 20
58.33652527305048
  0
LWPOLYLINE
  5
4a7
330
1F
100
AcDbEntity
  8
TopSilkLayer
100
AcDbPolyline
 90
1
 70
 0
 43
0.25400050800101603 
 10
69.54605029210074
 20
55.37594615189232
 10
69.54605029210074
 20
53.096266192532426
  0
LWPOLYLINE
  5
4a8
330
1F
100
AcDbEntity
  8
TopSilkLayer
100
AcDbPolyline
 90
1
 70
 0
 43
0.25400050800101603 
 10
82.14605029210088
 20
65.6962407924816
 10
82.14605029210088
 20
63.41653543307086
  0
LWPOLYLINE
  5
4a9
330
1F
100
AcDbEntity
  8
TopSilkLayer
100
AcDbPolyline
 90
1
 70
 0
 43
0.25400050800101603 
 10
82.14605029210088
 20
60.45595631191259
 10
82.14605029210088
 20
58.33652527305048
  0
LWPOLYLINE
  5
4aa
330
1F
100
AcDbEntity
  8
TopSilkLayer
100
AcDbPolyline
 90
1
 70
 0
 43
0.25400050800101603 
 10
82.14605029210088
 20
55.37594615189232
 10
82.14605029210088
 20
53.09624079248158
  0
LWPOLYLINE
  5
4ab
330
1F
100
AcDbEntity
  8
TopSilkLayer
100
AcDbPolyline
 90
4
 70
 0
 43
0.25400050800101603 
 10
91.28422656845328
 20
17.31838963677933
 10
85.4438404876812
 20
17.31838963677933
 10
85.43446786893605
 20
17.30901701803407
 10
85.43446786893605
 20
4.7090170180340465
 10
91.28422656845328
 20
4.7090170180340465
  0
LWPOLYLINE
  5
4ac
330
1F
100
AcDbEntity
  8
TopSilkLayer
100
AcDbPolyline
 90
3
 70
 0
 43
0.20320040640081283 
 10
91.28422656845328
 20
14.184023368046724
 10
89.68910337820694
 20
14.184023368046724
 10
89.68910337820694
 20
12.914020828041657
 10
91.28422656845328
 20
12.914020828041657
  0
LWPOLYLINE
  5
4ad
330
1F
100
AcDbEntity
  8
TopSilkLayer
100
AcDbPolyline
 90
3
 70
 0
 43
0.20320040640081283 
 10
91.28422656845328
 20
11.644018288036591
 10
89.68910337820694
 20
11.644018288036591
 10
89.68910337820694
 20
10.374015748031525
 10
91.28422656845328
 20
10.374015748031525
  0
LWPOLYLINE
  5
4ae
330
1F
100
AcDbEntity
  8
TopSilkLayer
100
AcDbPolyline
 90
3
 70
 0
 43
0.20320040640081283 
 10
91.28422656845328
 20
9.104013208026458
 10
89.68910337820694
 20
9.104013208026458
 10
89.68910337820694
 20
7.834010668021278
 10
91.28422656845328
 20
7.834010668021278
  0
LWPOLYLINE
  5
4af
330
1F
100
AcDbEntity
  8
TopSilkLayer
100
AcDbPolyline
 90
2
 70
 0
 43
0.20320040640081283 
 10
91.28422656845328
 20
4.699644399288786
 10
91.28422656845328
 20
14.819024638049314
 10
91.28422656845328
 20
17.31838963677933
  0
LWPOLYLINE
  5
4b0
330
1F
100
AcDbEntity
  8
TopSilkLayer
100
AcDbPolyline
 90
8
 70
 1
 43
0.25400050800101603 
 10
5.223774447548976
 20
61.97876555753112
 10
32.42214884429791
 20
61.97876555753112
 10
32.42214884429791
 20
34.178409956819905
 10
25.322834645669445
 20
34.178409956819905
 10
25.322834645669445
 20
37.92999745999498
 10
12.472948945898224
 20
37.92999745999498
 10
12.472948945898224
 20
34.178409956819905
 10
5.223774447548976
 20
34.178409956819905
 10
5.223774447548976
 20
61.97876555753112
  0
LWPOLYLINE
  5
4b1
330
1F
100
AcDbEntity
  8
TopSilkLayer
100
AcDbPolyline
 90
3
 70
 0
 43
0.25400050800101603 
 10
111.2791465582934
 20
59.31884683769363
 10
111.2791465582934
 20
60.56108712217417
 10
123.47117094234204
 20
60.56106172212344
 10
123.47117094234204
 20
59.31884683769363
  0
LWPOLYLINE
  5
4b2
330
1F
100
AcDbEntity
  8
TopSilkLayer
100
AcDbPolyline
 90
1
 70
 0
 43
0.25400050800101603 
 10
123.47117094234204
 20
48.00345440690887
 10
123.47117094234204
 20
44.96108712217426
  0
LWPOLYLINE
  5
4b3
330
1F
100
AcDbEntity
  8
TopSilkLayer
100
AcDbPolyline
 90
1
 70
 0
 43
0.25400050800101603 
 10
123.47117094234204
 20
44.96108712217426
 10
117.8620777241556
 20
44.96108712217426
  0
LWPOLYLINE
  5
4b4
330
1F
100
AcDbEntity
  8
TopSilkLayer
100
AcDbPolyline
 90
2
 70
 0
 43
0.25400050800101603 
 10
116.88823977647962
 20
44.96111252222511
 10
111.2791465582934
 20
44.96108712217426
 10
111.2791465582934
 20
48.003479806959604
  0
LWPOLYLINE
  5
4b5
330
1F
100
AcDbEntity
  8
TopSilkLayer
100
AcDbPolyline
 90
1
 70
 0
 43
0.25400050800101603 
 10
123.47117094234204
 20
58.20347980695965
 10
123.47117094234204
 20
49.118923037846116
  0
LWPOLYLINE
  5
4b6
330
1F
100
AcDbEntity
  8
TopSilkLayer
100
AcDbPolyline
 90
1
 70
 0
 43
0.25400050800101603 
 10
111.2791465582934
 20
49.118923037846116
 10
111.2791465582934
 20
58.20347980695965
  0
LWPOLYLINE
  5
4b7
330
1F
100
AcDbEntity
  8
TopSilkLayer
100
AcDbPolyline
 90
3
 70
 0
 43
0.25400050800101603 
 10
115.59715519431074
 20
69.88112776225557
 10
115.59715519431074
 20
69.18313436626875
 10
117.85389890779811
 20
69.18313436626875
 10
117.85389890779811
 20
69.88112776225557
  0
LWPOLYLINE
  5
4b8
330
1F
100
AcDbEntity
  8
TopSilkLayer
100
AcDbPolyline
 90
3
 70
 0
 43
0.25400050800101603 
 10
112.35115570231142
 20
69.88112776225557
 10
112.35115570231142
 20
69.18313436626875
 10
114.60789941579878
 20
69.18313436626875
 10
114.60789941579878
 20
69.88112776225557
  0
LWPOLYLINE
  5
4b9
330
1F
100
AcDbEntity
  8
TopSilkLayer
100
AcDbPolyline
 90
3
 70
 0
 43
0.25400050800101603 
 10
118.8991617983238
 20
69.88112776225557
 10
118.8991617983238
 20
69.18313436626875
 10
121.15590551181117
 20
69.18313436626875
 10
121.15590551181117
 20
69.88112776225557
  0
LWPOLYLINE
  5
4ba
330
1F
100
AcDbEntity
  8
TopSilkLayer
100
AcDbPolyline
 90
1
 70
 0
 43
0.25400050800101603 
 10
111.5331470662943
 20
68.54013208026413
 10
121.82016764033551
 20
68.54013208026413
  0
LWPOLYLINE
  5
4bb
330
1F
100
AcDbEntity
  8
TopSilkLayer
100
AcDbPolyline
 90
1
 70
 0
 43
0.25400050800101603 
 10
111.5331470662943
 20
64.2221234442469
 10
121.82016764033551
 20
64.2221234442469
  0
LWPOLYLINE
  5
4bc
330
1F
100
AcDbEntity
  8
TopSilkLayer
100
AcDbPolyline
 90
1
 70
 0
 43
0.25400050800101603 
 10
111.5331470662943
 20
63.3331216662433
 10
121.82016764033551
 20
63.3331216662433
  0
LWPOLYLINE
  5
4bd
330
1F
100
AcDbEntity
  8
TopSilkLayer
100
AcDbPolyline
 90
4
 70
 1
 43
0.25400050800101603 
 10
111.49009398018802
 20
69.90817881635758
 10
121.99022098044225
 20
69.90817881635758
 10
121.99022098044225
 20
62.50812801625602
 10
111.49009398018802
 20
62.50812801625602
 10
111.49009398018802
 20
69.90817881635758
  0
LWPOLYLINE
  5
4be
330
1F
100
AcDbEntity
  8
TopSilkLayer
100
AcDbPolyline
 90
4
 70
 1
 43
0.25400050800101603 
 10
72.41706883413781
 20
40.72707645415289
 10
104.92913385826796
 20
40.72707645415289
 10
104.92913385826796
 20
20.407035814071605
 10
72.41706883413781
 20
20.407035814071605
 10
72.41706883413781
 20
40.72707645415289
  0
LWPOLYLINE
  5
4bf
330
1F
100
AcDbEntity
  8
TopSilkLayer
100
AcDbPolyline
 90
26
 70
 1
 43
0.25400050800101603 
 10
72.79806959613938
 20
28.662052324104593
 10
72.79806959613938
 20
29.932054864109773
 10
73.43307086614209
 20
30.56705613411225
 10
72.79806959613938
 20
31.20205740411484
 10
72.79806959613938
 20
32.472059944119906
 10
73.43307086614209
 20
33.10706121412238
 10
72.79806959613938
 20
33.74206248412497
 10
72.79806959613938
 20
35.01206502413004
 10
73.43307086614209
 20
35.64706629413263
 10
74.70307340614704
 20
35.64706629413263
 10
75.33807467614952
 20
35.01206502413004
 10
75.33807467614952
 20
33.74206248412497
 10
74.70307340614704
 20
33.10706121412238
 10
75.33807467614952
 20
32.472059944119906
 10
75.33807467614952
 20
31.20205740411484
 10
74.70307340614704
 20
30.56705613411225
 10
75.33807467614952
 20
29.932054864109773
 10
75.33807467614952
 20
28.662052324104593
 10
74.70307340614704
 20
28.027051054102117
 10
75.33807467614952
 20
27.392049784099527
 10
75.33807467614952
 20
26.12204724409446
 10
74.70307340614704
 20
25.487045974091984
 10
73.43307086614209
 20
25.487045974091984
 10
72.79806959613938
 20
26.12204724409446
 10
72.79806959613938
 20
27.392049784099527
 10
73.43307086614209
 20
28.027051054102117
 10
72.79806959613938
 20
28.662052324104593
  0
LWPOLYLINE
  5
4c0
330
1F
100
AcDbEntity
  8
TopSilkLayer
100
AcDbPolyline
 90
1
 70
 0
 43
0.25400050800101603 
 10
121.37917195834416
 20
19.01303022606055
 10
126.57917195834398
 20
19.01303022606055
  0
LWPOLYLINE
  5
4c1
330
1F
100
AcDbEntity
  8
TopSilkLayer
100
AcDbPolyline
 90
1
 70
 0
 43
0.25400050800101603 
 10
126.57917195834398
 20
19.01303022606055
 10
126.57917195834398
 20
16.213030226060482
  0
LWPOLYLINE
  5
4c2
330
1F
100
AcDbEntity
  8
TopSilkLayer
100
AcDbPolyline
 90
1
 70
 0
 43
0.25400050800101603 
 10
121.37917195834416
 20
16.213030226060482
 10
126.57917195834398
 20
16.213030226060482
  0
LWPOLYLINE
  5
4c3
330
1F
100
AcDbEntity
  8
TopSilkLayer
100
AcDbPolyline
 90
1
 70
 0
 43
0.25400050800101603 
 10
121.37917195834416
 20
19.01303022606055
 10
121.37917195834416
 20
16.213030226060482
  0
LWPOLYLINE
  5
4c4
330
1F
100
AcDbEntity
  8
TopSilkLayer
100
AcDbPolyline
 90
1
 70
 0
 43
0.25400050800101603 
 10
122.33843027686066
 20
19.01303022606055
 10
122.33843027686066
 20
16.213030226060482
  0
LWPOLYLINE
  5
4c5
330
1F
100
AcDbEntity
  8
TopSilkLayer
100
AcDbPolyline
 90
1
 70
 0
 43
0.25400050800101603 
 10
114.90215900431826
 20
44.03208026416053
 10
120.10215900431808
 20
44.03208026416053
  0
LWPOLYLINE
  5
4c6
330
1F
100
AcDbEntity
  8
TopSilkLayer
100
AcDbPolyline
 90
1
 70
 0
 43
0.25400050800101603 
 10
120.10215900431808
 20
44.03208026416053
 10
120.10215900431808
 20
41.23208026416057
  0
LWPOLYLINE
  5
4c7
330
1F
100
AcDbEntity
  8
TopSilkLayer
100
AcDbPolyline
 90
1
 70
 0
 43
0.25400050800101603 
 10
114.90215900431826
 20
41.23208026416057
 10
120.10215900431808
 20
41.23208026416057
  0
LWPOLYLINE
  5
4c8
330
1F
100
AcDbEntity
  8
TopSilkLayer
100
AcDbPolyline
 90
1
 70
 0
 43
0.25400050800101603 
 10
114.90215900431826
 20
44.03208026416053
 10
114.90215900431826
 20
41.23208026416057
  0
LWPOLYLINE
  5
4c9
330
1F
100
AcDbEntity
  8
TopSilkLayer
100
AcDbPolyline
 90
1
 70
 0
 43
0.25400050800101603 
 10
115.86141732283477
 20
44.03208026416053
 10
115.86141732283477
 20
41.23208026416057
  0
LWPOLYLINE
  5
4ca
330
1F
100
AcDbEntity
  8
TopSilkLayer
100
AcDbPolyline
 90
1
 70
 0
 43
0.25400050800101603 
 10
128.88008636017298
 20
25.13291846583695
 10
124.92026924053857
 20
25.13291846583695
  0
LWPOLYLINE
  5
4cb
330
1F
100
AcDbEntity
  8
TopSilkLayer
100
AcDbPolyline
 90
1
 70
 0
 43
0.25400050800101603 
 10
120.75207010414033
 20
33.641935483871066
 10
116.79225298450592
 20
33.641935483871066
  0
LWPOLYLINE
  5
4cc
330
1F
100
AcDbEntity
  8
TopSilkLayer
100
AcDbPolyline
 90
4
 70
 1
 43
0.20066040132080268 
 10
73.55753111506237
 20
20.023495046990092
 10
68.47752095504211
 20
20.023495046990092
 10
68.47752095504211
 20
17.48348996697996
 10
73.55753111506237
 20
17.48348996697996
 10
73.55753111506237
 20
20.023495046990092
  0
ARC
  5
4cd
330
1F
100
AcDbEntity
  8
TopSilkLayer
100
AcDbCircle
 10
3.5161558538040936
 20
3.64055118110241
 30
0.0
 40
1.8999237998476
100
AcDbArc
 50
0.07008776915365486
 51
359.9299122308434
  0
ARC
  5
4ce
330
1F
100
AcDbEntity
  8
TopSilkLayer
100
AcDbCircle
 10
3.5161558538040936
 20
67.60753111506233
 30
0.0
 40
1.8999237998476
100
AcDbArc
 50
0.07008776915365486
 51
359.9299122308382
  0
ARC
  5
4cf
330
1F
100
AcDbEntity
  8
TopSilkLayer
100
AcDbCircle
 10
130.20221122591488
 20
67.60778511557021
 30
0.0
 40
1.8999237998476
100
AcDbArc
 50
0.07008776915365486
 51
359.9299122308434
  0
ARC
  5
4d0
330
1F
100
AcDbEntity
  8
TopSilkLayer
100
AcDbCircle
 10
130.20221122591488
 20
3.64055118110241
 30
0.0
 40
1.8999237998476
100
AcDbArc
 50
0.07008776915365486
 51
359.9299122308434
  0
ARC
  5
4d1
330
1F
100
AcDbEntity
  8
TopSilkLayer
100
AcDbCircle
 10
118.39055120072885
 20
9.61254258454062
 30
0.0
 40
7.112014224028449
100
AcDbArc
 50
359.99574342425535
 51
358.9727540996027
  0
ARC
  5
4d2
330
1F
100
AcDbEntity
  8
TopSilkLayer
100
AcDbCircle
 10
118.39052431801815
 20
9.611969519829927
 30
0.0
 40
1.606451612903226
100
AcDbArc
 50
341.56686675650127
 51
333.4372085322209
  0
ARC
  5
4d3
330
1F
100
AcDbEntity
  8
Document
100
AcDbCircle
 10
36.22710400740493
 20
61.18984835664821
 30
0.0
 40
0.13995427990855985
100
AcDbArc
 50
358.86305856653536
 51
356.36505337169393
  0
ARC
  5
4d4
330
1F
100
AcDbEntity
  8
Document
100
AcDbCircle
 10
36.22710400740493
 20
61.18984835664821
 30
0.0
 40
0.13995427990855985
100
AcDbArc
 50
358.86305856653536
 51
356.36505337169393
  0
ARC
  5
4d5
330
1F
100
AcDbEntity
  8
TopSilkLayer
100
AcDbCircle
 10
108.87351827654243
 20
8.847980695961269
 30
0.0
 40
2
100
AcDbArc
 50
39.32594833824426
 51
320.67405166175575
  0
ARC
  5
4d6
330
1F
100
AcDbEntity
  8
TopSilkLayer
100
AcDbCircle
 10
108.74651802254175
 20
15.197993395986714
 30
0.0
 40
2
100
AcDbArc
 50
39.32594833824426
 51
320.67405166175575
  0
ARC
  5
4d7
330
1F
100
AcDbEntity
  8
TopSilkLayer
100
AcDbCircle
 10
126.90017780035555
 20
26.630048594217214
 30
0.0
 40
2.4840233680467363
100
AcDbArc
 50
322.89949698528056
 51
217.1005030147194
  0
ARC
  5
4d8
330
1F
100
AcDbEntity
  8
TopSilkLayer
100
AcDbCircle
 10
118.77216154432313
 20
35.139065612251215
 30
0.0
 40
2.4840233680467363
100
AcDbArc
 50
322.89949698528056
 51
217.1005030147194
0
TEXT
5
c08
100
AcDbEntity
8
TopSilkLayer
7

461
1.143002286004572
100
AcDbText
10
92.10236220472439
20
47.20408940817879
30
0
40
1.143002286004572
1
R3
50
180
71
1
100
AcDbText
0
TEXT
5
c09
100
AcDbEntity
8
TopSilkLayer
7

461
1.143002286004572
100
AcDbText
10
3.51612903225805
20
5.801752603505292
30
0
40
1.143002286004572
1
SCREW1
50
0
71
1
100
AcDbText
0
TEXT
5
c0a
100
AcDbEntity
8
TopSilkLayer
7

461
1.143002286004572
100
AcDbText
10
3.51612903225805
20
69.7687325374651
30
0
40
1.143002286004572
1
SCREW2
50
0
71
1
100
AcDbText
0
TEXT
5
c0b
100
AcDbEntity
8
TopSilkLayer
7

461
1.143002286004572
100
AcDbText
10
130.20218440436906
20
69.76898653797309
30
0
40
1.143002286004572
1
SCREW3
50
0
71
1
100
AcDbText
0
TEXT
5
c0c
100
AcDbEntity
8
TopSilkLayer
7

461
1.143002286004572
100
AcDbText
10
130.20218440436906
20
5.801752603505292
30
0
40
1.143002286004572
1
SCREW4
50
0
71
1
100
AcDbText
0
TEXT
5
c0d
100
AcDbEntity
8
TopSilkLayer
7

461
1.143002286004572
100
AcDbText
10
118.25349250698514
20
17.232029464058883
30
0
40
1.143002286004572
1
BUZ1
50
0
71
1
100
AcDbText
0
TEXT
5
c0e
100
AcDbEntity
8
TopSilkLayer
7

461
1.143002286004572
100
AcDbText
10
50.31902463804954
20
68.97320294640588
30
0
40
1.143002286004572
1
H1
50
0
71
1
100
AcDbText
0
TEXT
5
c0f
100
AcDbEntity
8
TopSilkLayer
7

461
2.0320040640081283
100
AcDbText
10
50.57302514605044
20
20.66103632207262
30
0
40
2.0320040640081283
1
ESP-WROOM-32 38 PIN
50
90
71
1
100
AcDbText
0
TEXT
5
c10
100
AcDbEntity
8
TopSilkLayer
7

461
2.0320040640081283
100
AcDbText
10
53.393954787909706
20
33.06692913385825
30
0
40
2.0320040640081283
1
DEVKIT
50
90
71
1
100
AcDbText
0
TEXT
5
c11
100
AcDbEntity
8
TopSilkLayer
7

461
1.143002286004572
100
AcDbText
10
106.45313690627404
20
8.596012192024318
30
0
40
1.143002286004572
1
LED2
50
90
71
1
100
AcDbText
0
TEXT
5
c12
100
AcDbEntity
8
TopSilkLayer
7

461
1.143002286004572
100
AcDbText
10
106.32613665227359
20
14.946024892049763
30
0
40
1.143002286004572
1
LED3
50
90
71
1
100
AcDbText
0
TEXT
5
c13
100
AcDbEntity
8
TopSilkLayer
7

461
1.143002286004572
100
AcDbText
10
75.33807467614952
20
9.993014986029948
30
0
40
1.143002286004572
1
R1
50
0
71
1
100
AcDbText
0
TEXT
5
c14
100
AcDbEntity
8
TopSilkLayer
7

461
1.143002286004572
100
AcDbText
10
117.50215900431817
20
27.773050546101103
30
0
40
1.143002286004572
1
R2
50
90
71
1
100
AcDbText
0
TEXT
5
c15
100
AcDbEntity
8
TopSilkLayer
7

461
1.143002286004572
100
AcDbText
10
73.17932435864873
20
47.4580899161798
30
0
40
1.143002286004572
1
R4
50
180
71
1
100
AcDbText
0
TEXT
5
c16
100
AcDbEntity
8
TopSilkLayer
7

461
1.143002286004572
100
AcDbText
10
126.64643129286264
20
35.1390652781306
30
0
40
1.143002286004572
1
R5
50
90
71
1
100
AcDbText
0
TEXT
5
c17
100
AcDbEntity
8
TopSilkLayer
7

461
1.143002286004572
100
AcDbText
10
100.86512573025175
20
7.072009144018239
30
0
40
1.143002286004572
1
R6
50
180
71
1
100
AcDbText
0
TEXT
5
c18
100
AcDbEntity
8
TopSilkLayer
7

461
1.143002286004572
100
AcDbText
10
99.72212344424725
20
13.676022352044697
30
0
40
1.143002286004572
1
R7
50
180
71
1
100
AcDbText
0
TEXT
5
c19
100
AcDbEntity
8
TopSilkLayer
7

461
1.143002286004572
100
AcDbText
10
94.54203708407431
20
65.87312674625343
30
0
40
1.143002286004572
1
SW2
50
0
71
1
100
AcDbText
0
TEXT
5
c1a
100
AcDbEntity
8
TopSilkLayer
7

461
1.143002286004572
100
AcDbText
10
75.61899923799865
20
66.000127000254
30
0
40
1.143002286004572
1
SW3
50
0
71
1
100
AcDbText
0
TEXT
5
c1b
100
AcDbEntity
8
TopSilkLayer
7

461
1.143002286004572
100
AcDbText
10
84.85547371094754
20
10.889636779273587
30
0
40
1.143002286004572
1
U1
50
90
71
1
100
AcDbText
0
TEXT
5
c1c
100
AcDbEntity
8
TopSilkLayer
7

461
1.143002286004572
100
AcDbText
10
18.822961645923442
20
62.573152146304324
30
0
40
1.143002286004572
1
U3
50
0
71
1
100
AcDbText
0
TEXT
5
c1d
100
AcDbEntity
8
TopSilkLayer
7

461
1.143002286004572
100
AcDbText
10
110.89814579629183
20
52.6249682499365
30
0
40
1.143002286004572
1
U4
50
90
71
1
100
AcDbText
0
TEXT
5
c1e
100
AcDbEntity
8
TopSilkLayer
7

461
1.143002286004572
100
AcDbText
10
116.70027940055911
20
70.31788163576334
30
0
40
1.143002286004572
1
U5
50
0
71
1
100
AcDbText
0
TEXT
5
c1f
100
AcDbEntity
8
TopSilkLayer
7

461
1.27000254000508
100
AcDbText
10
91.21310642621302
20
30.059055118110223
30
0
40
1.27000254000508
1
&#96;SENSOR
50
0
71
1
100
AcDbText
0
TEXT
5
c20
100
AcDbEntity
8
TopSilkLayer
7

461
1.143002286004572
100
AcDbText
10
88.67310134620288
20
40.98107696215391
30
0
40
1.143002286004572
1
U6
50
0
71
1
100
AcDbText
0
TEXT
5
c21
100
AcDbEntity
8
TopSilkLayer
7

461
1.143002286004572
100
AcDbText
10
123.91567183134384
20
20.407035814071605
30
0
40
1.143002286004572
1
D3
50
0
71
1
100
AcDbText
0
TEXT
5
c22
100
AcDbEntity
8
TopSilkLayer
7

461
1.143002286004572
100
AcDbText
10
117.43865887731795
20
45.425831851663816
30
0
40
1.143002286004572
1
D9
50
0
71
1
100
AcDbText
0
TEXT
5
c23
100
AcDbEntity
8
TopSilkLayer
7

461
1.143002286004572
100
AcDbText
10
126.90017780035578
20
29.424053848107633
30
0
40
1.143002286004572
1
Q1
50
0
71
1
100
AcDbText
0
TEXT
5
c24
100
AcDbEntity
8
TopSilkLayer
7

461
1.143002286004572
100
AcDbText
10
118.77216154432335
20
37.93307086614175
30
0
40
1.143002286004572
1
Q5
50
0
71
1
100
AcDbText
0
TEXT
5
c25
100
AcDbEntity
8
TopSilkLayer
7

461
1.143002286004572
100
AcDbText
10
70.79146558293132
20
20.61023622047253
30
0
40
1.143002286004572
1
C6
50
0
71
1
100
AcDbText
  0
CIRCLE
  5
4d9
330
1F
100
AcDbEntity
  8
TopSilkLayer
100
AcDbCircle
 10
94.76708153416303
 20
59.27063754127505
 30
0.0
 40
4.498094996189993
  0
CIRCLE
  5
4da
330
1F
100
AcDbEntity
  8
TopSilkLayer
100
AcDbCircle
 10
94.76911353822743
 20
59.26911353822709
 30
0.0
 40
4.0640081280162565
  0
CIRCLE
  5
4db
330
1F
100
AcDbEntity
  8
TopSilkLayer
100
AcDbCircle
 10
75.84404368808737
 20
59.3976377952755
 30
0.0
 40
4.498094996189993
  0
CIRCLE
  5
4dc
330
1F
100
AcDbEntity
  8
TopSilkLayer
100
AcDbCircle
 10
75.84607569215154
 20
59.39611379222754
 30
0.0
 40
4.0640081280162565
  0
CIRCLE
  5
4dd
330
1F
100
AcDbEntity
  8
TopSilkLayer
100
AcDbCircle
 10
92.4831089662182
 20
30.56705613411225
 30
0.0
 40
9.779019558039117
  0
CIRCLE
  5
4de
330
1F
100
AcDbEntity
  8
TopSolderMaskLayer
100
AcDbCircle
 10
14.88595377190768
 20
64.60299720599437
 30
0.0
 40
0.41354669376005426
  0
CIRCLE
  5
4df
330
1F
100
AcDbEntity
  8
TopSolderMaskLayer
100
AcDbCircle
 10
14.88595377190768
 20
64.60312420624837
 30
0.0
 40
0.7754000508001018
0
HATCH
5
4e0
100
AcDbEntity
8
TopSolderMaskLayer
100
AcDbHatch
10
0
20
0
30
0
210
0
220
0
230
1
2
SOLID
70
1
71
0
91
1
92
7
72
1
73
1
93
2
10
14.110553721107578
20
64.60312420624837
42
1
10
15.661353822707781
20
64.60312420624837
42
1
97
1
330

75
0
76
1
47
0.8681437583925616
98
1
10
3.629517071192367
20
33.92795499968543
450
0
451
0
460
0
461
0
452
1
462
1
453
2
463
0
63
5
421
255
463
1
63
7
421
16777215
470
LINEAR
1001
ACAD
1010
0
1020
0
1030
0
  0
CIRCLE
  5
4e1
330
1F
100
AcDbEntity
  8
BottomSolderMaskLayer
100
AcDbCircle
 10
14.88595377190768
 20
64.60299720599437
 30
0.0
 40
0.41354669376005426
  0
CIRCLE
  5
4e2
330
1F
100
AcDbEntity
  8
BottomSolderMaskLayer
100
AcDbCircle
 10
14.88595377190768
 20
64.60312420624837
 30
0.0
 40
0.7754000508001018
0
HATCH
5
4e3
100
AcDbEntity
8
BottomSolderMaskLayer
100
AcDbHatch
10
0
20
0
30
0
210
0
220
0
230
1
2
SOLID
70
1
71
0
91
1
92
7
72
1
73
1
93
2
10
14.110553721107578
20
64.60312420624837
42
1
10
15.661353822707781
20
64.60312420624837
42
1
97
1
330

75
0
76
1
47
0.8681437583925616
98
1
10
3.629517071192367
20
33.92795499968543
450
0
451
0
460
0
461
0
452
1
462
1
453
2
463
0
63
5
421
255
463
1
63
7
421
16777215
470
LINEAR
1001
ACAD
1010
0
1020
0
1030
0
  0
CIRCLE
  5
4e4
330
1F
100
AcDbEntity
  8
Multi-Layer
100
AcDbCircle
 10
14.88595377190768
 20
64.60299720599437
 30
0.0
 40
0.4
  0
CIRCLE
  5
4e5
330
1F
100
AcDbEntity
  8
Multi-Layer
100
AcDbCircle
 10
14.88595377190768
 20
64.60312420624837
 30
0.0
 40
0.7500000000000001
  0
CIRCLE
  5
4e6
330
1F
100
AcDbEntity
  8
TopSolderMaskLayer
100
AcDbCircle
 10
17.55295910591849
 20
64.60299720599437
 30
0.0
 40
0.41354669376005426
  0
CIRCLE
  5
4e7
330
1F
100
AcDbEntity
  8
TopSolderMaskLayer
100
AcDbCircle
 10
17.55295910591849
 20
64.60312420624837
 30
0.0
 40
0.7754000508001018
0
HATCH
5
4e8
100
AcDbEntity
8
TopSolderMaskLayer
100
AcDbHatch
10
0
20
0
30
0
210
0
220
0
230
1
2
SOLID
70
1
71
0
91
1
92
7
72
1
73
1
93
2
10
16.777559055118388
20
64.60312420624837
42
1
10
18.32835915671859
20
64.60312420624837
42
1
97
1
330

75
0
76
1
47
0.8681437583925616
98
1
10
3.629517071192367
20
33.92795499968543
450
0
451
0
460
0
461
0
452
1
462
1
453
2
463
0
63
5
421
255
463
1
63
7
421
16777215
470
LINEAR
1001
ACAD
1010
0
1020
0
1030
0
  0
CIRCLE
  5
4e9
330
1F
100
AcDbEntity
  8
BottomSolderMaskLayer
100
AcDbCircle
 10
17.55295910591849
 20
64.60299720599437
 30
0.0
 40
0.41354669376005426
  0
CIRCLE
  5
4ea
330
1F
100
AcDbEntity
  8
BottomSolderMaskLayer
100
AcDbCircle
 10
17.55295910591849
 20
64.60312420624837
 30
0.0
 40
0.7754000508001018
0
HATCH
5
4eb
100
AcDbEntity
8
BottomSolderMaskLayer
100
AcDbHatch
10
0
20
0
30
0
210
0
220
0
230
1
2
SOLID
70
1
71
0
91
1
92
7
72
1
73
1
93
2
10
16.777559055118388
20
64.60312420624837
42
1
10
18.32835915671859
20
64.60312420624837
42
1
97
1
330

75
0
76
1
47
0.8681437583925616
98
1
10
3.629517071192367
20
33.92795499968543
450
0
451
0
460
0
461
0
452
1
462
1
453
2
463
0
63
5
421
255
463
1
63
7
421
16777215
470
LINEAR
1001
ACAD
1010
0
1020
0
1030
0
  0
CIRCLE
  5
4ec
330
1F
100
AcDbEntity
  8
Multi-Layer
100
AcDbCircle
 10
17.55295910591849
 20
64.60299720599437
 30
0.0
 40
0.4
  0
CIRCLE
  5
4ed
330
1F
100
AcDbEntity
  8
Multi-Layer
100
AcDbCircle
 10
17.55295910591849
 20
64.60312420624837
 30
0.0
 40
0.7500000000000001
  0
CIRCLE
  5
4ee
330
1F
100
AcDbEntity
  8
TopSolderMaskLayer
100
AcDbCircle
 10
95.91211582423193
 20
48.474091948183855
 30
0.0
 40
0.4108108108108109
  0
CIRCLE
  5
4ef
330
1F
100
AcDbEntity
  8
TopSolderMaskLayer
100
AcDbCircle
 10
95.9123698247397
 20
48.474091948183855
 30
0.0
 40
0.9652019304038612
0
HATCH
5
4f0
100
AcDbEntity
8
TopSolderMaskLayer
100
AcDbHatch
10
0
20
0
30
0
210
0
220
0
230
1
2
SOLID
70
1
71
0
91
1
92
7
72
1
73
1
93
2
10
94.94716789433583
20
48.474091948183855
42
1
10
96.87757175514356
20
48.474091948183855
42
1
97
1
330

75
0
76
1
47
0.8681437583925616
98
1
10
3.629517071192367
20
33.92795499968543
450
0
451
0
460
0
461
0
452
1
462
1
453
2
463
0
63
5
421
255
463
1
63
7
421
16777215
470
LINEAR
1001
ACAD
1010
0
1020
0
1030
0
  0
CIRCLE
  5
4f1
330
1F
100
AcDbEntity
  8
BottomSolderMaskLayer
100
AcDbCircle
 10
95.91211582423193
 20
48.474091948183855
 30
0.0
 40
0.4108108108108109
  0
CIRCLE
  5
4f2
330
1F
100
AcDbEntity
  8
BottomSolderMaskLayer
100
AcDbCircle
 10
95.9123698247397
 20
48.474091948183855
 30
0.0
 40
0.9652019304038612
0
HATCH
5
4f3
100
AcDbEntity
8
BottomSolderMaskLayer
100
AcDbHatch
10
0
20
0
30
0
210
0
220
0
230
1
2
SOLID
70
1
71
0
91
1
92
7
72
1
73
1
93
2
10
94.94716789433583
20
48.474091948183855
42
1
10
96.87757175514356
20
48.474091948183855
42
1
97
1
330

75
0
76
1
47
0.8681437583925616
98
1
10
3.629517071192367
20
33.92795499968543
450
0
451
0
460
0
461
0
452
1
462
1
453
2
463
0
63
5
421
255
463
1
63
7
421
16777215
470
LINEAR
1001
ACAD
1010
0
1020
0
1030
0
  0
CIRCLE
  5
4f4
330
1F
100
AcDbEntity
  8
Multi-Layer
100
AcDbCircle
 10
95.91211582423193
 20
48.474091948183855
 30
0.0
 40
0.4
  0
CIRCLE
  5
4f5
330
1F
100
AcDbEntity
  8
Multi-Layer
100
AcDbCircle
 10
95.9123698247397
 20
48.474091948183855
 30
0.0
 40
0.9398018796037594
0
HATCH
5
4f6
100
AcDbEntity
8
Multi-Layer
100
AcDbHatch
10
0
20
0
30
0
210
0
220
0
230
1
2
SOLID
70
1
71
0
91
1
92
7
72
1
73
1
93
2
10
94.97256794513594
20
48.474091948183855
42
1
10
96.85217170434346
20
48.474091948183855
42
1
97
1
330

75
0
76
1
47
0.8681437583925616
98
1
10
3.629517071192367
20
33.92795499968543
450
0
451
0
460
0
461
0
452
1
462
1
453
2
463
0
63
5
421
255
463
1
63
7
421
16777215
470
LINEAR
1001
ACAD
1010
0
1020
0
1030
0
  0
CIRCLE
  5
4f7
330
1F
100
AcDbEntity
  8
TopSolderMaskLayer
100
AcDbCircle
 10
88.29210058420131
 20
48.474091948183855
 30
0.0
 40
0.4108108108108109
  0
CIRCLE
  5
4f8
330
1F
100
AcDbEntity
  8
TopSolderMaskLayer
100
AcDbCircle
 10
88.2923545847093
 20
48.474091948183855
 30
0.0
 40
0.9652019304038612
0
HATCH
5
4f9
100
AcDbEntity
8
TopSolderMaskLayer
100
AcDbHatch
10
0
20
0
30
0
210
0
220
0
230
1
2
SOLID
70
1
71
0
91
1
92
7
72
1
73
1
93
2
10
87.32715265430544
20
48.474091948183855
42
1
10
89.25755651511317
20
48.474091948183855
42
1
97
1
330

75
0
76
1
47
0.8681437583925616
98
1
10
3.629517071192367
20
33.92795499968543
450
0
451
0
460
0
461
0
452
1
462
1
453
2
463
0
63
5
421
255
463
1
63
7
421
16777215
470
LINEAR
1001
ACAD
1010
0
1020
0
1030
0
  0
CIRCLE
  5
4fa
330
1F
100
AcDbEntity
  8
BottomSolderMaskLayer
100
AcDbCircle
 10
88.29210058420131
 20
48.474091948183855
 30
0.0
 40
0.4108108108108109
  0
CIRCLE
  5
4fb
330
1F
100
AcDbEntity
  8
BottomSolderMaskLayer
100
AcDbCircle
 10
88.2923545847093
 20
48.474091948183855
 30
0.0
 40
0.9652019304038612
0
HATCH
5
4fc
100
AcDbEntity
8
BottomSolderMaskLayer
100
AcDbHatch
10
0
20
0
30
0
210
0
220
0
230
1
2
SOLID
70
1
71
0
91
1
92
7
72
1
73
1
93
2
10
87.32715265430544
20
48.474091948183855
42
1
10
89.25755651511317
20
48.474091948183855
42
1
97
1
330

75
0
76
1
47
0.8681437583925616
98
1
10
3.629517071192367
20
33.92795499968543
450
0
451
0
460
0
461
0
452
1
462
1
453
2
463
0
63
5
421
255
463
1
63
7
421
16777215
470
LINEAR
1001
ACAD
1010
0
1020
0
1030
0
  0
CIRCLE
  5
4fd
330
1F
100
AcDbEntity
  8
Multi-Layer
100
AcDbCircle
 10
88.29210058420131
 20
48.474091948183855
 30
0.0
 40
0.4
  0
CIRCLE
  5
4fe
330
1F
100
AcDbEntity
  8
Multi-Layer
100
AcDbCircle
 10
88.2923545847093
 20
48.474091948183855
 30
0.0
 40
0.9398018796037594
0
HATCH
5
4ff
100
AcDbEntity
8
Multi-Layer
100
AcDbHatch
10
0
20
0
30
0
210
0
220
0
230
1
2
SOLID
70
1
71
0
91
1
92
7
72
1
73
1
93
2
10
87.35255270510554
20
48.474091948183855
42
1
10
89.23215646431306
20
48.474091948183855
42
1
97
1
330

75
0
76
1
47
0.8681437583925616
98
1
10
3.629517071192367
20
33.92795499968543
450
0
451
0
460
0
461
0
452
1
462
1
453
2
463
0
63
5
421
255
463
1
63
7
421
16777215
470
LINEAR
1001
ACAD
1010
0
1020
0
1030
0
  0
CIRCLE
  5
500
330
1F
100
AcDbEntity
  8
TopSolderMaskLayer
100
AcDbCircle
 10
3.51612903225805
 20
3.6430022860046165
 30
0.0
 40
1.5190500381000767
  0
CIRCLE
  5
501
330
1F
100
AcDbEntity
  8
TopSolderMaskLayer
100
AcDbCircle
 10
3.51612903225805
 20
3.642748285496623
 30
0.0
 40
2.0254000508001018
0
HATCH
5
502
100
AcDbEntity
8
TopSolderMaskLayer
100
AcDbHatch
10
0
20
0
30
0
210
0
220
0
230
1
2
SOLID
70
1
71
0
91
1
92
7
72
1
73
1
93
2
10
1.490728981457948
20
3.642748285496623
42
1
10
5.541529083058151
20
3.642748285496623
42
1
97
1
330

75
0
76
1
47
0.8681437583925616
98
1
10
3.629517071192367
20
33.92795499968543
450
0
451
0
460
0
461
0
452
1
462
1
453
2
463
0
63
5
421
255
463
1
63
7
421
16777215
470
LINEAR
1001
ACAD
1010
0
1020
0
1030
0
  0
CIRCLE
  5
503
330
1F
100
AcDbEntity
  8
BottomSolderMaskLayer
100
AcDbCircle
 10
3.51612903225805
 20
3.6430022860046165
 30
0.0
 40
1.5190500381000767
  0
CIRCLE
  5
504
330
1F
100
AcDbEntity
  8
BottomSolderMaskLayer
100
AcDbCircle
 10
3.51612903225805
 20
3.642748285496623
 30
0.0
 40
2.0254000508001018
0
HATCH
5
505
100
AcDbEntity
8
BottomSolderMaskLayer
100
AcDbHatch
10
0
20
0
30
0
210
0
220
0
230
1
2
SOLID
70
1
71
0
91
1
92
7
72
1
73
1
93
2
10
1.490728981457948
20
3.642748285496623
42
1
10
5.541529083058151
20
3.642748285496623
42
1
97
1
330

75
0
76
1
47
0.8681437583925616
98
1
10
3.629517071192367
20
33.92795499968543
450
0
451
0
460
0
461
0
452
1
462
1
453
2
463
0
63
5
421
255
463
1
63
7
421
16777215
470
LINEAR
1001
ACAD
1010
0
1020
0
1030
0
  0
CIRCLE
  5
506
330
1F
100
AcDbEntity
  8
Multi-Layer
100
AcDbCircle
 10
3.51612903225805
 20
3.6430022860046165
 30
0.0
 40
1.5000000000000002
  0
CIRCLE
  5
507
330
1F
100
AcDbEntity
  8
Multi-Layer
100
AcDbCircle
 10
3.51612903225805
 20
3.642748285496623
 30
0.0
 40
2
0
HATCH
5
508
100
AcDbEntity
8
Multi-Layer
100
AcDbHatch
10
0
20
0
30
0
210
0
220
0
230
1
2
SOLID
70
1
71
0
91
1
92
7
72
1
73
1
93
2
10
1.5161290322580498
20
3.642748285496623
42
1
10
5.51612903225805
20
3.642748285496623
42
1
97
1
330

75
0
76
1
47
0.8681437583925616
98
1
10
3.629517071192367
20
33.92795499968543
450
0
451
0
460
0
461
0
452
1
462
1
453
2
463
0
63
5
421
255
463
1
63
7
421
16777215
470
LINEAR
1001
ACAD
1010
0
1020
0
1030
0
  0
CIRCLE
  5
509
330
1F
100
AcDbEntity
  8
TopSolderMaskLayer
100
AcDbCircle
 10
3.51612903225805
 20
67.60998221996454
 30
0.0
 40
1.5190500381000767
  0
CIRCLE
  5
50a
330
1F
100
AcDbEntity
  8
TopSolderMaskLayer
100
AcDbCircle
 10
3.51612903225805
 20
67.60972821945643
 30
0.0
 40
2.0254000508001018
0
HATCH
5
50b
100
AcDbEntity
8
TopSolderMaskLayer
100
AcDbHatch
10
0
20
0
30
0
210
0
220
0
230
1
2
SOLID
70
1
71
0
91
1
92
7
72
1
73
1
93
2
10
1.490728981457948
20
67.60972821945643
42
1
10
5.541529083058151
20
67.60972821945643
42
1
97
1
330

75
0
76
1
47
0.8681437583925616
98
1
10
3.629517071192367
20
33.92795499968543
450
0
451
0
460
0
461
0
452
1
462
1
453
2
463
0
63
5
421
255
463
1
63
7
421
16777215
470
LINEAR
1001
ACAD
1010
0
1020
0
1030
0
  0
CIRCLE
  5
50c
330
1F
100
AcDbEntity
  8
BottomSolderMaskLayer
100
AcDbCircle
 10
3.51612903225805
 20
67.60998221996454
 30
0.0
 40
1.5190500381000767
  0
CIRCLE
  5
50d
330
1F
100
AcDbEntity
  8
BottomSolderMaskLayer
100
AcDbCircle
 10
3.51612903225805
 20
67.60972821945643
 30
0.0
 40
2.0254000508001018
0
HATCH
5
50e
100
AcDbEntity
8
BottomSolderMaskLayer
100
AcDbHatch
10
0
20
0
30
0
210
0
220
0
230
1
2
SOLID
70
1
71
0
91
1
92
7
72
1
73
1
93
2
10
1.490728981457948
20
67.60972821945643
42
1
10
5.541529083058151
20
67.60972821945643
42
1
97
1
330

75
0
76
1
47
0.8681437583925616
98
1
10
3.629517071192367
20
33.92795499968543
450
0
451
0
460
0
461
0
452
1
462
1
453
2
463
0
63
5
421
255
463
1
63
7
421
16777215
470
LINEAR
1001
ACAD
1010
0
1020
0
1030
0
  0
CIRCLE
  5
50f
330
1F
100
AcDbEntity
  8
Multi-Layer
100
AcDbCircle
 10
3.51612903225805
 20
67.60998221996454
 30
0.0
 40
1.5000000000000002
  0
CIRCLE
  5
510
330
1F
100
AcDbEntity
  8
Multi-Layer
100
AcDbCircle
 10
3.51612903225805
 20
67.60972821945643
 30
0.0
 40
2
0
HATCH
5
511
100
AcDbEntity
8
Multi-Layer
100
AcDbHatch
10
0
20
0
30
0
210
0
220
0
230
1
2
SOLID
70
1
71
0
91
1
92
7
72
1
73
1
93
2
10
1.5161290322580498
20
67.60972821945643
42
1
10
5.51612903225805
20
67.60972821945643
42
1
97
1
330

75
0
76
1
47
0.8681437583925616
98
1
10
3.629517071192367
20
33.92795499968543
450
0
451
0
460
0
461
0
452
1
462
1
453
2
463
0
63
5
421
255
463
1
63
7
421
16777215
470
LINEAR
1001
ACAD
1010
0
1020
0
1030
0
  0
CIRCLE
  5
512
330
1F
100
AcDbEntity
  8
TopSolderMaskLayer
100
AcDbCircle
 10
130.20218440436906
 20
67.61023622047242
 30
0.0
 40
1.5190500381000767
  0
CIRCLE
  5
513
330
1F
100
AcDbEntity
  8
TopSolderMaskLayer
100
AcDbCircle
 10
130.20218440436906
 20
67.60998221996454
 30
0.0
 40
2.0254000508001018
0
HATCH
5
514
100
AcDbEntity
8
TopSolderMaskLayer
100
AcDbHatch
10
0
20
0
30
0
210
0
220
0
230
1
2
SOLID
70
1
71
0
91
1
92
7
72
1
73
1
93
2
10
128.17678435356896
20
67.60998221996454
42
1
10
132.22758445516916
20
67.60998221996454
42
1
97
1
330

75
0
76
1
47
0.8681437583925616
98
1
10
3.629517071192367
20
33.92795499968543
450
0
451
0
460
0
461
0
452
1
462
1
453
2
463
0
63
5
421
255
463
1
63
7
421
16777215
470
LINEAR
1001
ACAD
1010
0
1020
0
1030
0
  0
CIRCLE
  5
515
330
1F
100
AcDbEntity
  8
BottomSolderMaskLayer
100
AcDbCircle
 10
130.20218440436906
 20
67.61023622047242
 30
0.0
 40
1.5190500381000767
  0
CIRCLE
  5
516
330
1F
100
AcDbEntity
  8
BottomSolderMaskLayer
100
AcDbCircle
 10
130.20218440436906
 20
67.60998221996454
 30
0.0
 40
2.0254000508001018
0
HATCH
5
517
100
AcDbEntity
8
BottomSolderMaskLayer
100
AcDbHatch
10
0
20
0
30
0
210
0
220
0
230
1
2
SOLID
70
1
71
0
91
1
92
7
72
1
73
1
93
2
10
128.17678435356896
20
67.60998221996454
42
1
10
132.22758445516916
20
67.60998221996454
42
1
97
1
330

75
0
76
1
47
0.8681437583925616
98
1
10
3.629517071192367
20
33.92795499968543
450
0
451
0
460
0
461
0
452
1
462
1
453
2
463
0
63
5
421
255
463
1
63
7
421
16777215
470
LINEAR
1001
ACAD
1010
0
1020
0
1030
0
  0
CIRCLE
  5
518
330
1F
100
AcDbEntity
  8
Multi-Layer
100
AcDbCircle
 10
130.20218440436906
 20
67.61023622047242
 30
0.0
 40
1.5000000000000002
  0
CIRCLE
  5
519
330
1F
100
AcDbEntity
  8
Multi-Layer
100
AcDbCircle
 10
130.20218440436906
 20
67.60998221996454
 30
0.0
 40
2
0
HATCH
5
51a
100
AcDbEntity
8
Multi-Layer
100
AcDbHatch
10
0
20
0
30
0
210
0
220
0
230
1
2
SOLID
70
1
71
0
91
1
92
7
72
1
73
1
93
2
10
128.20218440436906
20
67.60998221996454
42
1
10
132.20218440436906
20
67.60998221996454
42
1
97
1
330

75
0
76
1
47
0.8681437583925616
98
1
10
3.629517071192367
20
33.92795499968543
450
0
451
0
460
0
461
0
452
1
462
1
453
2
463
0
63
5
421
255
463
1
63
7
421
16777215
470
LINEAR
1001
ACAD
1010
0
1020
0
1030
0
  0
CIRCLE
  5
51b
330
1F
100
AcDbEntity
  8
TopSolderMaskLayer
100
AcDbCircle
 10
130.20218440436906
 20
3.6430022860046165
 30
0.0
 40
1.5190500381000767
  0
CIRCLE
  5
51c
330
1F
100
AcDbEntity
  8
TopSolderMaskLayer
100
AcDbCircle
 10
130.20218440436906
 20
3.642748285496623
 30
0.0
 40
2.0254000508001018
0
HATCH
5
51d
100
AcDbEntity
8
TopSolderMaskLayer
100
AcDbHatch
10
0
20
0
30
0
210
0
220
0
230
1
2
SOLID
70
1
71
0
91
1
92
7
72
1
73
1
93
2
10
128.17678435356896
20
3.642748285496623
42
1
10
132.22758445516916
20
3.642748285496623
42
1
97
1
330

75
0
76
1
47
0.8681437583925616
98
1
10
3.629517071192367
20
33.92795499968543
450
0
451
0
460
0
461
0
452
1
462
1
453
2
463
0
63
5
421
255
463
1
63
7
421
16777215
470
LINEAR
1001
ACAD
1010
0
1020
0
1030
0
  0
CIRCLE
  5
51e
330
1F
100
AcDbEntity
  8
BottomSolderMaskLayer
100
AcDbCircle
 10
130.20218440436906
 20
3.6430022860046165
 30
0.0
 40
1.5190500381000767
  0
CIRCLE
  5
51f
330
1F
100
AcDbEntity
  8
BottomSolderMaskLayer
100
AcDbCircle
 10
130.20218440436906
 20
3.642748285496623
 30
0.0
 40
2.0254000508001018
0
HATCH
5
520
100
AcDbEntity
8
BottomSolderMaskLayer
100
AcDbHatch
10
0
20
0
30
0
210
0
220
0
230
1
2
SOLID
70
1
71
0
91
1
92
7
72
1
73
1
93
2
10
128.17678435356896
20
3.642748285496623
42
1
10
132.22758445516916
20
3.642748285496623
42
1
97
1
330

75
0
76
1
47
0.8681437583925616
98
1
10
3.629517071192367
20
33.92795499968543
450
0
451
0
460
0
461
0
452
1
462
1
453
2
463
0
63
5
421
255
463
1
63
7
421
16777215
470
LINEAR
1001
ACAD
1010
0
1020
0
1030
0
  0
CIRCLE
  5
521
330
1F
100
AcDbEntity
  8
Multi-Layer
100
AcDbCircle
 10
130.20218440436906
 20
3.6430022860046165
 30
0.0
 40
1.5000000000000002
  0
CIRCLE
  5
522
330
1F
100
AcDbEntity
  8
Multi-Layer
100
AcDbCircle
 10
130.20218440436906
 20
3.642748285496623
 30
0.0
 40
2
0
HATCH
5
523
100
AcDbEntity
8
Multi-Layer
100
AcDbHatch
10
0
20
0
30
0
210
0
220
0
230
1
2
SOLID
70
1
71
0
91
1
92
7
72
1
73
1
93
2
10
128.20218440436906
20
3.642748285496623
42
1
10
132.20218440436906
20
3.642748285496623
42
1
97
1
330

75
0
76
1
47
0.8681437583925616
98
1
10
3.629517071192367
20
33.92795499968543
450
0
451
0
460
0
461
0
452
1
462
1
453
2
463
0
63
5
421
255
463
1
63
7
421
16777215
470
LINEAR
1001
ACAD
1010
0
1020
0
1030
0
  0
CIRCLE
  5
524
330
1F
100
AcDbEntity
  8
TopSolderMaskLayer
100
AcDbCircle
 10
122.1905003810009
 20
9.612014224028485
 30
0.0
 40
0.4081280162560325
  0
CIRCLE
  5
525
330
1F
100
AcDbEntity
  8
TopSolderMaskLayer
100
AcDbCircle
 10
122.1905003810009
 20
9.612014224028485
 30
0.0
 40
1.2754000508001015
0
HATCH
5
526
100
AcDbEntity
8
TopSolderMaskLayer
100
AcDbHatch
10
0
20
0
30
0
210
0
220
0
230
1
2
SOLID
70
1
71
0
91
1
92
7
72
1
73
1
93
2
10
120.9151003302008
20
9.612014224028485
42
1
10
123.465900431801
20
9.612014224028485
42
1
97
1
330

75
0
76
1
47
0.8681437583925616
98
1
10
3.629517071192367
20
33.92795499968543
450
0
451
0
460
0
461
0
452
1
462
1
453
2
463
0
63
5
421
255
463
1
63
7
421
16777215
470
LINEAR
1001
ACAD
1010
0
1020
0
1030
0
  0
CIRCLE
  5
527
330
1F
100
AcDbEntity
  8
BottomSolderMaskLayer
100
AcDbCircle
 10
122.1905003810009
 20
9.612014224028485
 30
0.0
 40
0.4081280162560325
  0
CIRCLE
  5
528
330
1F
100
AcDbEntity
  8
BottomSolderMaskLayer
100
AcDbCircle
 10
122.1905003810009
 20
9.612014224028485
 30
0.0
 40
1.2754000508001015
0
HATCH
5
529
100
AcDbEntity
8
BottomSolderMaskLayer
100
AcDbHatch
10
0
20
0
30
0
210
0
220
0
230
1
2
SOLID
70
1
71
0
91
1
92
7
72
1
73
1
93
2
10
120.9151003302008
20
9.612014224028485
42
1
10
123.465900431801
20
9.612014224028485
42
1
97
1
330

75
0
76
1
47
0.8681437583925616
98
1
10
3.629517071192367
20
33.92795499968543
450
0
451
0
460
0
461
0
452
1
462
1
453
2
463
0
63
5
421
255
463
1
63
7
421
16777215
470
LINEAR
1001
ACAD
1010
0
1020
0
1030
0
  0
CIRCLE
  5
52a
330
1F
100
AcDbEntity
  8
Multi-Layer
100
AcDbCircle
 10
122.1905003810009
 20
9.612014224028485
 30
0.0
 40
0.4
  0
CIRCLE
  5
52b
330
1F
100
AcDbEntity
  8
Multi-Layer
100
AcDbCircle
 10
122.1905003810009
 20
9.612014224028485
 30
0.0
 40
1.25
0
HATCH
5
52c
100
AcDbEntity
8
Multi-Layer
100
AcDbHatch
10
0
20
0
30
0
210
0
220
0
230
1
2
SOLID
70
1
71
0
91
1
92
7
72
1
73
1
93
2
10
120.9405003810009
20
9.612014224028485
42
1
10
123.4405003810009
20
9.612014224028485
42
1
97
1
330

75
0
76
1
47
0.8681437583925616
98
1
10
3.629517071192367
20
33.92795499968543
450
0
451
0
460
0
461
0
452
1
462
1
453
2
463
0
63
5
421
255
463
1
63
7
421
16777215
470
LINEAR
1001
ACAD
1010
0
1020
0
1030
0
  0
CIRCLE
  5
52d
330
1F
100
AcDbEntity
  8
TopSolderMaskLayer
100
AcDbCircle
 10
114.59182118364242
 20
9.612014224028485
 30
0.0
 40
0.4081280162560325
  0
CIRCLE
  5
52e
330
1F
100
AcDbEntity
  8
TopSolderMaskLayer
100
AcDbCircle
 10
114.59182118364242
 20
9.612014224028485
 30
0.0
 40
1.2754000508001015
0
HATCH
5
52f
100
AcDbEntity
8
TopSolderMaskLayer
100
AcDbHatch
10
0
20
0
30
0
210
0
220
0
230
1
2
SOLID
70
1
71
0
91
1
92
7
72
1
73
1
93
2
10
113.31642113284232
20
9.612014224028485
42
1
10
115.86722123444252
20
9.612014224028485
42
1
97
1
330

75
0
76
1
47
0.8681437583925616
98
1
10
3.629517071192367
20
33.92795499968543
450
0
451
0
460
0
461
0
452
1
462
1
453
2
463
0
63
5
421
255
463
1
63
7
421
16777215
470
LINEAR
1001
ACAD
1010
0
1020
0
1030
0
  0
CIRCLE
  5
530
330
1F
100
AcDbEntity
  8
BottomSolderMaskLayer
100
AcDbCircle
 10
114.59182118364242
 20
9.612014224028485
 30
0.0
 40
0.4081280162560325
  0
CIRCLE
  5
531
330
1F
100
AcDbEntity
  8
BottomSolderMaskLayer
100
AcDbCircle
 10
114.59182118364242
 20
9.612014224028485
 30
0.0
 40
1.2754000508001015
0
HATCH
5
532
100
AcDbEntity
8
BottomSolderMaskLayer
100
AcDbHatch
10
0
20
0
30
0
210
0
220
0
230
1
2
SOLID
70
1
71
0
91
1
92
7
72
1
73
1
93
2
10
113.31642113284232
20
9.612014224028485
42
1
10
115.86722123444252
20
9.612014224028485
42
1
97
1
330

75
0
76
1
47
0.8681437583925616
98
1
10
3.629517071192367
20
33.92795499968543
450
0
451
0
460
0
461
0
452
1
462
1
453
2
463
0
63
5
421
255
463
1
63
7
421
16777215
470
LINEAR
1001
ACAD
1010
0
1020
0
1030
0
  0
CIRCLE
  5
533
330
1F
100
AcDbEntity
  8
Multi-Layer
100
AcDbCircle
 10
114.59182118364242
 20
9.612014224028485
 30
0.0
 40
0.4
  0
CIRCLE
  5
534
330
1F
100
AcDbEntity
  8
Multi-Layer
100
AcDbCircle
 10
114.59182118364242
 20
9.612014224028485
 30
0.0
 40
1.25
0
HATCH
5
535
100
AcDbEntity
8
Multi-Layer
100
AcDbHatch
10
0
20
0
30
0
210
0
220
0
230
1
2
SOLID
70
1
71
0
91
1
92
7
72
1
73
1
93
2
10
113.34182118364242
20
9.612014224028485
42
1
10
115.84182118364242
20
9.612014224028485
42
1
97
1
330

75
0
76
1
47
0.8681437583925616
98
1
10
3.629517071192367
20
33.92795499968543
450
0
451
0
460
0
461
0
452
1
462
1
453
2
463
0
63
5
421
255
463
1
63
7
421
16777215
470
LINEAR
1001
ACAD
1010
0
1020
0
1030
0
  0
CIRCLE
  5
944
330
1F
100
AcDbEntity
  8
TopSolderMaskLayer
100
AcDbCircle
 10
107.46913893827809
 20
8.850012700025445
 30
0.0
 40
0.4123076923076924
  0
CIRCLE
  5
945
330
1F
100
AcDbEntity
  8
TopSolderMaskLayer
100
AcDbCircle
 10
107.46913893827809
 20
8.850012700025445
 30
0.0
 40
0.8509017018034037
0
HATCH
5
946
100
AcDbEntity
8
TopSolderMaskLayer
100
AcDbHatch
10
0
20
0
30
0
210
0
220
0
230
1
2
SOLID
70
1
71
0
91
1
92
7
72
1
73
1
93
2
10
106.61823723647468
20
8.850012700025445
42
1
10
108.3200406400815
20
8.850012700025445
42
1
97
1
330

75
0
76
1
47
0.8681437583925616
98
1
10
3.629517071192367
20
33.92795499968543
450
0
451
0
460
0
461
0
452
1
462
1
453
2
463
0
63
5
421
255
463
1
63
7
421
16777215
470
LINEAR
1001
ACAD
1010
0
1020
0
1030
0
  0
CIRCLE
  5
947
330
1F
100
AcDbEntity
  8
BottomSolderMaskLayer
100
AcDbCircle
 10
107.46913893827809
 20
8.850012700025445
 30
0.0
 40
0.4123076923076924
  0
CIRCLE
  5
948
330
1F
100
AcDbEntity
  8
BottomSolderMaskLayer
100
AcDbCircle
 10
107.46913893827809
 20
8.850012700025445
 30
0.0
 40
0.8509017018034037
0
HATCH
5
949
100
AcDbEntity
8
BottomSolderMaskLayer
100
AcDbHatch
10
0
20
0
30
0
210
0
220
0
230
1
2
SOLID
70
1
71
0
91
1
92
7
72
1
73
1
93
2
10
106.61823723647468
20
8.850012700025445
42
1
10
108.3200406400815
20
8.850012700025445
42
1
97
1
330

75
0
76
1
47
0.8681437583925616
98
1
10
3.629517071192367
20
33.92795499968543
450
0
451
0
460
0
461
0
452
1
462
1
453
2
463
0
63
5
421
255
463
1
63
7
421
16777215
470
LINEAR
1001
ACAD
1010
0
1020
0
1030
0
  0
CIRCLE
  5
94a
330
1F
100
AcDbEntity
  8
Multi-Layer
100
AcDbCircle
 10
107.46913893827809
 20
8.850012700025445
 30
0.0
 40
0.4
  0
CIRCLE
  5
94b
330
1F
100
AcDbEntity
  8
Multi-Layer
100
AcDbCircle
 10
107.46913893827809
 20
8.850012700025445
 30
0.0
 40
0.8255016510033021
0
HATCH
5
94c
100
AcDbEntity
8
Multi-Layer
100
AcDbHatch
10
0
20
0
30
0
210
0
220
0
230
1
2
SOLID
70
1
71
0
91
1
92
7
72
1
73
1
93
2
10
106.64363728727479
20
8.850012700025445
42
1
10
108.2946405892814
20
8.850012700025445
42
1
97
1
330

75
0
76
1
47
0.8681437583925616
98
1
10
3.629517071192367
20
33.92795499968543
450
0
451
0
460
0
461
0
452
1
462
1
453
2
463
0
63
5
421
255
463
1
63
7
421
16777215
470
LINEAR
1001
ACAD
1010
0
1020
0
1030
0
  0
CIRCLE
  5
94d
330
1F
100
AcDbEntity
  8
TopSolderMaskLayer
100
AcDbCircle
 10
110.00914401828823
 20
8.850012700025445
 30
0.0
 40
0.4123076923076924
  0
CIRCLE
  5
94e
330
1F
100
AcDbEntity
  8
TopSolderMaskLayer
100
AcDbCircle
 10
110.00914401828823
 20
8.850012700025445
 30
0.0
 40
0.8509017018034037
0
HATCH
5
94f
100
AcDbEntity
8
TopSolderMaskLayer
100
AcDbHatch
10
0
20
0
30
0
210
0
220
0
230
1
2
SOLID
70
1
71
0
91
1
92
7
72
1
73
1
93
2
10
109.15824231648482
20
8.850012700025445
42
1
10
110.86004572009163
20
8.850012700025445
42
1
97
1
330

75
0
76
1
47
0.8681437583925616
98
1
10
3.629517071192367
20
33.92795499968543
450
0
451
0
460
0
461
0
452
1
462
1
453
2
463
0
63
5
421
255
463
1
63
7
421
16777215
470
LINEAR
1001
ACAD
1010
0
1020
0
1030
0
  0
CIRCLE
  5
950
330
1F
100
AcDbEntity
  8
BottomSolderMaskLayer
100
AcDbCircle
 10
110.00914401828823
 20
8.850012700025445
 30
0.0
 40
0.4123076923076924
  0
CIRCLE
  5
951
330
1F
100
AcDbEntity
  8
BottomSolderMaskLayer
100
AcDbCircle
 10
110.00914401828823
 20
8.850012700025445
 30
0.0
 40
0.8509017018034037
0
HATCH
5
952
100
AcDbEntity
8
BottomSolderMaskLayer
100
AcDbHatch
10
0
20
0
30
0
210
0
220
0
230
1
2
SOLID
70
1
71
0
91
1
92
7
72
1
73
1
93
2
10
109.15824231648482
20
8.850012700025445
42
1
10
110.86004572009163
20
8.850012700025445
42
1
97
1
330

75
0
76
1
47
0.8681437583925616
98
1
10
3.629517071192367
20
33.92795499968543
450
0
451
0
460
0
461
0
452
1
462
1
453
2
463
0
63
5
421
255
463
1
63
7
421
16777215
470
LINEAR
1001
ACAD
1010
0
1020
0
1030
0
  0
CIRCLE
  5
953
330
1F
100
AcDbEntity
  8
Multi-Layer
100
AcDbCircle
 10
110.00914401828823
 20
8.850012700025445
 30
0.0
 40
0.4
  0
CIRCLE
  5
954
330
1F
100
AcDbEntity
  8
Multi-Layer
100
AcDbCircle
 10
110.00914401828823
 20
8.850012700025445
 30
0.0
 40
0.8255016510033021
0
HATCH
5
955
100
AcDbEntity
8
Multi-Layer
100
AcDbHatch
10
0
20
0
30
0
210
0
220
0
230
1
2
SOLID
70
1
71
0
91
1
92
7
72
1
73
1
93
2
10
109.18364236728492
20
8.850012700025445
42
1
10
110.83464566929153
20
8.850012700025445
42
1
97
1
330

75
0
76
1
47
0.8681437583925616
98
1
10
3.629517071192367
20
33.92795499968543
450
0
451
0
460
0
461
0
452
1
462
1
453
2
463
0
63
5
421
255
463
1
63
7
421
16777215
470
LINEAR
1001
ACAD
1010
0
1020
0
1030
0
  0
CIRCLE
  5
956
330
1F
100
AcDbEntity
  8
TopSolderMaskLayer
100
AcDbCircle
 10
107.34213868427764
 20
15.200025400050777
 30
0.0
 40
0.4123076923076924
  0
CIRCLE
  5
957
330
1F
100
AcDbEntity
  8
TopSolderMaskLayer
100
AcDbCircle
 10
107.34213868427764
 20
15.200025400050777
 30
0.0
 40
0.8509017018034037
0
HATCH
5
958
100
AcDbEntity
8
TopSolderMaskLayer
100
AcDbHatch
10
0
20
0
30
0
210
0
220
0
230
1
2
SOLID
70
1
71
0
91
1
92
7
72
1
73
1
93
2
10
106.49123698247423
20
15.200025400050777
42
1
10
108.19304038608105
20
15.200025400050777
42
1
97
1
330

75
0
76
1
47
0.8681437583925616
98
1
10
3.629517071192367
20
33.92795499968543
450
0
451
0
460
0
461
0
452
1
462
1
453
2
463
0
63
5
421
255
463
1
63
7
421
16777215
470
LINEAR
1001
ACAD
1010
0
1020
0
1030
0
  0
CIRCLE
  5
959
330
1F
100
AcDbEntity
  8
BottomSolderMaskLayer
100
AcDbCircle
 10
107.34213868427764
 20
15.200025400050777
 30
0.0
 40
0.4123076923076924
  0
CIRCLE
  5
95a
330
1F
100
AcDbEntity
  8
BottomSolderMaskLayer
100
AcDbCircle
 10
107.34213868427764
 20
15.200025400050777
 30
0.0
 40
0.8509017018034037
0
HATCH
5
95b
100
AcDbEntity
8
BottomSolderMaskLayer
100
AcDbHatch
10
0
20
0
30
0
210
0
220
0
230
1
2
SOLID
70
1
71
0
91
1
92
7
72
1
73
1
93
2
10
106.49123698247423
20
15.200025400050777
42
1
10
108.19304038608105
20
15.200025400050777
42
1
97
1
330

75
0
76
1
47
0.8681437583925616
98
1
10
3.629517071192367
20
33.92795499968543
450
0
451
0
460
0
461
0
452
1
462
1
453
2
463
0
63
5
421
255
463
1
63
7
421
16777215
470
LINEAR
1001
ACAD
1010
0
1020
0
1030
0
  0
CIRCLE
  5
95c
330
1F
100
AcDbEntity
  8
Multi-Layer
100
AcDbCircle
 10
107.34213868427764
 20
15.200025400050777
 30
0.0
 40
0.4
  0
CIRCLE
  5
95d
330
1F
100
AcDbEntity
  8
Multi-Layer
100
AcDbCircle
 10
107.34213868427764
 20
15.200025400050777
 30
0.0
 40
0.8255016510033021
0
HATCH
5
95e
100
AcDbEntity
8
Multi-Layer
100
AcDbHatch
10
0
20
0
30
0
210
0
220
0
230
1
2
SOLID
70
1
71
0
91
1
92
7
72
1
73
1
93
2
10
106.51663703327434
20
15.200025400050777
42
1
10
108.16764033528095
20
15.200025400050777
42
1
97
1
330

75
0
76
1
47
0.8681437583925616
98
1
10
3.629517071192367
20
33.92795499968543
450
0
451
0
460
0
461
0
452
1
462
1
453
2
463
0
63
5
421
255
463
1
63
7
421
16777215
470
LINEAR
1001
ACAD
1010
0
1020
0
1030
0
  0
CIRCLE
  5
95f
330
1F
100
AcDbEntity
  8
TopSolderMaskLayer
100
AcDbCircle
 10
109.88214376428778
 20
15.200025400050777
 30
0.0
 40
0.4123076923076924
  0
CIRCLE
  5
960
330
1F
100
AcDbEntity
  8
TopSolderMaskLayer
100
AcDbCircle
 10
109.88214376428778
 20
15.200025400050777
 30
0.0
 40
0.8509017018034037
0
HATCH
5
961
100
AcDbEntity
8
TopSolderMaskLayer
100
AcDbHatch
10
0
20
0
30
0
210
0
220
0
230
1
2
SOLID
70
1
71
0
91
1
92
7
72
1
73
1
93
2
10
109.03124206248437
20
15.200025400050777
42
1
10
110.73304546609118
20
15.200025400050777
42
1
97
1
330

75
0
76
1
47
0.8681437583925616
98
1
10
3.629517071192367
20
33.92795499968543
450
0
451
0
460
0
461
0
452
1
462
1
453
2
463
0
63
5
421
255
463
1
63
7
421
16777215
470
LINEAR
1001
ACAD
1010
0
1020
0
1030
0
  0
CIRCLE
  5
962
330
1F
100
AcDbEntity
  8
BottomSolderMaskLayer
100
AcDbCircle
 10
109.88214376428778
 20
15.200025400050777
 30
0.0
 40
0.4123076923076924
  0
CIRCLE
  5
963
330
1F
100
AcDbEntity
  8
BottomSolderMaskLayer
100
AcDbCircle
 10
109.88214376428778
 20
15.200025400050777
 30
0.0
 40
0.8509017018034037
0
HATCH
5
964
100
AcDbEntity
8
BottomSolderMaskLayer
100
AcDbHatch
10
0
20
0
30
0
210
0
220
0
230
1
2
SOLID
70
1
71
0
91
1
92
7
72
1
73
1
93
2
10
109.03124206248437
20
15.200025400050777
42
1
10
110.73304546609118
20
15.200025400050777
42
1
97
1
330

75
0
76
1
47
0.8681437583925616
98
1
10
3.629517071192367
20
33.92795499968543
450
0
451
0
460
0
461
0
452
1
462
1
453
2
463
0
63
5
421
255
463
1
63
7
421
16777215
470
LINEAR
1001
ACAD
1010
0
1020
0
1030
0
  0
CIRCLE
  5
965
330
1F
100
AcDbEntity
  8
Multi-Layer
100
AcDbCircle
 10
109.88214376428778
 20
15.200025400050777
 30
0.0
 40
0.4
  0
CIRCLE
  5
966
330
1F
100
AcDbEntity
  8
Multi-Layer
100
AcDbCircle
 10
109.88214376428778
 20
15.200025400050777
 30
0.0
 40
0.8255016510033021
0
HATCH
5
967
100
AcDbEntity
8
Multi-Layer
100
AcDbHatch
10
0
20
0
30
0
210
0
220
0
230
1
2
SOLID
70
1
71
0
91
1
92
7
72
1
73
1
93
2
10
109.05664211328447
20
15.200025400050777
42
1
10
110.70764541529108
20
15.200025400050777
42
1
97
1
330

75
0
76
1
47
0.8681437583925616
98
1
10
3.629517071192367
20
33.92795499968543
450
0
451
0
460
0
461
0
452
1
462
1
453
2
463
0
63
5
421
255
463
1
63
7
421
16777215
470
LINEAR
1001
ACAD
1010
0
1020
0
1030
0
  0
CIRCLE
  5
968
330
1F
100
AcDbEntity
  8
TopSolderMaskLayer
100
AcDbCircle
 10
71.90906781813578
 20
8.342011684023305
 30
0.0
 40
0.4108108108108109
  0
CIRCLE
  5
969
330
1F
100
AcDbEntity
  8
TopSolderMaskLayer
100
AcDbCircle
 10
71.90906781813578
 20
8.342011684023305
 30
0.0
 40
0.9652019304038612
0
HATCH
5
96a
100
AcDbEntity
8
TopSolderMaskLayer
100
AcDbHatch
10
0
20
0
30
0
210
0
220
0
230
1
2
SOLID
70
1
71
0
91
1
92
7
72
1
73
1
93
2
10
70.94386588773192
20
8.342011684023305
42
1
10
72.87426974853965
20
8.342011684023305
42
1
97
1
330

75
0
76
1
47
0.8681437583925616
98
1
10
3.629517071192367
20
33.92795499968543
450
0
451
0
460
0
461
0
452
1
462
1
453
2
463
0
63
5
421
255
463
1
63
7
421
16777215
470
LINEAR
1001
ACAD
1010
0
1020
0
1030
0
  0
CIRCLE
  5
96b
330
1F
100
AcDbEntity
  8
BottomSolderMaskLayer
100
AcDbCircle
 10
71.90906781813578
 20
8.342011684023305
 30
0.0
 40
0.4108108108108109
  0
CIRCLE
  5
96c
330
1F
100
AcDbEntity
  8
BottomSolderMaskLayer
100
AcDbCircle
 10
71.90906781813578
 20
8.342011684023305
 30
0.0
 40
0.9652019304038612
0
HATCH
5
96d
100
AcDbEntity
8
BottomSolderMaskLayer
100
AcDbHatch
10
0
20
0
30
0
210
0
220
0
230
1
2
SOLID
70
1
71
0
91
1
92
7
72
1
73
1
93
2
10
70.94386588773192
20
8.342011684023305
42
1
10
72.87426974853965
20
8.342011684023305
42
1
97
1
330

75
0
76
1
47
0.8681437583925616
98
1
10
3.629517071192367
20
33.92795499968543
450
0
451
0
460
0
461
0
452
1
462
1
453
2
463
0
63
5
421
255
463
1
63
7
421
16777215
470
LINEAR
1001
ACAD
1010
0
1020
0
1030
0
  0
CIRCLE
  5
96e
330
1F
100
AcDbEntity
  8
Multi-Layer
100
AcDbCircle
 10
71.90906781813578
 20
8.342011684023305
 30
0.0
 40
0.4
  0
CIRCLE
  5
96f
330
1F
100
AcDbEntity
  8
Multi-Layer
100
AcDbCircle
 10
71.90906781813578
 20
8.342011684023305
 30
0.0
 40
0.9398018796037594
0
HATCH
5
970
100
AcDbEntity
8
Multi-Layer
100
AcDbHatch
10
0
20
0
30
0
210
0
220
0
230
1
2
SOLID
70
1
71
0
91
1
92
7
72
1
73
1
93
2
10
70.96926593853202
20
8.342011684023305
42
1
10
72.84886969773954
20
8.342011684023305
42
1
97
1
330

75
0
76
1
47
0.8681437583925616
98
1
10
3.629517071192367
20
33.92795499968543
450
0
451
0
460
0
461
0
452
1
462
1
453
2
463
0
63
5
421
255
463
1
63
7
421
16777215
470
LINEAR
1001
ACAD
1010
0
1020
0
1030
0
  0
CIRCLE
  5
971
330
1F
100
AcDbEntity
  8
TopSolderMaskLayer
100
AcDbCircle
 10
79.5290830581664
 20
8.342011684023305
 30
0.0
 40
0.4108108108108109
  0
CIRCLE
  5
972
330
1F
100
AcDbEntity
  8
TopSolderMaskLayer
100
AcDbCircle
 10
79.5290830581664
 20
8.342011684023305
 30
0.0
 40
0.9652019304038612
0
HATCH
5
973
100
AcDbEntity
8
TopSolderMaskLayer
100
AcDbHatch
10
0
20
0
30
0
210
0
220
0
230
1
2
SOLID
70
1
71
0
91
1
92
7
72
1
73
1
93
2
10
78.56388112776254
20
8.342011684023305
42
1
10
80.49428498857027
20
8.342011684023305
42
1
97
1
330

75
0
76
1
47
0.8681437583925616
98
1
10
3.629517071192367
20
33.92795499968543
450
0
451
0
460
0
461
0
452
1
462
1
453
2
463
0
63
5
421
255
463
1
63
7
421
16777215
470
LINEAR
1001
ACAD
1010
0
1020
0
1030
0
  0
CIRCLE
  5
974
330
1F
100
AcDbEntity
  8
BottomSolderMaskLayer
100
AcDbCircle
 10
79.5290830581664
 20
8.342011684023305
 30
0.0
 40
0.4108108108108109
  0
CIRCLE
  5
975
330
1F
100
AcDbEntity
  8
BottomSolderMaskLayer
100
AcDbCircle
 10
79.5290830581664
 20
8.342011684023305
 30
0.0
 40
0.9652019304038612
0
HATCH
5
976
100
AcDbEntity
8
BottomSolderMaskLayer
100
AcDbHatch
10
0
20
0
30
0
210
0
220
0
230
1
2
SOLID
70
1
71
0
91
1
92
7
72
1
73
1
93
2
10
78.56388112776254
20
8.342011684023305
42
1
10
80.49428498857027
20
8.342011684023305
42
1
97
1
330

75
0
76
1
47
0.8681437583925616
98
1
10
3.629517071192367
20
33.92795499968543
450
0
451
0
460
0
461
0
452
1
462
1
453
2
463
0
63
5
421
255
463
1
63
7
421
16777215
470
LINEAR
1001
ACAD
1010
0
1020
0
1030
0
  0
CIRCLE
  5
977
330
1F
100
AcDbEntity
  8
Multi-Layer
100
AcDbCircle
 10
79.5290830581664
 20
8.342011684023305
 30
0.0
 40
0.4
  0
CIRCLE
  5
978
330
1F
100
AcDbEntity
  8
Multi-Layer
100
AcDbCircle
 10
79.5290830581664
 20
8.342011684023305
 30
0.0
 40
0.9398018796037594
0
HATCH
5
979
100
AcDbEntity
8
Multi-Layer
100
AcDbHatch
10
0
20
0
30
0
210
0
220
0
230
1
2
SOLID
70
1
71
0
91
1
92
7
72
1
73
1
93
2
10
78.58928117856264
20
8.342011684023305
42
1
10
80.46888493777017
20
8.342011684023305
42
1
97
1
330

75
0
76
1
47
0.8681437583925616
98
1
10
3.629517071192367
20
33.92795499968543
450
0
451
0
460
0
461
0
452
1
462
1
453
2
463
0
63
5
421
255
463
1
63
7
421
16777215
470
LINEAR
1001
ACAD
1010
0
1020
0
1030
0
  0
CIRCLE
  5
97a
330
1F
100
AcDbEntity
  8
TopSolderMaskLayer
100
AcDbCircle
 10
118.77216154432335
 20
23.96304292608579
 30
0.0
 40
0.4108108108108109
  0
CIRCLE
  5
97b
330
1F
100
AcDbEntity
  8
TopSolderMaskLayer
100
AcDbCircle
 10
118.77216154432335
 20
23.96304292608579
 30
0.0
 40
0.9652019304038612
0
HATCH
5
97c
100
AcDbEntity
8
TopSolderMaskLayer
100
AcDbHatch
10
0
20
0
30
0
210
0
220
0
230
1
2
SOLID
70
1
71
0
91
1
92
7
72
1
73
1
93
2
10
117.80695961391949
20
23.96304292608579
42
1
10
119.73736347472722
20
23.96304292608579
42
1
97
1
330

75
0
76
1
47
0.8681437583925616
98
1
10
3.629517071192367
20
33.92795499968543
450
0
451
0
460
0
461
0
452
1
462
1
453
2
463
0
63
5
421
255
463
1
63
7
421
16777215
470
LINEAR
1001
ACAD
1010
0
1020
0
1030
0
  0
CIRCLE
  5
97d
330
1F
100
AcDbEntity
  8
BottomSolderMaskLayer
100
AcDbCircle
 10
118.77216154432335
 20
23.96304292608579
 30
0.0
 40
0.4108108108108109
  0
CIRCLE
  5
97e
330
1F
100
AcDbEntity
  8
BottomSolderMaskLayer
100
AcDbCircle
 10
118.77216154432335
 20
23.96304292608579
 30
0.0
 40
0.9652019304038612
0
HATCH
5
97f
100
AcDbEntity
8
BottomSolderMaskLayer
100
AcDbHatch
10
0
20
0
30
0
210
0
220
0
230
1
2
SOLID
70
1
71
0
91
1
92
7
72
1
73
1
93
2
10
117.80695961391949
20
23.96304292608579
42
1
10
119.73736347472722
20
23.96304292608579
42
1
97
1
330

75
0
76
1
47
0.8681437583925616
98
1
10
3.629517071192367
20
33.92795499968543
450
0
451
0
460
0
461
0
452
1
462
1
453
2
463
0
63
5
421
255
463
1
63
7
421
16777215
470
LINEAR
1001
ACAD
1010
0
1020
0
1030
0
  0
CIRCLE
  5
980
330
1F
100
AcDbEntity
  8
Multi-Layer
100
AcDbCircle
 10
118.77216154432335
 20
23.96304292608579
 30
0.0
 40
0.4
  0
CIRCLE
  5
981
330
1F
100
AcDbEntity
  8
Multi-Layer
100
AcDbCircle
 10
118.77216154432335
 20
23.96304292608579
 30
0.0
 40
0.9398018796037594
0
HATCH
5
982
100
AcDbEntity
8
Multi-Layer
100
AcDbHatch
10
0
20
0
30
0
210
0
220
0
230
1
2
SOLID
70
1
71
0
91
1
92
7
72
1
73
1
93
2
10
117.83235966471959
20
23.96304292608579
42
1
10
119.71196342392712
20
23.96304292608579
42
1
97
1
330

75
0
76
1
47
0.8681437583925616
98
1
10
3.629517071192367
20
33.92795499968543
450
0
451
0
460
0
461
0
452
1
462
1
453
2
463
0
63
5
421
255
463
1
63
7
421
16777215
470
LINEAR
1001
ACAD
1010
0
1020
0
1030
0
  0
CIRCLE
  5
983
330
1F
100
AcDbEntity
  8
TopSolderMaskLayer
100
AcDbCircle
 10
118.77216154432335
 20
31.583058166116302
 30
0.0
 40
0.4108108108108109
  0
CIRCLE
  5
984
330
1F
100
AcDbEntity
  8
TopSolderMaskLayer
100
AcDbCircle
 10
118.77216154432335
 20
31.583058166116302
 30
0.0
 40
0.9652019304038612
0
HATCH
5
985
100
AcDbEntity
8
TopSolderMaskLayer
100
AcDbHatch
10
0
20
0
30
0
210
0
220
0
230
1
2
SOLID
70
1
71
0
91
1
92
7
72
1
73
1
93
2
10
117.80695961391949
20
31.583058166116302
42
1
10
119.73736347472722
20
31.583058166116302
42
1
97
1
330

75
0
76
1
47
0.8681437583925616
98
1
10
3.629517071192367
20
33.92795499968543
450
0
451
0
460
0
461
0
452
1
462
1
453
2
463
0
63
5
421
255
463
1
63
7
421
16777215
470
LINEAR
1001
ACAD
1010
0
1020
0
1030
0
  0
CIRCLE
  5
986
330
1F
100
AcDbEntity
  8
BottomSolderMaskLayer
100
AcDbCircle
 10
118.77216154432335
 20
31.583058166116302
 30
0.0
 40
0.4108108108108109
  0
CIRCLE
  5
987
330
1F
100
AcDbEntity
  8
BottomSolderMaskLayer
100
AcDbCircle
 10
118.77216154432335
 20
31.583058166116302
 30
0.0
 40
0.9652019304038612
0
HATCH
5
988
100
AcDbEntity
8
BottomSolderMaskLayer
100
AcDbHatch
10
0
20
0
30
0
210
0
220
0
230
1
2
SOLID
70
1
71
0
91
1
92
7
72
1
73
1
93
2
10
117.80695961391949
20
31.583058166116302
42
1
10
119.73736347472722
20
31.583058166116302
42
1
97
1
330

75
0
76
1
47
0.8681437583925616
98
1
10
3.629517071192367
20
33.92795499968543
450
0
451
0
460
0
461
0
452
1
462
1
453
2
463
0
63
5
421
255
463
1
63
7
421
16777215
470
LINEAR
1001
ACAD
1010
0
1020
0
1030
0
  0
CIRCLE
  5
989
330
1F
100
AcDbEntity
  8
Multi-Layer
100
AcDbCircle
 10
118.77216154432335
 20
31.583058166116302
 30
0.0
 40
0.4
  0
CIRCLE
  5
98a
330
1F
100
AcDbEntity
  8
Multi-Layer
100
AcDbCircle
 10
118.77216154432335
 20
31.583058166116302
 30
0.0
 40
0.9398018796037594
0
HATCH
5
98b
100
AcDbEntity
8
Multi-Layer
100
AcDbHatch
10
0
20
0
30
0
210
0
220
0
230
1
2
SOLID
70
1
71
0
91
1
92
7
72
1
73
1
93
2
10
117.83235966471959
20
31.583058166116302
42
1
10
119.71196342392712
20
31.583058166116302
42
1
97
1
330

75
0
76
1
47
0.8681437583925616
98
1
10
3.629517071192367
20
33.92795499968543
450
0
451
0
460
0
461
0
452
1
462
1
453
2
463
0
63
5
421
255
463
1
63
7
421
16777215
470
LINEAR
1001
ACAD
1010
0
1020
0
1030
0
  0
CIRCLE
  5
98c
330
1F
100
AcDbEntity
  8
TopSolderMaskLayer
100
AcDbCircle
 10
76.98907797815627
 20
48.72809245618487
 30
0.0
 40
0.4108108108108109
  0
CIRCLE
  5
98d
330
1F
100
AcDbEntity
  8
TopSolderMaskLayer
100
AcDbCircle
 10
76.98933197866404
 20
48.72809245618487
 30
0.0
 40
0.9652019304038612
0
HATCH
5
98e
100
AcDbEntity
8
TopSolderMaskLayer
100
AcDbHatch
10
0
20
0
30
0
210
0
220
0
230
1
2
SOLID
70
1
71
0
91
1
92
7
72
1
73
1
93
2
10
76.02413004826018
20
48.72809245618487
42
1
10
77.9545339090679
20
48.72809245618487
42
1
97
1
330

75
0
76
1
47
0.8681437583925616
98
1
10
3.629517071192367
20
33.92795499968543
450
0
451
0
460
0
461
0
452
1
462
1
453
2
463
0
63
5
421
255
463
1
63
7
421
16777215
470
LINEAR
1001
ACAD
1010
0
1020
0
1030
0
  0
CIRCLE
  5
98f
330
1F
100
AcDbEntity
  8
BottomSolderMaskLayer
100
AcDbCircle
 10
76.98907797815627
 20
48.72809245618487
 30
0.0
 40
0.4108108108108109
  0
CIRCLE
  5
990
330
1F
100
AcDbEntity
  8
BottomSolderMaskLayer
100
AcDbCircle
 10
76.98933197866404
 20
48.72809245618487
 30
0.0
 40
0.9652019304038612
0
HATCH
5
991
100
AcDbEntity
8
BottomSolderMaskLayer
100
AcDbHatch
10
0
20
0
30
0
210
0
220
0
230
1
2
SOLID
70
1
71
0
91
1
92
7
72
1
73
1
93
2
10
76.02413004826018
20
48.72809245618487
42
1
10
77.9545339090679
20
48.72809245618487
42
1
97
1
330

75
0
76
1
47
0.8681437583925616
98
1
10
3.629517071192367
20
33.92795499968543
450
0
451
0
460
0
461
0
452
1
462
1
453
2
463
0
63
5
421
255
463
1
63
7
421
16777215
470
LINEAR
1001
ACAD
1010
0
1020
0
1030
0
  0
CIRCLE
  5
992
330
1F
100
AcDbEntity
  8
Multi-Layer
100
AcDbCircle
 10
76.98907797815627
 20
48.72809245618487
 30
0.0
 40
0.4
  0
CIRCLE
  5
993
330
1F
100
AcDbEntity
  8
Multi-Layer
100
AcDbCircle
 10
76.98933197866404
 20
48.72809245618487
 30
0.0
 40
0.9398018796037594
0
HATCH
5
994
100
AcDbEntity
8
Multi-Layer
100
AcDbHatch
10
0
20
0
30
0
210
0
220
0
230
1
2
SOLID
70
1
71
0
91
1
92
7
72
1
73
1
93
2
10
76.04953009906028
20
48.72809245618487
42
1
10
77.9291338582678
20
48.72809245618487
42
1
97
1
330

75
0
76
1
47
0.8681437583925616
98
1
10
3.629517071192367
20
33.92795499968543
450
0
451
0
460
0
461
0
452
1
462
1
453
2
463
0
63
5
421
255
463
1
63
7
421
16777215
470
LINEAR
1001
ACAD
1010
0
1020
0
1030
0
  0
CIRCLE
  5
995
330
1F
100
AcDbEntity
  8
TopSolderMaskLayer
100
AcDbCircle
 10
69.36906273812565
 20
48.72809245618487
 30
0.0
 40
0.4108108108108109
  0
CIRCLE
  5
996
330
1F
100
AcDbEntity
  8
TopSolderMaskLayer
100
AcDbCircle
 10
69.36931673863364
 20
48.72809245618487
 30
0.0
 40
0.9652019304038612
0
HATCH
5
997
100
AcDbEntity
8
TopSolderMaskLayer
100
AcDbHatch
10
0
20
0
30
0
210
0
220
0
230
1
2
SOLID
70
1
71
0
91
1
92
7
72
1
73
1
93
2
10
68.40411480822978
20
48.72809245618487
42
1
10
70.33451866903751
20
48.72809245618487
42
1
97
1
330

75
0
76
1
47
0.8681437583925616
98
1
10
3.629517071192367
20
33.92795499968543
450
0
451
0
460
0
461
0
452
1
462
1
453
2
463
0
63
5
421
255
463
1
63
7
421
16777215
470
LINEAR
1001
ACAD
1010
0
1020
0
1030
0
  0
CIRCLE
  5
998
330
1F
100
AcDbEntity
  8
BottomSolderMaskLayer
100
AcDbCircle
 10
69.36906273812565
 20
48.72809245618487
 30
0.0
 40
0.4108108108108109
  0
CIRCLE
  5
999
330
1F
100
AcDbEntity
  8
BottomSolderMaskLayer
100
AcDbCircle
 10
69.36931673863364
 20
48.72809245618487
 30
0.0
 40
0.9652019304038612
0
HATCH
5
99a
100
AcDbEntity
8
BottomSolderMaskLayer
100
AcDbHatch
10
0
20
0
30
0
210
0
220
0
230
1
2
SOLID
70
1
71
0
91
1
92
7
72
1
73
1
93
2
10
68.40411480822978
20
48.72809245618487
42
1
10
70.33451866903751
20
48.72809245618487
42
1
97
1
330

75
0
76
1
47
0.8681437583925616
98
1
10
3.629517071192367
20
33.92795499968543
450
0
451
0
460
0
461
0
452
1
462
1
453
2
463
0
63
5
421
255
463
1
63
7
421
16777215
470
LINEAR
1001
ACAD
1010
0
1020
0
1030
0
  0
CIRCLE
  5
99b
330
1F
100
AcDbEntity
  8
Multi-Layer
100
AcDbCircle
 10
69.36906273812565
 20
48.72809245618487
 30
0.0
 40
0.4
  0
CIRCLE
  5
99c
330
1F
100
AcDbEntity
  8
Multi-Layer
100
AcDbCircle
 10
69.36931673863364
 20
48.72809245618487
 30
0.0
 40
0.9398018796037594
0
HATCH
5
99d
100
AcDbEntity
8
Multi-Layer
100
AcDbHatch
10
0
20
0
30
0
210
0
220
0
230
1
2
SOLID
70
1
71
0
91
1
92
7
72
1
73
1
93
2
10
68.42951485902988
20
48.72809245618487
42
1
10
70.3091186182374
20
48.72809245618487
42
1
97
1
330

75
0
76
1
47
0.8681437583925616
98
1
10
3.629517071192367
20
33.92795499968543
450
0
451
0
460
0
461
0
452
1
462
1
453
2
463
0
63
5
421
255
463
1
63
7
421
16777215
470
LINEAR
1001
ACAD
1010
0
1020
0
1030
0
  0
CIRCLE
  5
99e
330
1F
100
AcDbEntity
  8
TopSolderMaskLayer
100
AcDbCircle
 10
127.91617983235983
 20
31.32905765811529
 30
0.0
 40
0.4108108108108109
  0
CIRCLE
  5
99f
330
1F
100
AcDbEntity
  8
TopSolderMaskLayer
100
AcDbCircle
 10
127.91643383286782
 20
31.32905765811529
 30
0.0
 40
0.9652019304038612
0
HATCH
5
9a0
100
AcDbEntity
8
TopSolderMaskLayer
100
AcDbHatch
10
0
20
0
30
0
210
0
220
0
230
1
2
SOLID
70
1
71
0
91
1
92
7
72
1
73
1
93
2
10
126.95123190246396
20
31.32905765811529
42
1
10
128.88163576327167
20
31.32905765811529
42
1
97
1
330

75
0
76
1
47
0.8681437583925616
98
1
10
3.629517071192367
20
33.92795499968543
450
0
451
0
460
0
461
0
452
1
462
1
453
2
463
0
63
5
421
255
463
1
63
7
421
16777215
470
LINEAR
1001
ACAD
1010
0
1020
0
1030
0
  0
CIRCLE
  5
9a1
330
1F
100
AcDbEntity
  8
BottomSolderMaskLayer
100
AcDbCircle
 10
127.91617983235983
 20
31.32905765811529
 30
0.0
 40
0.4108108108108109
  0
CIRCLE
  5
9a2
330
1F
100
AcDbEntity
  8
BottomSolderMaskLayer
100
AcDbCircle
 10
127.91643383286782
 20
31.32905765811529
 30
0.0
 40
0.9652019304038612
0
HATCH
5
9a3
100
AcDbEntity
8
BottomSolderMaskLayer
100
AcDbHatch
10
0
20
0
30
0
210
0
220
0
230
1
2
SOLID
70
1
71
0
91
1
92
7
72
1
73
1
93
2
10
126.95123190246396
20
31.32905765811529
42
1
10
128.88163576327167
20
31.32905765811529
42
1
97
1
330

75
0
76
1
47
0.8681437583925616
98
1
10
3.629517071192367
20
33.92795499968543
450
0
451
0
460
0
461
0
452
1
462
1
453
2
463
0
63
5
421
255
463
1
63
7
421
16777215
470
LINEAR
1001
ACAD
1010
0
1020
0
1030
0
  0
CIRCLE
  5
9a4
330
1F
100
AcDbEntity
  8
Multi-Layer
100
AcDbCircle
 10
127.91617983235983
 20
31.32905765811529
 30
0.0
 40
0.4
  0
CIRCLE
  5
9a5
330
1F
100
AcDbEntity
  8
Multi-Layer
100
AcDbCircle
 10
127.91643383286782
 20
31.32905765811529
 30
0.0
 40
0.9398018796037594
0
HATCH
5
9a6
100
AcDbEntity
8
Multi-Layer
100
AcDbHatch
10
0
20
0
30
0
210
0
220
0
230
1
2
SOLID
70
1
71
0
91
1
92
7
72
1
73
1
93
2
10
126.97663195326406
20
31.32905765811529
42
1
10
128.85623571247157
20
31.32905765811529
42
1
97
1
330

75
0
76
1
47
0.8681437583925616
98
1
10
3.629517071192367
20
33.92795499968543
450
0
451
0
460
0
461
0
452
1
462
1
453
2
463
0
63
5
421
255
463
1
63
7
421
16777215
470
LINEAR
1001
ACAD
1010
0
1020
0
1030
0
  0
CIRCLE
  5
9a7
330
1F
100
AcDbEntity
  8
TopSolderMaskLayer
100
AcDbCircle
 10
127.91617983235983
 20
38.9490728981458
 30
0.0
 40
0.4108108108108109
  0
CIRCLE
  5
9a8
330
1F
100
AcDbEntity
  8
TopSolderMaskLayer
100
AcDbCircle
 10
127.91643383286782
 20
38.9490728981458
 30
0.0
 40
0.9652019304038612
0
HATCH
5
9a9
100
AcDbEntity
8
TopSolderMaskLayer
100
AcDbHatch
10
0
20
0
30
0
210
0
220
0
230
1
2
SOLID
70
1
71
0
91
1
92
7
72
1
73
1
93
2
10
126.95123190246396
20
38.9490728981458
42
1
10
128.88163576327167
20
38.9490728981458
42
1
97
1
330

75
0
76
1
47
0.8681437583925616
98
1
10
3.629517071192367
20
33.92795499968543
450
0
451
0
460
0
461
0
452
1
462
1
453
2
463
0
63
5
421
255
463
1
63
7
421
16777215
470
LINEAR
1001
ACAD
1010
0
1020
0
1030
0
  0
CIRCLE
  5
9aa
330
1F
100
AcDbEntity
  8
BottomSolderMaskLayer
100
AcDbCircle
 10
127.91617983235983
 20
38.9490728981458
 30
0.0
 40
0.4108108108108109
  0
CIRCLE
  5
9ab
330
1F
100
AcDbEntity
  8
BottomSolderMaskLayer
100
AcDbCircle
 10
127.91643383286782
 20
38.9490728981458
 30
0.0
 40
0.9652019304038612
0
HATCH
5
9ac
100
AcDbEntity
8
BottomSolderMaskLayer
100
AcDbHatch
10
0
20
0
30
0
210
0
220
0
230
1
2
SOLID
70
1
71
0
91
1
92
7
72
1
73
1
93
2
10
126.95123190246396
20
38.9490728981458
42
1
10
128.88163576327167
20
38.9490728981458
42
1
97
1
330

75
0
76
1
47
0.8681437583925616
98
1
10
3.629517071192367
20
33.92795499968543
450
0
451
0
460
0
461
0
452
1
462
1
453
2
463
0
63
5
421
255
463
1
63
7
421
16777215
470
LINEAR
1001
ACAD
1010
0
1020
0
1030
0
  0
CIRCLE
  5
9ad
330
1F
100
AcDbEntity
  8
Multi-Layer
100
AcDbCircle
 10
127.91617983235983
 20
38.9490728981458
 30
0.0
 40
0.4
  0
CIRCLE
  5
9ae
330
1F
100
AcDbEntity
  8
Multi-Layer
100
AcDbCircle
 10
127.91643383286782
 20
38.9490728981458
 30
0.0
 40
0.9398018796037594
0
HATCH
5
9af
100
AcDbEntity
8
Multi-Layer
100
AcDbHatch
10
0
20
0
30
0
210
0
220
0
230
1
2
SOLID
70
1
71
0
91
1
92
7
72
1
73
1
93
2
10
126.97663195326406
20
38.9490728981458
42
1
10
128.85623571247157
20
38.9490728981458
42
1
97
1
330

75
0
76
1
47
0.8681437583925616
98
1
10
3.629517071192367
20
33.92795499968543
450
0
451
0
460
0
461
0
452
1
462
1
453
2
463
0
63
5
421
255
463
1
63
7
421
16777215
470
LINEAR
1001
ACAD
1010
0
1020
0
1030
0
  0
CIRCLE
  5
9b0
330
1F
100
AcDbEntity
  8
TopSolderMaskLayer
100
AcDbCircle
 10
103.53213106426233
 20
8.723012446024882
 30
0.0
 40
0.4108108108108109
  0
CIRCLE
  5
9b1
330
1F
100
AcDbEntity
  8
TopSolderMaskLayer
100
AcDbCircle
 10
103.53213106426233
 20
8.722758445516888
 30
0.0
 40
0.9652019304038612
0
HATCH
5
9b2
100
AcDbEntity
8
TopSolderMaskLayer
100
AcDbHatch
10
0
20
0
30
0
210
0
220
0
230
1
2
SOLID
70
1
71
0
91
1
92
7
72
1
73
1
93
2
10
102.56692913385847
20
8.722758445516888
42
1
10
104.4973329946662
20
8.722758445516888
42
1
97
1
330

75
0
76
1
47
0.8681437583925616
98
1
10
3.629517071192367
20
33.92795499968543
450
0
451
0
460
0
461
0
452
1
462
1
453
2
463
0
63
5
421
255
463
1
63
7
421
16777215
470
LINEAR
1001
ACAD
1010
0
1020
0
1030
0
  0
CIRCLE
  5
9b3
330
1F
100
AcDbEntity
  8
BottomSolderMaskLayer
100
AcDbCircle
 10
103.53213106426233
 20
8.723012446024882
 30
0.0
 40
0.4108108108108109
  0
CIRCLE
  5
9b4
330
1F
100
AcDbEntity
  8
BottomSolderMaskLayer
100
AcDbCircle
 10
103.53213106426233
 20
8.722758445516888
 30
0.0
 40
0.9652019304038612
0
HATCH
5
9b5
100
AcDbEntity
8
BottomSolderMaskLayer
100
AcDbHatch
10
0
20
0
30
0
210
0
220
0
230
1
2
SOLID
70
1
71
0
91
1
92
7
72
1
73
1
93
2
10
102.56692913385847
20
8.722758445516888
42
1
10
104.4973329946662
20
8.722758445516888
42
1
97
1
330

75
0
76
1
47
0.8681437583925616
98
1
10
3.629517071192367
20
33.92795499968543
450
0
451
0
460
0
461
0
452
1
462
1
453
2
463
0
63
5
421
255
463
1
63
7
421
16777215
470
LINEAR
1001
ACAD
1010
0
1020
0
1030
0
  0
CIRCLE
  5
9b6
330
1F
100
AcDbEntity
  8
Multi-Layer
100
AcDbCircle
 10
103.53213106426233
 20
8.723012446024882
 30
0.0
 40
0.4
  0
CIRCLE
  5
9b7
330
1F
100
AcDbEntity
  8
Multi-Layer
100
AcDbCircle
 10
103.53213106426233
 20
8.722758445516888
 30
0.0
 40
0.9398018796037594
0
HATCH
5
9b8
100
AcDbEntity
8
Multi-Layer
100
AcDbHatch
10
0
20
0
30
0
210
0
220
0
230
1
2
SOLID
70
1
71
0
91
1
92
7
72
1
73
1
93
2
10
102.59232918465857
20
8.722758445516888
42
1
10
104.4719329438661
20
8.722758445516888
42
1
97
1
330

75
0
76
1
47
0.8681437583925616
98
1
10
3.629517071192367
20
33.92795499968543
450
0
451
0
460
0
461
0
452
1
462
1
453
2
463
0
63
5
421
255
463
1
63
7
421
16777215
470
LINEAR
1001
ACAD
1010
0
1020
0
1030
0
  0
CIRCLE
  5
9b9
330
1F
100
AcDbEntity
  8
TopSolderMaskLayer
100
AcDbCircle
 10
95.91211582423193
 20
8.723012446024882
 30
0.0
 40
0.4108108108108109
  0
CIRCLE
  5
9ba
330
1F
100
AcDbEntity
  8
TopSolderMaskLayer
100
AcDbCircle
 10
95.91211582423193
 20
8.722758445516888
 30
0.0
 40
0.9652019304038612
0
HATCH
5
9bb
100
AcDbEntity
8
TopSolderMaskLayer
100
AcDbHatch
10
0
20
0
30
0
210
0
220
0
230
1
2
SOLID
70
1
71
0
91
1
92
7
72
1
73
1
93
2
10
94.94691389382807
20
8.722758445516888
42
1
10
96.8773177546358
20
8.722758445516888
42
1
97
1
330

75
0
76
1
47
0.8681437583925616
98
1
10
3.629517071192367
20
33.92795499968543
450
0
451
0
460
0
461
0
452
1
462
1
453
2
463
0
63
5
421
255
463
1
63
7
421
16777215
470
LINEAR
1001
ACAD
1010
0
1020
0
1030
0
  0
CIRCLE
  5
9bc
330
1F
100
AcDbEntity
  8
BottomSolderMaskLayer
100
AcDbCircle
 10
95.91211582423193
 20
8.723012446024882
 30
0.0
 40
0.4108108108108109
  0
CIRCLE
  5
9bd
330
1F
100
AcDbEntity
  8
BottomSolderMaskLayer
100
AcDbCircle
 10
95.91211582423193
 20
8.722758445516888
 30
0.0
 40
0.9652019304038612
0
HATCH
5
9be
100
AcDbEntity
8
BottomSolderMaskLayer
100
AcDbHatch
10
0
20
0
30
0
210
0
220
0
230
1
2
SOLID
70
1
71
0
91
1
92
7
72
1
73
1
93
2
10
94.94691389382807
20
8.722758445516888
42
1
10
96.8773177546358
20
8.722758445516888
42
1
97
1
330

75
0
76
1
47
0.8681437583925616
98
1
10
3.629517071192367
20
33.92795499968543
450
0
451
0
460
0
461
0
452
1
462
1
453
2
463
0
63
5
421
255
463
1
63
7
421
16777215
470
LINEAR
1001
ACAD
1010
0
1020
0
1030
0
  0
CIRCLE
  5
9bf
330
1F
100
AcDbEntity
  8
Multi-Layer
100
AcDbCircle
 10
95.91211582423193
 20
8.723012446024882
 30
0.0
 40
0.4
  0
CIRCLE
  5
9c0
330
1F
100
AcDbEntity
  8
Multi-Layer
100
AcDbCircle
 10
95.91211582423193
 20
8.722758445516888
 30
0.0
 40
0.9398018796037594
0
HATCH
5
9c1
100
AcDbEntity
8
Multi-Layer
100
AcDbHatch
10
0
20
0
30
0
210
0
220
0
230
1
2
SOLID
70
1
71
0
91
1
92
7
72
1
73
1
93
2
10
94.97231394462817
20
8.722758445516888
42
1
10
96.8519177038357
20
8.722758445516888
42
1
97
1
330

75
0
76
1
47
0.8681437583925616
98
1
10
3.629517071192367
20
33.92795499968543
450
0
451
0
460
0
461
0
452
1
462
1
453
2
463
0
63
5
421
255
463
1
63
7
421
16777215
470
LINEAR
1001
ACAD
1010
0
1020
0
1030
0
  0
CIRCLE
  5
9c2
330
1F
100
AcDbEntity
  8
TopSolderMaskLayer
100
AcDbCircle
 10
103.53213106426233
 20
14.946024892049763
 30
0.0
 40
0.4108108108108109
  0
CIRCLE
  5
9c3
330
1F
100
AcDbEntity
  8
TopSolderMaskLayer
100
AcDbCircle
 10
103.53213106426233
 20
14.946024892049763
 30
0.0
 40
0.9652019304038612
0
HATCH
5
9c4
100
AcDbEntity
8
TopSolderMaskLayer
100
AcDbHatch
10
0
20
0
30
0
210
0
220
0
230
1
2
SOLID
70
1
71
0
91
1
92
7
72
1
73
1
93
2
10
102.56692913385847
20
14.946024892049763
42
1
10
104.4973329946662
20
14.946024892049763
42
1
97
1
330

75
0
76
1
47
0.8681437583925616
98
1
10
3.629517071192367
20
33.92795499968543
450
0
451
0
460
0
461
0
452
1
462
1
453
2
463
0
63
5
421
255
463
1
63
7
421
16777215
470
LINEAR
1001
ACAD
1010
0
1020
0
1030
0
  0
CIRCLE
  5
9c5
330
1F
100
AcDbEntity
  8
BottomSolderMaskLayer
100
AcDbCircle
 10
103.53213106426233
 20
14.946024892049763
 30
0.0
 40
0.4108108108108109
  0
CIRCLE
  5
9c6
330
1F
100
AcDbEntity
  8
BottomSolderMaskLayer
100
AcDbCircle
 10
103.53213106426233
 20
14.946024892049763
 30
0.0
 40
0.9652019304038612
0
HATCH
5
9c7
100
AcDbEntity
8
BottomSolderMaskLayer
100
AcDbHatch
10
0
20
0
30
0
210
0
220
0
230
1
2
SOLID
70
1
71
0
91
1
92
7
72
1
73
1
93
2
10
102.56692913385847
20
14.946024892049763
42
1
10
104.4973329946662
20
14.946024892049763
42
1
97
1
330

75
0
76
1
47
0.8681437583925616
98
1
10
3.629517071192367
20
33.92795499968543
450
0
451
0
460
0
461
0
452
1
462
1
453
2
463
0
63
5
421
255
463
1
63
7
421
16777215
470
LINEAR
1001
ACAD
1010
0
1020
0
1030
0
  0
CIRCLE
  5
9c8
330
1F
100
AcDbEntity
  8
Multi-Layer
100
AcDbCircle
 10
103.53213106426233
 20
14.946024892049763
 30
0.0
 40
0.4
  0
CIRCLE
  5
9c9
330
1F
100
AcDbEntity
  8
Multi-Layer
100
AcDbCircle
 10
103.53213106426233
 20
14.946024892049763
 30
0.0
 40
0.9398018796037594
0
HATCH
5
9ca
100
AcDbEntity
8
Multi-Layer
100
AcDbHatch
10
0
20
0
30
0
210
0
220
0
230
1
2
SOLID
70
1
71
0
91
1
92
7
72
1
73
1
93
2
10
102.59232918465857
20
14.946024892049763
42
1
10
104.4719329438661
20
14.946024892049763
42
1
97
1
330

75
0
76
1
47
0.8681437583925616
98
1
10
3.629517071192367
20
33.92795499968543
450
0
451
0
460
0
461
0
452
1
462
1
453
2
463
0
63
5
421
255
463
1
63
7
421
16777215
470
LINEAR
1001
ACAD
1010
0
1020
0
1030
0
  0
CIRCLE
  5
9cb
330
1F
100
AcDbEntity
  8
TopSolderMaskLayer
100
AcDbCircle
 10
95.91211582423193
 20
14.946024892049763
 30
0.0
 40
0.4108108108108109
  0
CIRCLE
  5
9cc
330
1F
100
AcDbEntity
  8
TopSolderMaskLayer
100
AcDbCircle
 10
95.91211582423193
 20
14.946024892049763
 30
0.0
 40
0.9652019304038612
0
HATCH
5
9cd
100
AcDbEntity
8
TopSolderMaskLayer
100
AcDbHatch
10
0
20
0
30
0
210
0
220
0
230
1
2
SOLID
70
1
71
0
91
1
92
7
72
1
73
1
93
2
10
94.94691389382807
20
14.946024892049763
42
1
10
96.8773177546358
20
14.946024892049763
42
1
97
1
330

75
0
76
1
47
0.8681437583925616
98
1
10
3.629517071192367
20
33.92795499968543
450
0
451
0
460
0
461
0
452
1
462
1
453
2
463
0
63
5
421
255
463
1
63
7
421
16777215
470
LINEAR
1001
ACAD
1010
0
1020
0
1030
0
  0
CIRCLE
  5
9ce
330
1F
100
AcDbEntity
  8
BottomSolderMaskLayer
100
AcDbCircle
 10
95.91211582423193
 20
14.946024892049763
 30
0.0
 40
0.4108108108108109
  0
CIRCLE
  5
9cf
330
1F
100
AcDbEntity
  8
BottomSolderMaskLayer
100
AcDbCircle
 10
95.91211582423193
 20
14.946024892049763
 30
0.0
 40
0.9652019304038612
0
HATCH
5
9d0
100
AcDbEntity
8
BottomSolderMaskLayer
100
AcDbHatch
10
0
20
0
30
0
210
0
220
0
230
1
2
SOLID
70
1
71
0
91
1
92
7
72
1
73
1
93
2
10
94.94691389382807
20
14.946024892049763
42
1
10
96.8773177546358
20
14.946024892049763
42
1
97
1
330

75
0
76
1
47
0.8681437583925616
98
1
10
3.629517071192367
20
33.92795499968543
450
0
451
0
460
0
461
0
452
1
462
1
453
2
463
0
63
5
421
255
463
1
63
7
421
16777215
470
LINEAR
1001
ACAD
1010
0
1020
0
1030
0
  0
CIRCLE
  5
9d1
330
1F
100
AcDbEntity
  8
Multi-Layer
100
AcDbCircle
 10
95.91211582423193
 20
14.946024892049763
 30
0.0
 40
0.4
  0
CIRCLE
  5
9d2
330
1F
100
AcDbEntity
  8
Multi-Layer
100
AcDbCircle
 10
95.91211582423193
 20
14.946024892049763
 30
0.0
 40
0.9398018796037594
0
HATCH
5
9d3
100
AcDbEntity
8
Multi-Layer
100
AcDbHatch
10
0
20
0
30
0
210
0
220
0
230
1
2
SOLID
70
1
71
0
91
1
92
7
72
1
73
1
93
2
10
94.97231394462817
20
14.946024892049763
42
1
10
96.8519177038357
20
14.946024892049763
42
1
97
1
330

75
0
76
1
47
0.8681437583925616
98
1
10
3.629517071192367
20
33.92795499968543
450
0
451
0
460
0
461
0
452
1
462
1
453
2
463
0
63
5
421
255
463
1
63
7
421
16777215
470
LINEAR
1001
ACAD
1010
0
1020
0
1030
0
  0
CIRCLE
  5
9d4
330
1F
100
AcDbEntity
  8
TopSolderMaskLayer
100
AcDbCircle
 10
101.0190500381002
 20
56.769240538481085
 30
0.0
 40
0.4081280162560325
  0
CIRCLE
  5
9d5
330
1F
100
AcDbEntity
  8
TopSolderMaskLayer
100
AcDbCircle
 10
101.0190500381002
 20
56.76898653797309
 30
0.0
 40
1.2754000508001015
0
HATCH
5
9d6
100
AcDbEntity
8
TopSolderMaskLayer
100
AcDbHatch
10
0
20
0
30
0
210
0
220
0
230
1
2
SOLID
70
1
71
0
91
1
92
7
72
1
73
1
93
2
10
99.7436499873001
20
56.76898653797309
42
1
10
102.2944500889003
20
56.76898653797309
42
1
97
1
330

75
0
76
1
47
0.8681437583925616
98
1
10
3.629517071192367
20
33.92795499968543
450
0
451
0
460
0
461
0
452
1
462
1
453
2
463
0
63
5
421
255
463
1
63
7
421
16777215
470
LINEAR
1001
ACAD
1010
0
1020
0
1030
0
  0
CIRCLE
  5
9d7
330
1F
100
AcDbEntity
  8
BottomSolderMaskLayer
100
AcDbCircle
 10
101.0190500381002
 20
56.769240538481085
 30
0.0
 40
0.4081280162560325
  0
CIRCLE
  5
9d8
330
1F
100
AcDbEntity
  8
BottomSolderMaskLayer
100
AcDbCircle
 10
101.0190500381002
 20
56.76898653797309
 30
0.0
 40
1.2754000508001015
0
HATCH
5
9d9
100
AcDbEntity
8
BottomSolderMaskLayer
100
AcDbHatch
10
0
20
0
30
0
210
0
220
0
230
1
2
SOLID
70
1
71
0
91
1
92
7
72
1
73
1
93
2
10
99.7436499873001
20
56.76898653797309
42
1
10
102.2944500889003
20
56.76898653797309
42
1
97
1
330

75
0
76
1
47
0.8681437583925616
98
1
10
3.629517071192367
20
33.92795499968543
450
0
451
0
460
0
461
0
452
1
462
1
453
2
463
0
63
5
421
255
463
1
63
7
421
16777215
470
LINEAR
1001
ACAD
1010
0
1020
0
1030
0
  0
CIRCLE
  5
9da
330
1F
100
AcDbEntity
  8
Multi-Layer
100
AcDbCircle
 10
101.0190500381002
 20
56.769240538481085
 30
0.0
 40
0.4
  0
CIRCLE
  5
9db
330
1F
100
AcDbEntity
  8
Multi-Layer
100
AcDbCircle
 10
101.0190500381002
 20
56.76898653797309
 30
0.0
 40
1.25
0
HATCH
5
9dc
100
AcDbEntity
8
Multi-Layer
100
AcDbHatch
10
0
20
0
30
0
210
0
220
0
230
1
2
SOLID
70
1
71
0
91
1
92
7
72
1
73
1
93
2
10
99.7690500381002
20
56.76898653797309
42
1
10
102.2690500381002
20
56.76898653797309
42
1
97
1
330

75
0
76
1
47
0.8681437583925616
98
1
10
3.629517071192367
20
33.92795499968543
450
0
451
0
460
0
461
0
452
1
462
1
453
2
463
0
63
5
421
255
463
1
63
7
421
16777215
470
LINEAR
1001
ACAD
1010
0
1020
0
1030
0
  0
CIRCLE
  5
9dd
330
1F
100
AcDbEntity
  8
TopSolderMaskLayer
100
AcDbCircle
 10
88.5191770383542
 20
56.769240538481085
 30
0.0
 40
0.4081280162560325
  0
CIRCLE
  5
9de
330
1F
100
AcDbEntity
  8
TopSolderMaskLayer
100
AcDbCircle
 10
88.5191770383542
 20
56.76898653797309
 30
0.0
 40
1.2754000508001015
0
HATCH
5
9df
100
AcDbEntity
8
TopSolderMaskLayer
100
AcDbHatch
10
0
20
0
30
0
210
0
220
0
230
1
2
SOLID
70
1
71
0
91
1
92
7
72
1
73
1
93
2
10
87.2437769875541
20
56.76898653797309
42
1
10
89.7945770891543
20
56.76898653797309
42
1
97
1
330

75
0
76
1
47
0.8681437583925616
98
1
10
3.629517071192367
20
33.92795499968543
450
0
451
0
460
0
461
0
452
1
462
1
453
2
463
0
63
5
421
255
463
1
63
7
421
16777215
470
LINEAR
1001
ACAD
1010
0
1020
0
1030
0
  0
CIRCLE
  5
9e0
330
1F
100
AcDbEntity
  8
BottomSolderMaskLayer
100
AcDbCircle
 10
88.5191770383542
 20
56.769240538481085
 30
0.0
 40
0.4081280162560325
  0
CIRCLE
  5
9e1
330
1F
100
AcDbEntity
  8
BottomSolderMaskLayer
100
AcDbCircle
 10
88.5191770383542
 20
56.76898653797309
 30
0.0
 40
1.2754000508001015
0
HATCH
5
9e2
100
AcDbEntity
8
BottomSolderMaskLayer
100
AcDbHatch
10
0
20
0
30
0
210
0
220
0
230
1
2
SOLID
70
1
71
0
91
1
92
7
72
1
73
1
93
2
10
87.2437769875541
20
56.76898653797309
42
1
10
89.7945770891543
20
56.76898653797309
42
1
97
1
330

75
0
76
1
47
0.8681437583925616
98
1
10
3.629517071192367
20
33.92795499968543
450
0
451
0
460
0
461
0
452
1
462
1
453
2
463
0
63
5
421
255
463
1
63
7
421
16777215
470
LINEAR
1001
ACAD
1010
0
1020
0
1030
0
  0
CIRCLE
  5
9e3
330
1F
100
AcDbEntity
  8
Multi-Layer
100
AcDbCircle
 10
88.5191770383542
 20
56.769240538481085
 30
0.0
 40
0.4
  0
CIRCLE
  5
9e4
330
1F
100
AcDbEntity
  8
Multi-Layer
100
AcDbCircle
 10
88.5191770383542
 20
56.76898653797309
 30
0.0
 40
1.25
0
HATCH
5
9e5
100
AcDbEntity
8
Multi-Layer
100
AcDbHatch
10
0
20
0
30
0
210
0
220
0
230
1
2
SOLID
70
1
71
0
91
1
92
7
72
1
73
1
93
2
10
87.2691770383542
20
56.76898653797309
42
1
10
89.7691770383542
20
56.76898653797309
42
1
97
1
330

75
0
76
1
47
0.8681437583925616
98
1
10
3.629517071192367
20
33.92795499968543
450
0
451
0
460
0
461
0
452
1
462
1
453
2
463
0
63
5
421
255
463
1
63
7
421
16777215
470
LINEAR
1001
ACAD
1010
0
1020
0
1030
0
  0
CIRCLE
  5
9e6
330
1F
100
AcDbEntity
  8
TopSolderMaskLayer
100
AcDbCircle
 10
101.0190500381002
 20
61.769240538481085
 30
0.0
 40
0.4081280162560325
  0
CIRCLE
  5
9e7
330
1F
100
AcDbEntity
  8
TopSolderMaskLayer
100
AcDbCircle
 10
101.0190500381002
 20
61.76898653797309
 30
0.0
 40
1.2754000508001015
0
HATCH
5
9e8
100
AcDbEntity
8
TopSolderMaskLayer
100
AcDbHatch
10
0
20
0
30
0
210
0
220
0
230
1
2
SOLID
70
1
71
0
91
1
92
7
72
1
73
1
93
2
10
99.7436499873001
20
61.76898653797309
42
1
10
102.2944500889003
20
61.76898653797309
42
1
97
1
330

75
0
76
1
47
0.8681437583925616
98
1
10
3.629517071192367
20
33.92795499968543
450
0
451
0
460
0
461
0
452
1
462
1
453
2
463
0
63
5
421
255
463
1
63
7
421
16777215
470
LINEAR
1001
ACAD
1010
0
1020
0
1030
0
  0
CIRCLE
  5
9e9
330
1F
100
AcDbEntity
  8
BottomSolderMaskLayer
100
AcDbCircle
 10
101.0190500381002
 20
61.769240538481085
 30
0.0
 40
0.4081280162560325
  0
CIRCLE
  5
9ea
330
1F
100
AcDbEntity
  8
BottomSolderMaskLayer
100
AcDbCircle
 10
101.0190500381002
 20
61.76898653797309
 30
0.0
 40
1.2754000508001015
0
HATCH
5
9eb
100
AcDbEntity
8
BottomSolderMaskLayer
100
AcDbHatch
10
0
20
0
30
0
210
0
220
0
230
1
2
SOLID
70
1
71
0
91
1
92
7
72
1
73
1
93
2
10
99.7436499873001
20
61.76898653797309
42
1
10
102.2944500889003
20
61.76898653797309
42
1
97
1
330

75
0
76
1
47
0.8681437583925616
98
1
10
3.629517071192367
20
33.92795499968543
450
0
451
0
460
0
461
0
452
1
462
1
453
2
463
0
63
5
421
255
463
1
63
7
421
16777215
470
LINEAR
1001
ACAD
1010
0
1020
0
1030
0
  0
CIRCLE
  5
9ec
330
1F
100
AcDbEntity
  8
Multi-Layer
100
AcDbCircle
 10
101.0190500381002
 20
61.769240538481085
 30
0.0
 40
0.4
  0
CIRCLE
  5
9ed
330
1F
100
AcDbEntity
  8
Multi-Layer
100
AcDbCircle
 10
101.0190500381002
 20
61.76898653797309
 30
0.0
 40
1.25
0
HATCH
5
9ee
100
AcDbEntity
8
Multi-Layer
100
AcDbHatch
10
0
20
0
30
0
210
0
220
0
230
1
2
SOLID
70
1
71
0
91
1
92
7
72
1
73
1
93
2
10
99.7690500381002
20
61.76898653797309
42
1
10
102.2690500381002
20
61.76898653797309
42
1
97
1
330

75
0
76
1
47
0.8681437583925616
98
1
10
3.629517071192367
20
33.92795499968543
450
0
451
0
460
0
461
0
452
1
462
1
453
2
463
0
63
5
421
255
463
1
63
7
421
16777215
470
LINEAR
1001
ACAD
1010
0
1020
0
1030
0
  0
CIRCLE
  5
9ef
330
1F
100
AcDbEntity
  8
TopSolderMaskLayer
100
AcDbCircle
 10
88.5191770383542
 20
61.769240538481085
 30
0.0
 40
0.4081280162560325
  0
CIRCLE
  5
9f0
330
1F
100
AcDbEntity
  8
TopSolderMaskLayer
100
AcDbCircle
 10
88.5191770383542
 20
61.76898653797309
 30
0.0
 40
1.2754000508001015
0
HATCH
5
9f1
100
AcDbEntity
8
TopSolderMaskLayer
100
AcDbHatch
10
0
20
0
30
0
210
0
220
0
230
1
2
SOLID
70
1
71
0
91
1
92
7
72
1
73
1
93
2
10
87.2437769875541
20
61.76898653797309
42
1
10
89.7945770891543
20
61.76898653797309
42
1
97
1
330

75
0
76
1
47
0.8681437583925616
98
1
10
3.629517071192367
20
33.92795499968543
450
0
451
0
460
0
461
0
452
1
462
1
453
2
463
0
63
5
421
255
463
1
63
7
421
16777215
470
LINEAR
1001
ACAD
1010
0
1020
0
1030
0
  0
CIRCLE
  5
9f2
330
1F
100
AcDbEntity
  8
BottomSolderMaskLayer
100
AcDbCircle
 10
88.5191770383542
 20
61.769240538481085
 30
0.0
 40
0.4081280162560325
  0
CIRCLE
  5
9f3
330
1F
100
AcDbEntity
  8
BottomSolderMaskLayer
100
AcDbCircle
 10
88.5191770383542
 20
61.76898653797309
 30
0.0
 40
1.2754000508001015
0
HATCH
5
9f4
100
AcDbEntity
8
BottomSolderMaskLayer
100
AcDbHatch
10
0
20
0
30
0
210
0
220
0
230
1
2
SOLID
70
1
71
0
91
1
92
7
72
1
73
1
93
2
10
87.2437769875541
20
61.76898653797309
42
1
10
89.7945770891543
20
61.76898653797309
42
1
97
1
330

75
0
76
1
47
0.8681437583925616
98
1
10
3.629517071192367
20
33.92795499968543
450
0
451
0
460
0
461
0
452
1
462
1
453
2
463
0
63
5
421
255
463
1
63
7
421
16777215
470
LINEAR
1001
ACAD
1010
0
1020
0
1030
0
  0
CIRCLE
  5
9f5
330
1F
100
AcDbEntity
  8
Multi-Layer
100
AcDbCircle
 10
88.5191770383542
 20
61.769240538481085
 30
0.0
 40
0.4
  0
CIRCLE
  5
9f6
330
1F
100
AcDbEntity
  8
Multi-Layer
100
AcDbCircle
 10
88.5191770383542
 20
61.76898653797309
 30
0.0
 40
1.25
0
HATCH
5
9f7
100
AcDbEntity
8
Multi-Layer
100
AcDbHatch
10
0
20
0
30
0
210
0
220
0
230
1
2
SOLID
70
1
71
0
91
1
92
7
72
1
73
1
93
2
10
87.2691770383542
20
61.76898653797309
42
1
10
89.7691770383542
20
61.76898653797309
42
1
97
1
330

75
0
76
1
47
0.8681437583925616
98
1
10
3.629517071192367
20
33.92795499968543
450
0
451
0
460
0
461
0
452
1
462
1
453
2
463
0
63
5
421
255
463
1
63
7
421
16777215
470
LINEAR
1001
ACAD
1010
0
1020
0
1030
0
  0
CIRCLE
  5
9f8
330
1F
100
AcDbEntity
  8
TopSolderMaskLayer
100
AcDbCircle
 10
82.09601219202455
 20
56.896240792481535
 30
0.0
 40
0.4081280162560325
  0
CIRCLE
  5
9f9
330
1F
100
AcDbEntity
  8
TopSolderMaskLayer
100
AcDbCircle
 10
82.09601219202455
 20
56.895986791973655
 30
0.0
 40
1.2754000508001015
0
HATCH
5
9fa
100
AcDbEntity
8
TopSolderMaskLayer
100
AcDbHatch
10
0
20
0
30
0
210
0
220
0
230
1
2
SOLID
70
1
71
0
91
1
92
7
72
1
73
1
93
2
10
80.82061214122444
20
56.895986791973655
42
1
10
83.37141224282465
20
56.895986791973655
42
1
97
1
330

75
0
76
1
47
0.8681437583925616
98
1
10
3.629517071192367
20
33.92795499968543
450
0
451
0
460
0
461
0
452
1
462
1
453
2
463
0
63
5
421
255
463
1
63
7
421
16777215
470
LINEAR
1001
ACAD
1010
0
1020
0
1030
0
  0
CIRCLE
  5
9fb
330
1F
100
AcDbEntity
  8
BottomSolderMaskLayer
100
AcDbCircle
 10
82.09601219202455
 20
56.896240792481535
 30
0.0
 40
0.4081280162560325
  0
CIRCLE
  5
9fc
330
1F
100
AcDbEntity
  8
BottomSolderMaskLayer
100
AcDbCircle
 10
82.09601219202455
 20
56.895986791973655
 30
0.0
 40
1.2754000508001015
0
HATCH
5
9fd
100
AcDbEntity
8
BottomSolderMaskLayer
100
AcDbHatch
10
0
20
0
30
0
210
0
220
0
230
1
2
SOLID
70
1
71
0
91
1
92
7
72
1
73
1
93
2
10
80.82061214122444
20
56.895986791973655
42
1
10
83.37141224282465
20
56.895986791973655
42
1
97
1
330

75
0
76
1
47
0.8681437583925616
98
1
10
3.629517071192367
20
33.92795499968543
450
0
451
0
460
0
461
0
452
1
462
1
453
2
463
0
63
5
421
255
463
1
63
7
421
16777215
470
LINEAR
1001
ACAD
1010
0
1020
0
1030
0
  0
CIRCLE
  5
9fe
330
1F
100
AcDbEntity
  8
Multi-Layer
100
AcDbCircle
 10
82.09601219202455
 20
56.896240792481535
 30
0.0
 40
0.4
  0
CIRCLE
  5
9ff
330
1F
100
AcDbEntity
  8
Multi-Layer
100
AcDbCircle
 10
82.09601219202455
 20
56.895986791973655
 30
0.0
 40
1.25
0
HATCH
5
a00
100
AcDbEntity
8
Multi-Layer
100
AcDbHatch
10
0
20
0
30
0
210
0
220
0
230
1
2
SOLID
70
1
71
0
91
1
92
7
72
1
73
1
93
2
10
80.84601219202455
20
56.895986791973655
42
1
10
83.34601219202455
20
56.895986791973655
42
1
97
1
330

75
0
76
1
47
0.8681437583925616
98
1
10
3.629517071192367
20
33.92795499968543
450
0
451
0
460
0
461
0
452
1
462
1
453
2
463
0
63
5
421
255
463
1
63
7
421
16777215
470
LINEAR
1001
ACAD
1010
0
1020
0
1030
0
  0
CIRCLE
  5
a01
330
1F
100
AcDbEntity
  8
TopSolderMaskLayer
100
AcDbCircle
 10
69.59613919227854
 20
56.896240792481535
 30
0.0
 40
0.4081280162560325
  0
CIRCLE
  5
a02
330
1F
100
AcDbEntity
  8
TopSolderMaskLayer
100
AcDbCircle
 10
69.59613919227854
 20
56.895986791973655
 30
0.0
 40
1.2754000508001015
0
HATCH
5
a03
100
AcDbEntity
8
TopSolderMaskLayer
100
AcDbHatch
10
0
20
0
30
0
210
0
220
0
230
1
2
SOLID
70
1
71
0
91
1
92
7
72
1
73
1
93
2
10
68.32073914147844
20
56.895986791973655
42
1
10
70.87153924307864
20
56.895986791973655
42
1
97
1
330

75
0
76
1
47
0.8681437583925616
98
1
10
3.629517071192367
20
33.92795499968543
450
0
451
0
460
0
461
0
452
1
462
1
453
2
463
0
63
5
421
255
463
1
63
7
421
16777215
470
LINEAR
1001
ACAD
1010
0
1020
0
1030
0
  0
CIRCLE
  5
a04
330
1F
100
AcDbEntity
  8
BottomSolderMaskLayer
100
AcDbCircle
 10
69.59613919227854
 20
56.896240792481535
 30
0.0
 40
0.4081280162560325
  0
CIRCLE
  5
a05
330
1F
100
AcDbEntity
  8
BottomSolderMaskLayer
100
AcDbCircle
 10
69.59613919227854
 20
56.895986791973655
 30
0.0
 40
1.2754000508001015
0
HATCH
5
a06
100
AcDbEntity
8
BottomSolderMaskLayer
100
AcDbHatch
10
0
20
0
30
0
210
0
220
0
230
1
2
SOLID
70
1
71
0
91
1
92
7
72
1
73
1
93
2
10
68.32073914147844
20
56.895986791973655
42
1
10
70.87153924307864
20
56.895986791973655
42
1
97
1
330

75
0
76
1
47
0.8681437583925616
98
1
10
3.629517071192367
20
33.92795499968543
450
0
451
0
460
0
461
0
452
1
462
1
453
2
463
0
63
5
421
255
463
1
63
7
421
16777215
470
LINEAR
1001
ACAD
1010
0
1020
0
1030
0
  0
CIRCLE
  5
a07
330
1F
100
AcDbEntity
  8
Multi-Layer
100
AcDbCircle
 10
69.59613919227854
 20
56.896240792481535
 30
0.0
 40
0.4
  0
CIRCLE
  5
a08
330
1F
100
AcDbEntity
  8
Multi-Layer
100
AcDbCircle
 10
69.59613919227854
 20
56.895986791973655
 30
0.0
 40
1.25
0
HATCH
5
a09
100
AcDbEntity
8
Multi-Layer
100
AcDbHatch
10
0
20
0
30
0
210
0
220
0
230
1
2
SOLID
70
1
71
0
91
1
92
7
72
1
73
1
93
2
10
68.34613919227854
20
56.895986791973655
42
1
10
70.84613919227854
20
56.895986791973655
42
1
97
1
330

75
0
76
1
47
0.8681437583925616
98
1
10
3.629517071192367
20
33.92795499968543
450
0
451
0
460
0
461
0
452
1
462
1
453
2
463
0
63
5
421
255
463
1
63
7
421
16777215
470
LINEAR
1001
ACAD
1010
0
1020
0
1030
0
  0
CIRCLE
  5
a0a
330
1F
100
AcDbEntity
  8
TopSolderMaskLayer
100
AcDbCircle
 10
82.09601219202455
 20
61.896240792481535
 30
0.0
 40
0.4081280162560325
  0
CIRCLE
  5
a0b
330
1F
100
AcDbEntity
  8
TopSolderMaskLayer
100
AcDbCircle
 10
82.09601219202455
 20
61.895986791973655
 30
0.0
 40
1.2754000508001015
0
HATCH
5
a0c
100
AcDbEntity
8
TopSolderMaskLayer
100
AcDbHatch
10
0
20
0
30
0
210
0
220
0
230
1
2
SOLID
70
1
71
0
91
1
92
7
72
1
73
1
93
2
10
80.82061214122444
20
61.895986791973655
42
1
10
83.37141224282465
20
61.895986791973655
42
1
97
1
330

75
0
76
1
47
0.8681437583925616
98
1
10
3.629517071192367
20
33.92795499968543
450
0
451
0
460
0
461
0
452
1
462
1
453
2
463
0
63
5
421
255
463
1
63
7
421
16777215
470
LINEAR
1001
ACAD
1010
0
1020
0
1030
0
  0
CIRCLE
  5
a0d
330
1F
100
AcDbEntity
  8
BottomSolderMaskLayer
100
AcDbCircle
 10
82.09601219202455
 20
61.896240792481535
 30
0.0
 40
0.4081280162560325
  0
CIRCLE
  5
a0e
330
1F
100
AcDbEntity
  8
BottomSolderMaskLayer
100
AcDbCircle
 10
82.09601219202455
 20
61.895986791973655
 30
0.0
 40
1.2754000508001015
0
HATCH
5
a0f
100
AcDbEntity
8
BottomSolderMaskLayer
100
AcDbHatch
10
0
20
0
30
0
210
0
220
0
230
1
2
SOLID
70
1
71
0
91
1
92
7
72
1
73
1
93
2
10
80.82061214122444
20
61.895986791973655
42
1
10
83.37141224282465
20
61.895986791973655
42
1
97
1
330

75
0
76
1
47
0.8681437583925616
98
1
10
3.629517071192367
20
33.92795499968543
450
0
451
0
460
0
461
0
452
1
462
1
453
2
463
0
63
5
421
255
463
1
63
7
421
16777215
470
LINEAR
1001
ACAD
1010
0
1020
0
1030
0
  0
CIRCLE
  5
a10
330
1F
100
AcDbEntity
  8
Multi-Layer
100
AcDbCircle
 10
82.09601219202455
 20
61.896240792481535
 30
0.0
 40
0.4
  0
CIRCLE
  5
a11
330
1F
100
AcDbEntity
  8
Multi-Layer
100
AcDbCircle
 10
82.09601219202455
 20
61.895986791973655
 30
0.0
 40
1.25
0
HATCH
5
a12
100
AcDbEntity
8
Multi-Layer
100
AcDbHatch
10
0
20
0
30
0
210
0
220
0
230
1
2
SOLID
70
1
71
0
91
1
92
7
72
1
73
1
93
2
10
80.84601219202455
20
61.895986791973655
42
1
10
83.34601219202455
20
61.895986791973655
42
1
97
1
330

75
0
76
1
47
0.8681437583925616
98
1
10
3.629517071192367
20
33.92795499968543
450
0
451
0
460
0
461
0
452
1
462
1
453
2
463
0
63
5
421
255
463
1
63
7
421
16777215
470
LINEAR
1001
ACAD
1010
0
1020
0
1030
0
  0
CIRCLE
  5
a13
330
1F
100
AcDbEntity
  8
TopSolderMaskLayer
100
AcDbCircle
 10
69.59613919227854
 20
61.896240792481535
 30
0.0
 40
0.4081280162560325
  0
CIRCLE
  5
a14
330
1F
100
AcDbEntity
  8
TopSolderMaskLayer
100
AcDbCircle
 10
69.59613919227854
 20
61.895986791973655
 30
0.0
 40
1.2754000508001015
0
HATCH
5
a15
100
AcDbEntity
8
TopSolderMaskLayer
100
AcDbHatch
10
0
20
0
30
0
210
0
220
0
230
1
2
SOLID
70
1
71
0
91
1
92
7
72
1
73
1
93
2
10
68.32073914147844
20
61.895986791973655
42
1
10
70.87153924307864
20
61.895986791973655
42
1
97
1
330

75
0
76
1
47
0.8681437583925616
98
1
10
3.629517071192367
20
33.92795499968543
450
0
451
0
460
0
461
0
452
1
462
1
453
2
463
0
63
5
421
255
463
1
63
7
421
16777215
470
LINEAR
1001
ACAD
1010
0
1020
0
1030
0
  0
CIRCLE
  5
a16
330
1F
100
AcDbEntity
  8
BottomSolderMaskLayer
100
AcDbCircle
 10
69.59613919227854
 20
61.896240792481535
 30
0.0
 40
0.4081280162560325
  0
CIRCLE
  5
a17
330
1F
100
AcDbEntity
  8
BottomSolderMaskLayer
100
AcDbCircle
 10
69.59613919227854
 20
61.895986791973655
 30
0.0
 40
1.2754000508001015
0
HATCH
5
a18
100
AcDbEntity
8
BottomSolderMaskLayer
100
AcDbHatch
10
0
20
0
30
0
210
0
220
0
230
1
2
SOLID
70
1
71
0
91
1
92
7
72
1
73
1
93
2
10
68.32073914147844
20
61.895986791973655
42
1
10
70.87153924307864
20
61.895986791973655
42
1
97
1
330

75
0
76
1
47
0.8681437583925616
98
1
10
3.629517071192367
20
33.92795499968543
450
0
451
0
460
0
461
0
452
1
462
1
453
2
463
0
63
5
421
255
463
1
63
7
421
16777215
470
LINEAR
1001
ACAD
1010
0
1020
0
1030
0
  0
CIRCLE
  5
a19
330
1F
100
AcDbEntity
  8
Multi-Layer
100
AcDbCircle
 10
69.59613919227854
 20
61.896240792481535
 30
0.0
 40
0.4
  0
CIRCLE
  5
a1a
330
1F
100
AcDbEntity
  8
Multi-Layer
100
AcDbCircle
 10
69.59613919227854
 20
61.895986791973655
 30
0.0
 40
1.25
0
HATCH
5
a1b
100
AcDbEntity
8
Multi-Layer
100
AcDbHatch
10
0
20
0
30
0
210
0
220
0
230
1
2
SOLID
70
1
71
0
91
1
92
7
72
1
73
1
93
2
10
68.34613919227854
20
61.895986791973655
42
1
10
70.84613919227854
20
61.895986791973655
42
1
97
1
330

75
0
76
1
47
0.8681437583925616
98
1
10
3.629517071192367
20
33.92795499968543
450
0
451
0
460
0
461
0
452
1
462
1
453
2
463
0
63
5
421
255
463
1
63
7
421
16777215
470
LINEAR
1001
ACAD
1010
0
1020
0
1030
0
  0
CIRCLE
  5
ac4
330
1F
100
AcDbEntity
  8
TopSolderMaskLayer
100
AcDbCircle
 10
112.37515875031772
 20
48.56118872237744
 30
0.0
 40
0.4101600203200406
  0
CIRCLE
  5
ac5
330
1F
100
AcDbEntity
  8
TopSolderMaskLayer
100
AcDbCircle
 10
112.37515875031772
 20
48.56096012192029
 30
0.0
 40
1.0254000508001015
0
HATCH
5
ac6
100
AcDbEntity
8
TopSolderMaskLayer
100
AcDbHatch
10
0
20
0
30
0
210
0
220
0
230
1
2
SOLID
70
1
71
0
91
1
92
7
72
1
73
1
93
2
10
111.34975869951762
20
48.56096012192029
42
1
10
113.40055880111782
20
48.56096012192029
42
1
97
1
330

75
0
76
1
47
0.8681437583925616
98
1
10
3.629517071192367
20
33.92795499968543
450
0
451
0
460
0
461
0
452
1
462
1
453
2
463
0
63
5
421
255
463
1
63
7
421
16777215
470
LINEAR
1001
ACAD
1010
0
1020
0
1030
0
  0
CIRCLE
  5
ac7
330
1F
100
AcDbEntity
  8
BottomSolderMaskLayer
100
AcDbCircle
 10
112.37515875031772
 20
48.56118872237744
 30
0.0
 40
0.4101600203200406
  0
CIRCLE
  5
ac8
330
1F
100
AcDbEntity
  8
BottomSolderMaskLayer
100
AcDbCircle
 10
112.37515875031772
 20
48.56096012192029
 30
0.0
 40
1.0254000508001015
0
HATCH
5
ac9
100
AcDbEntity
8
BottomSolderMaskLayer
100
AcDbHatch
10
0
20
0
30
0
210
0
220
0
230
1
2
SOLID
70
1
71
0
91
1
92
7
72
1
73
1
93
2
10
111.34975869951762
20
48.56096012192029
42
1
10
113.40055880111782
20
48.56096012192029
42
1
97
1
330

75
0
76
1
47
0.8681437583925616
98
1
10
3.629517071192367
20
33.92795499968543
450
0
451
0
460
0
461
0
452
1
462
1
453
2
463
0
63
5
421
255
463
1
63
7
421
16777215
470
LINEAR
1001
ACAD
1010
0
1020
0
1030
0
  0
CIRCLE
  5
aca
330
1F
100
AcDbEntity
  8
Multi-Layer
100
AcDbCircle
 10
112.37515875031772
 20
48.56118872237744
 30
0.0
 40
0.4
  0
CIRCLE
  5
acb
330
1F
100
AcDbEntity
  8
Multi-Layer
100
AcDbCircle
 10
112.37515875031772
 20
48.56096012192029
 30
0.0
 40
1
0
HATCH
5
acc
100
AcDbEntity
8
Multi-Layer
100
AcDbHatch
10
0
20
0
30
0
210
0
220
0
230
1
2
SOLID
70
1
71
0
91
1
92
7
72
1
73
1
93
2
10
111.37515875031772
20
48.56096012192029
42
1
10
113.37515875031772
20
48.56096012192029
42
1
97
1
330

75
0
76
1
47
0.8681437583925616
98
1
10
3.629517071192367
20
33.92795499968543
450
0
451
0
460
0
461
0
452
1
462
1
453
2
463
0
63
5
421
255
463
1
63
7
421
16777215
470
LINEAR
1001
ACAD
1010
0
1020
0
1030
0
  0
CIRCLE
  5
acd
330
1F
100
AcDbEntity
  8
TopSolderMaskLayer
100
AcDbCircle
 10
112.37515875031772
 20
58.76118872237748
 30
0.0
 40
0.4101600203200406
  0
CIRCLE
  5
ace
330
1F
100
AcDbEntity
  8
TopSolderMaskLayer
100
AcDbCircle
 10
112.37515875031772
 20
58.76085852171707
 30
0.0
 40
1.0254000508001015
0
HATCH
5
acf
100
AcDbEntity
8
TopSolderMaskLayer
100
AcDbHatch
10
0
20
0
30
0
210
0
220
0
230
1
2
SOLID
70
1
71
0
91
1
92
7
72
1
73
1
93
2
10
111.34975869951762
20
58.76085852171707
42
1
10
113.40055880111782
20
58.76085852171707
42
1
97
1
330

75
0
76
1
47
0.8681437583925616
98
1
10
3.629517071192367
20
33.92795499968543
450
0
451
0
460
0
461
0
452
1
462
1
453
2
463
0
63
5
421
255
463
1
63
7
421
16777215
470
LINEAR
1001
ACAD
1010
0
1020
0
1030
0
  0
CIRCLE
  5
ad0
330
1F
100
AcDbEntity
  8
BottomSolderMaskLayer
100
AcDbCircle
 10
112.37515875031772
 20
58.76118872237748
 30
0.0
 40
0.4101600203200406
  0
CIRCLE
  5
ad1
330
1F
100
AcDbEntity
  8
BottomSolderMaskLayer
100
AcDbCircle
 10
112.37515875031772
 20
58.76085852171707
 30
0.0
 40
1.0254000508001015
0
HATCH
5
ad2
100
AcDbEntity
8
BottomSolderMaskLayer
100
AcDbHatch
10
0
20
0
30
0
210
0
220
0
230
1
2
SOLID
70
1
71
0
91
1
92
7
72
1
73
1
93
2
10
111.34975869951762
20
58.76085852171707
42
1
10
113.40055880111782
20
58.76085852171707
42
1
97
1
330

75
0
76
1
47
0.8681437583925616
98
1
10
3.629517071192367
20
33.92795499968543
450
0
451
0
460
0
461
0
452
1
462
1
453
2
463
0
63
5
421
255
463
1
63
7
421
16777215
470
LINEAR
1001
ACAD
1010
0
1020
0
1030
0
  0
CIRCLE
  5
ad3
330
1F
100
AcDbEntity
  8
Multi-Layer
100
AcDbCircle
 10
112.37515875031772
 20
58.76118872237748
 30
0.0
 40
0.4
  0
CIRCLE
  5
ad4
330
1F
100
AcDbEntity
  8
Multi-Layer
100
AcDbCircle
 10
112.37515875031772
 20
58.76085852171707
 30
0.0
 40
1
0
HATCH
5
ad5
100
AcDbEntity
8
Multi-Layer
100
AcDbHatch
10
0
20
0
30
0
210
0
220
0
230
1
2
SOLID
70
1
71
0
91
1
92
7
72
1
73
1
93
2
10
111.37515875031772
20
58.76085852171707
42
1
10
113.37515875031772
20
58.76085852171707
42
1
97
1
330

75
0
76
1
47
0.8681437583925616
98
1
10
3.629517071192367
20
33.92795499968543
450
0
451
0
460
0
461
0
452
1
462
1
453
2
463
0
63
5
421
255
463
1
63
7
421
16777215
470
LINEAR
1001
ACAD
1010
0
1020
0
1030
0
  0
CIRCLE
  5
ad6
330
1F
100
AcDbEntity
  8
TopSolderMaskLayer
100
AcDbCircle
 10
122.37515875031772
 20
58.76118872237748
 30
0.0
 40
0.4101600203200406
  0
CIRCLE
  5
ad7
330
1F
100
AcDbEntity
  8
TopSolderMaskLayer
100
AcDbCircle
 10
122.37515875031772
 20
58.76085852171707
 30
0.0
 40
1.0254000508001015
0
HATCH
5
ad8
100
AcDbEntity
8
TopSolderMaskLayer
100
AcDbHatch
10
0
20
0
30
0
210
0
220
0
230
1
2
SOLID
70
1
71
0
91
1
92
7
72
1
73
1
93
2
10
121.34975869951762
20
58.76085852171707
42
1
10
123.40055880111782
20
58.76085852171707
42
1
97
1
330

75
0
76
1
47
0.8681437583925616
98
1
10
3.629517071192367
20
33.92795499968543
450
0
451
0
460
0
461
0
452
1
462
1
453
2
463
0
63
5
421
255
463
1
63
7
421
16777215
470
LINEAR
1001
ACAD
1010
0
1020
0
1030
0
  0
CIRCLE
  5
ad9
330
1F
100
AcDbEntity
  8
BottomSolderMaskLayer
100
AcDbCircle
 10
122.37515875031772
 20
58.76118872237748
 30
0.0
 40
0.4101600203200406
  0
CIRCLE
  5
ada
330
1F
100
AcDbEntity
  8
BottomSolderMaskLayer
100
AcDbCircle
 10
122.37515875031772
 20
58.76085852171707
 30
0.0
 40
1.0254000508001015
0
HATCH
5
adb
100
AcDbEntity
8
BottomSolderMaskLayer
100
AcDbHatch
10
0
20
0
30
0
210
0
220
0
230
1
2
SOLID
70
1
71
0
91
1
92
7
72
1
73
1
93
2
10
121.34975869951762
20
58.76085852171707
42
1
10
123.40055880111782
20
58.76085852171707
42
1
97
1
330

75
0
76
1
47
0.8681437583925616
98
1
10
3.629517071192367
20
33.92795499968543
450
0
451
0
460
0
461
0
452
1
462
1
453
2
463
0
63
5
421
255
463
1
63
7
421
16777215
470
LINEAR
1001
ACAD
1010
0
1020
0
1030
0
  0
CIRCLE
  5
adc
330
1F
100
AcDbEntity
  8
Multi-Layer
100
AcDbCircle
 10
122.37515875031772
 20
58.76118872237748
 30
0.0
 40
0.4
  0
CIRCLE
  5
add
330
1F
100
AcDbEntity
  8
Multi-Layer
100
AcDbCircle
 10
122.37515875031772
 20
58.76085852171707
 30
0.0
 40
1
0
HATCH
5
ade
100
AcDbEntity
8
Multi-Layer
100
AcDbHatch
10
0
20
0
30
0
210
0
220
0
230
1
2
SOLID
70
1
71
0
91
1
92
7
72
1
73
1
93
2
10
121.37515875031772
20
58.76085852171707
42
1
10
123.37515875031772
20
58.76085852171707
42
1
97
1
330

75
0
76
1
47
0.8681437583925616
98
1
10
3.629517071192367
20
33.92795499968543
450
0
451
0
460
0
461
0
452
1
462
1
453
2
463
0
63
5
421
255
463
1
63
7
421
16777215
470
LINEAR
1001
ACAD
1010
0
1020
0
1030
0
  0
CIRCLE
  5
adf
330
1F
100
AcDbEntity
  8
TopSolderMaskLayer
100
AcDbCircle
 10
122.37515875031772
 20
48.56118872237744
 30
0.0
 40
0.4101600203200406
  0
CIRCLE
  5
ae0
330
1F
100
AcDbEntity
  8
TopSolderMaskLayer
100
AcDbCircle
 10
122.37515875031772
 20
48.56096012192029
 30
0.0
 40
1.0254000508001015
0
HATCH
5
ae1
100
AcDbEntity
8
TopSolderMaskLayer
100
AcDbHatch
10
0
20
0
30
0
210
0
220
0
230
1
2
SOLID
70
1
71
0
91
1
92
7
72
1
73
1
93
2
10
121.34975869951762
20
48.56096012192029
42
1
10
123.40055880111782
20
48.56096012192029
42
1
97
1
330

75
0
76
1
47
0.8681437583925616
98
1
10
3.629517071192367
20
33.92795499968543
450
0
451
0
460
0
461
0
452
1
462
1
453
2
463
0
63
5
421
255
463
1
63
7
421
16777215
470
LINEAR
1001
ACAD
1010
0
1020
0
1030
0
  0
CIRCLE
  5
ae2
330
1F
100
AcDbEntity
  8
BottomSolderMaskLayer
100
AcDbCircle
 10
122.37515875031772
 20
48.56118872237744
 30
0.0
 40
0.4101600203200406
  0
CIRCLE
  5
ae3
330
1F
100
AcDbEntity
  8
BottomSolderMaskLayer
100
AcDbCircle
 10
122.37515875031772
 20
48.56096012192029
 30
0.0
 40
1.0254000508001015
0
HATCH
5
ae4
100
AcDbEntity
8
BottomSolderMaskLayer
100
AcDbHatch
10
0
20
0
30
0
210
0
220
0
230
1
2
SOLID
70
1
71
0
91
1
92
7
72
1
73
1
93
2
10
121.34975869951762
20
48.56096012192029
42
1
10
123.40055880111782
20
48.56096012192029
42
1
97
1
330

75
0
76
1
47
0.8681437583925616
98
1
10
3.629517071192367
20
33.92795499968543
450
0
451
0
460
0
461
0
452
1
462
1
453
2
463
0
63
5
421
255
463
1
63
7
421
16777215
470
LINEAR
1001
ACAD
1010
0
1020
0
1030
0
  0
CIRCLE
  5
ae5
330
1F
100
AcDbEntity
  8
Multi-Layer
100
AcDbCircle
 10
122.37515875031772
 20
48.56118872237744
 30
0.0
 40
0.4
  0
CIRCLE
  5
ae6
330
1F
100
AcDbEntity
  8
Multi-Layer
100
AcDbCircle
 10
122.37515875031772
 20
48.56096012192029
 30
0.0
 40
1
0
HATCH
5
ae7
100
AcDbEntity
8
Multi-Layer
100
AcDbHatch
10
0
20
0
30
0
210
0
220
0
230
1
2
SOLID
70
1
71
0
91
1
92
7
72
1
73
1
93
2
10
121.37515875031772
20
48.56096012192029
42
1
10
123.37515875031772
20
48.56096012192029
42
1
97
1
330

75
0
76
1
47
0.8681437583925616
98
1
10
3.629517071192367
20
33.92795499968543
450
0
451
0
460
0
461
0
452
1
462
1
453
2
463
0
63
5
421
255
463
1
63
7
421
16777215
470
LINEAR
1001
ACAD
1010
0
1020
0
1030
0
  0
CIRCLE
  5
ae8
330
1F
100
AcDbEntity
  8
TopSolderMaskLayer
100
AcDbCircle
 10
117.37515875031772
 20
46.06118872237744
 30
0.0
 40
0.4081280162560325
  0
CIRCLE
  5
ae9
330
1F
100
AcDbEntity
  8
TopSolderMaskLayer
100
AcDbCircle
 10
117.37515875031772
 20
46.06083312166629
 30
0.0
 40
1.2754000508001015
0
HATCH
5
aea
100
AcDbEntity
8
TopSolderMaskLayer
100
AcDbHatch
10
0
20
0
30
0
210
0
220
0
230
1
2
SOLID
70
1
71
0
91
1
92
7
72
1
73
1
93
2
10
116.09975869951762
20
46.06083312166629
42
1
10
118.65055880111782
20
46.06083312166629
42
1
97
1
330

75
0
76
1
47
0.8681437583925616
98
1
10
3.629517071192367
20
33.92795499968543
450
0
451
0
460
0
461
0
452
1
462
1
453
2
463
0
63
5
421
255
463
1
63
7
421
16777215
470
LINEAR
1001
ACAD
1010
0
1020
0
1030
0
  0
CIRCLE
  5
aeb
330
1F
100
AcDbEntity
  8
BottomSolderMaskLayer
100
AcDbCircle
 10
117.37515875031772
 20
46.06118872237744
 30
0.0
 40
0.4081280162560325
  0
CIRCLE
  5
aec
330
1F
100
AcDbEntity
  8
BottomSolderMaskLayer
100
AcDbCircle
 10
117.37515875031772
 20
46.06083312166629
 30
0.0
 40
1.2754000508001015
0
HATCH
5
aed
100
AcDbEntity
8
BottomSolderMaskLayer
100
AcDbHatch
10
0
20
0
30
0
210
0
220
0
230
1
2
SOLID
70
1
71
0
91
1
92
7
72
1
73
1
93
2
10
116.09975869951762
20
46.06083312166629
42
1
10
118.65055880111782
20
46.06083312166629
42
1
97
1
330

75
0
76
1
47
0.8681437583925616
98
1
10
3.629517071192367
20
33.92795499968543
450
0
451
0
460
0
461
0
452
1
462
1
453
2
463
0
63
5
421
255
463
1
63
7
421
16777215
470
LINEAR
1001
ACAD
1010
0
1020
0
1030
0
  0
CIRCLE
  5
aee
330
1F
100
AcDbEntity
  8
Multi-Layer
100
AcDbCircle
 10
117.37515875031772
 20
46.06118872237744
 30
0.0
 40
0.4
  0
CIRCLE
  5
aef
330
1F
100
AcDbEntity
  8
Multi-Layer
100
AcDbCircle
 10
117.37515875031772
 20
46.06083312166629
 30
0.0
 40
1.25
0
HATCH
5
af0
100
AcDbEntity
8
Multi-Layer
100
AcDbHatch
10
0
20
0
30
0
210
0
220
0
230
1
2
SOLID
70
1
71
0
91
1
92
7
72
1
73
1
93
2
10
116.12515875031772
20
46.06083312166629
42
1
10
118.62515875031772
20
46.06083312166629
42
1
97
1
330

75
0
76
1
47
0.8681437583925616
98
1
10
3.629517071192367
20
33.92795499968543
450
0
451
0
460
0
461
0
452
1
462
1
453
2
463
0
63
5
421
255
463
1
63
7
421
16777215
470
LINEAR
1001
ACAD
1010
0
1020
0
1030
0
  0
CIRCLE
  5
afa
330
1F
100
AcDbEntity
  8
TopSolderMaskLayer
100
AcDbCircle
 10
116.74015748031525
 20
66.50812801625602
 30
0.0
 40
0.4092363821091278
  0
CIRCLE
  5
afb
330
1F
100
AcDbEntity
  8
TopSolderMaskLayer
100
AcDbCircle
 10
116.74041148082301
 20
66.50787401574814
 30
0.0
 40
1.1254000508001016
0
HATCH
5
afc
100
AcDbEntity
8
TopSolderMaskLayer
100
AcDbHatch
10
0
20
0
30
0
210
0
220
0
230
1
2
SOLID
70
1
71
0
91
1
92
7
72
1
73
1
93
2
10
115.61501143002292
20
66.50787401574814
42
1
10
117.86581153162311
20
66.50787401574814
42
1
97
1
330

75
0
76
1
47
0.8681437583925616
98
1
10
3.629517071192367
20
33.92795499968543
450
0
451
0
460
0
461
0
452
1
462
1
453
2
463
0
63
5
421
255
463
1
63
7
421
16777215
470
LINEAR
1001
ACAD
1010
0
1020
0
1030
0
  0
CIRCLE
  5
afd
330
1F
100
AcDbEntity
  8
BottomSolderMaskLayer
100
AcDbCircle
 10
116.74015748031525
 20
66.50812801625602
 30
0.0
 40
0.4092363821091278
  0
CIRCLE
  5
afe
330
1F
100
AcDbEntity
  8
BottomSolderMaskLayer
100
AcDbCircle
 10
116.74041148082301
 20
66.50787401574814
 30
0.0
 40
1.1254000508001016
0
HATCH
5
aff
100
AcDbEntity
8
BottomSolderMaskLayer
100
AcDbHatch
10
0
20
0
30
0
210
0
220
0
230
1
2
SOLID
70
1
71
0
91
1
92
7
72
1
73
1
93
2
10
115.61501143002292
20
66.50787401574814
42
1
10
117.86581153162311
20
66.50787401574814
42
1
97
1
330

75
0
76
1
47
0.8681437583925616
98
1
10
3.629517071192367
20
33.92795499968543
450
0
451
0
460
0
461
0
452
1
462
1
453
2
463
0
63
5
421
255
463
1
63
7
421
16777215
470
LINEAR
1001
ACAD
1010
0
1020
0
1030
0
  0
CIRCLE
  5
b00
330
1F
100
AcDbEntity
  8
Multi-Layer
100
AcDbCircle
 10
116.74015748031525
 20
66.50812801625602
 30
0.0
 40
0.4
  0
CIRCLE
  5
b01
330
1F
100
AcDbEntity
  8
Multi-Layer
100
AcDbCircle
 10
116.74041148082301
 20
66.50787401574814
 30
0.0
 40
1.1
0
HATCH
5
b02
100
AcDbEntity
8
Multi-Layer
100
AcDbHatch
10
0
20
0
30
0
210
0
220
0
230
1
2
SOLID
70
1
71
0
91
1
92
7
72
1
73
1
93
2
10
115.64041148082302
20
66.50787401574814
42
1
10
117.84041148082301
20
66.50787401574814
42
1
97
1
330

75
0
76
1
47
0.8681437583925616
98
1
10
3.629517071192367
20
33.92795499968543
450
0
451
0
460
0
461
0
452
1
462
1
453
2
463
0
63
5
421
255
463
1
63
7
421
16777215
470
LINEAR
1001
ACAD
1010
0
1020
0
1030
0
  0
CIRCLE
  5
b03
330
1F
100
AcDbEntity
  8
TopSolderMaskLayer
100
AcDbCircle
 10
120.24003048006102
 20
66.50812801625602
 30
0.0
 40
0.4092363821091278
  0
CIRCLE
  5
b04
330
1F
100
AcDbEntity
  8
TopSolderMaskLayer
100
AcDbCircle
 10
120.24028448056924
 20
66.50787401574814
 30
0.0
 40
1.1254000508001016
0
HATCH
5
b05
100
AcDbEntity
8
TopSolderMaskLayer
100
AcDbHatch
10
0
20
0
30
0
210
0
220
0
230
1
2
SOLID
70
1
71
0
91
1
92
7
72
1
73
1
93
2
10
119.11488442976915
20
66.50787401574814
42
1
10
121.36568453136934
20
66.50787401574814
42
1
97
1
330

75
0
76
1
47
0.8681437583925616
98
1
10
3.629517071192367
20
33.92795499968543
450
0
451
0
460
0
461
0
452
1
462
1
453
2
463
0
63
5
421
255
463
1
63
7
421
16777215
470
LINEAR
1001
ACAD
1010
0
1020
0
1030
0
  0
CIRCLE
  5
b06
330
1F
100
AcDbEntity
  8
BottomSolderMaskLayer
100
AcDbCircle
 10
120.24003048006102
 20
66.50812801625602
 30
0.0
 40
0.4092363821091278
  0
CIRCLE
  5
b07
330
1F
100
AcDbEntity
  8
BottomSolderMaskLayer
100
AcDbCircle
 10
120.24028448056924
 20
66.50787401574814
 30
0.0
 40
1.1254000508001016
0
HATCH
5
b08
100
AcDbEntity
8
BottomSolderMaskLayer
100
AcDbHatch
10
0
20
0
30
0
210
0
220
0
230
1
2
SOLID
70
1
71
0
91
1
92
7
72
1
73
1
93
2
10
119.11488442976915
20
66.50787401574814
42
1
10
121.36568453136934
20
66.50787401574814
42
1
97
1
330

75
0
76
1
47
0.8681437583925616
98
1
10
3.629517071192367
20
33.92795499968543
450
0
451
0
460
0
461
0
452
1
462
1
453
2
463
0
63
5
421
255
463
1
63
7
421
16777215
470
LINEAR
1001
ACAD
1010
0
1020
0
1030
0
  0
CIRCLE
  5
b09
330
1F
100
AcDbEntity
  8
Multi-Layer
100
AcDbCircle
 10
120.24003048006102
 20
66.50812801625602
 30
0.0
 40
0.4
  0
CIRCLE
  5
b0a
330
1F
100
AcDbEntity
  8
Multi-Layer
100
AcDbCircle
 10
120.24028448056924
 20
66.50787401574814
 30
0.0
 40
1.1
0
HATCH
5
b0b
100
AcDbEntity
8
Multi-Layer
100
AcDbHatch
10
0
20
0
30
0
210
0
220
0
230
1
2
SOLID
70
1
71
0
91
1
92
7
72
1
73
1
93
2
10
119.14028448056925
20
66.50787401574814
42
1
10
121.34028448056924
20
66.50787401574814
42
1
97
1
330

75
0
76
1
47
0.8681437583925616
98
1
10
3.629517071192367
20
33.92795499968543
450
0
451
0
460
0
461
0
452
1
462
1
453
2
463
0
63
5
421
255
463
1
63
7
421
16777215
470
LINEAR
1001
ACAD
1010
0
1020
0
1030
0
  0
CIRCLE
  5
b54
330
1F
100
AcDbEntity
  8
TopSolderMaskLayer
100
AcDbCircle
 10
119.62910845821693
 20
17.61303022606046
 30
0.0
 40
0.41128891146671176
  0
CIRCLE
  5
b55
330
1F
100
AcDbEntity
  8
TopSolderMaskLayer
100
AcDbCircle
 10
119.62915925831862
 20
17.61303022606046
 30
0.0
 40
0.9254000508001016
0
HATCH
5
b56
100
AcDbEntity
8
TopSolderMaskLayer
100
AcDbHatch
10
0
20
0
30
0
210
0
220
0
230
1
2
SOLID
70
1
71
0
91
1
92
7
72
1
73
1
93
2
10
118.70375920751852
20
17.61303022606046
42
1
10
120.55455930911873
20
17.61303022606046
42
1
97
1
330

75
0
76
1
47
0.8681437583925616
98
1
10
3.629517071192367
20
33.92795499968543
450
0
451
0
460
0
461
0
452
1
462
1
453
2
463
0
63
5
421
255
463
1
63
7
421
16777215
470
LINEAR
1001
ACAD
1010
0
1020
0
1030
0
  0
CIRCLE
  5
b57
330
1F
100
AcDbEntity
  8
BottomSolderMaskLayer
100
AcDbCircle
 10
119.62910845821693
 20
17.61303022606046
 30
0.0
 40
0.41128891146671176
  0
CIRCLE
  5
b58
330
1F
100
AcDbEntity
  8
BottomSolderMaskLayer
100
AcDbCircle
 10
119.62915925831862
 20
17.61303022606046
 30
0.0
 40
0.9254000508001016
0
HATCH
5
b59
100
AcDbEntity
8
BottomSolderMaskLayer
100
AcDbHatch
10
0
20
0
30
0
210
0
220
0
230
1
2
SOLID
70
1
71
0
91
1
92
7
72
1
73
1
93
2
10
118.70375920751852
20
17.61303022606046
42
1
10
120.55455930911873
20
17.61303022606046
42
1
97
1
330

75
0
76
1
47
0.8681437583925616
98
1
10
3.629517071192367
20
33.92795499968543
450
0
451
0
460
0
461
0
452
1
462
1
453
2
463
0
63
5
421
255
463
1
63
7
421
16777215
470
LINEAR
1001
ACAD
1010
0
1020
0
1030
0
  0
CIRCLE
  5
b5a
330
1F
100
AcDbEntity
  8
Multi-Layer
100
AcDbCircle
 10
119.62910845821693
 20
17.61303022606046
 30
0.0
 40
0.4
  0
CIRCLE
  5
b5b
330
1F
100
AcDbEntity
  8
Multi-Layer
100
AcDbCircle
 10
119.62915925831862
 20
17.61303022606046
 30
0.0
 40
0.9000000000000001
0
HATCH
5
b5c
100
AcDbEntity
8
Multi-Layer
100
AcDbHatch
10
0
20
0
30
0
210
0
220
0
230
1
2
SOLID
70
1
71
0
91
1
92
7
72
1
73
1
93
2
10
118.72915925831862
20
17.61303022606046
42
1
10
120.52915925831863
20
17.61303022606046
42
1
97
1
330

75
0
76
1
47
0.8681437583925616
98
1
10
3.629517071192367
20
33.92795499968543
450
0
451
0
460
0
461
0
452
1
462
1
453
2
463
0
63
5
421
255
463
1
63
7
421
16777215
470
LINEAR
1001
ACAD
1010
0
1020
0
1030
0
  0
CIRCLE
  5
b5d
330
1F
100
AcDbEntity
  8
TopSolderMaskLayer
100
AcDbCircle
 10
128.3292354584712
 20
17.61303022606046
 30
0.0
 40
0.41128891146671176
  0
CIRCLE
  5
b5e
330
1F
100
AcDbEntity
  8
TopSolderMaskLayer
100
AcDbCircle
 10
128.3291846583693
 20
17.61303022606046
 30
0.0
 40
0.9254000508001016
0
HATCH
5
b5f
100
AcDbEntity
8
TopSolderMaskLayer
100
AcDbHatch
10
0
20
0
30
0
210
0
220
0
230
1
2
SOLID
70
1
71
0
91
1
92
7
72
1
73
1
93
2
10
127.40378460756918
20
17.61303022606046
42
1
10
129.2545847091694
20
17.61303022606046
42
1
97
1
330

75
0
76
1
47
0.8681437583925616
98
1
10
3.629517071192367
20
33.92795499968543
450
0
451
0
460
0
461
0
452
1
462
1
453
2
463
0
63
5
421
255
463
1
63
7
421
16777215
470
LINEAR
1001
ACAD
1010
0
1020
0
1030
0
  0
CIRCLE
  5
b60
330
1F
100
AcDbEntity
  8
BottomSolderMaskLayer
100
AcDbCircle
 10
128.3292354584712
 20
17.61303022606046
 30
0.0
 40
0.41128891146671176
  0
CIRCLE
  5
b61
330
1F
100
AcDbEntity
  8
BottomSolderMaskLayer
100
AcDbCircle
 10
128.3291846583693
 20
17.61303022606046
 30
0.0
 40
0.9254000508001016
0
HATCH
5
b62
100
AcDbEntity
8
BottomSolderMaskLayer
100
AcDbHatch
10
0
20
0
30
0
210
0
220
0
230
1
2
SOLID
70
1
71
0
91
1
92
7
72
1
73
1
93
2
10
127.40378460756918
20
17.61303022606046
42
1
10
129.2545847091694
20
17.61303022606046
42
1
97
1
330

75
0
76
1
47
0.8681437583925616
98
1
10
3.629517071192367
20
33.92795499968543
450
0
451
0
460
0
461
0
452
1
462
1
453
2
463
0
63
5
421
255
463
1
63
7
421
16777215
470
LINEAR
1001
ACAD
1010
0
1020
0
1030
0
  0
CIRCLE
  5
b63
330
1F
100
AcDbEntity
  8
Multi-Layer
100
AcDbCircle
 10
128.3292354584712
 20
17.61303022606046
 30
0.0
 40
0.4
  0
CIRCLE
  5
b64
330
1F
100
AcDbEntity
  8
Multi-Layer
100
AcDbCircle
 10
128.3291846583693
 20
17.61303022606046
 30
0.0
 40
0.9000000000000001
0
HATCH
5
b65
100
AcDbEntity
8
Multi-Layer
100
AcDbHatch
10
0
20
0
30
0
210
0
220
0
230
1
2
SOLID
70
1
71
0
91
1
92
7
72
1
73
1
93
2
10
127.42918465836928
20
17.61303022606046
42
1
10
129.2291846583693
20
17.61303022606046
42
1
97
1
330

75
0
76
1
47
0.8681437583925616
98
1
10
3.629517071192367
20
33.92795499968543
450
0
451
0
460
0
461
0
452
1
462
1
453
2
463
0
63
5
421
255
463
1
63
7
421
16777215
470
LINEAR
1001
ACAD
1010
0
1020
0
1030
0
  0
CIRCLE
  5
b66
330
1F
100
AcDbEntity
  8
TopSolderMaskLayer
100
AcDbCircle
 10
113.15209550419104
 20
42.63208026416055
 30
0.0
 40
0.41128891146671176
  0
CIRCLE
  5
b67
330
1F
100
AcDbEntity
  8
TopSolderMaskLayer
100
AcDbCircle
 10
113.15214630429273
 20
42.631826263652556
 30
0.0
 40
0.9254000508001016
0
HATCH
5
b68
100
AcDbEntity
8
TopSolderMaskLayer
100
AcDbHatch
10
0
20
0
30
0
210
0
220
0
230
1
2
SOLID
70
1
71
0
91
1
92
7
72
1
73
1
93
2
10
112.22674625349262
20
42.631826263652556
42
1
10
114.07754635509284
20
42.631826263652556
42
1
97
1
330

75
0
76
1
47
0.8681437583925616
98
1
10
3.629517071192367
20
33.92795499968543
450
0
451
0
460
0
461
0
452
1
462
1
453
2
463
0
63
5
421
255
463
1
63
7
421
16777215
470
LINEAR
1001
ACAD
1010
0
1020
0
1030
0
  0
CIRCLE
  5
b69
330
1F
100
AcDbEntity
  8
BottomSolderMaskLayer
100
AcDbCircle
 10
113.15209550419104
 20
42.63208026416055
 30
0.0
 40
0.41128891146671176
  0
CIRCLE
  5
b6a
330
1F
100
AcDbEntity
  8
BottomSolderMaskLayer
100
AcDbCircle
 10
113.15214630429273
 20
42.631826263652556
 30
0.0
 40
0.9254000508001016
0
HATCH
5
b6b
100
AcDbEntity
8
BottomSolderMaskLayer
100
AcDbHatch
10
0
20
0
30
0
210
0
220
0
230
1
2
SOLID
70
1
71
0
91
1
92
7
72
1
73
1
93
2
10
112.22674625349262
20
42.631826263652556
42
1
10
114.07754635509284
20
42.631826263652556
42
1
97
1
330

75
0
76
1
47
0.8681437583925616
98
1
10
3.629517071192367
20
33.92795499968543
450
0
451
0
460
0
461
0
452
1
462
1
453
2
463
0
63
5
421
255
463
1
63
7
421
16777215
470
LINEAR
1001
ACAD
1010
0
1020
0
1030
0
  0
CIRCLE
  5
b6c
330
1F
100
AcDbEntity
  8
Multi-Layer
100
AcDbCircle
 10
113.15209550419104
 20
42.63208026416055
 30
0.0
 40
0.4
  0
CIRCLE
  5
b6d
330
1F
100
AcDbEntity
  8
Multi-Layer
100
AcDbCircle
 10
113.15214630429273
 20
42.631826263652556
 30
0.0
 40
0.9000000000000001
0
HATCH
5
b6e
100
AcDbEntity
8
Multi-Layer
100
AcDbHatch
10
0
20
0
30
0
210
0
220
0
230
1
2
SOLID
70
1
71
0
91
1
92
7
72
1
73
1
93
2
10
112.25214630429272
20
42.631826263652556
42
1
10
114.05214630429273
20
42.631826263652556
42
1
97
1
330

75
0
76
1
47
0.8681437583925616
98
1
10
3.629517071192367
20
33.92795499968543
450
0
451
0
460
0
461
0
452
1
462
1
453
2
463
0
63
5
421
255
463
1
63
7
421
16777215
470
LINEAR
1001
ACAD
1010
0
1020
0
1030
0
  0
CIRCLE
  5
b6f
330
1F
100
AcDbEntity
  8
TopSolderMaskLayer
100
AcDbCircle
 10
121.85222250444508
 20
42.63208026416055
 30
0.0
 40
0.41128891146671176
  0
CIRCLE
  5
b70
330
1F
100
AcDbEntity
  8
TopSolderMaskLayer
100
AcDbCircle
 10
121.85217170434339
 20
42.631826263652556
 30
0.0
 40
0.9254000508001016
0
HATCH
5
b71
100
AcDbEntity
8
TopSolderMaskLayer
100
AcDbHatch
10
0
20
0
30
0
210
0
220
0
230
1
2
SOLID
70
1
71
0
91
1
92
7
72
1
73
1
93
2
10
120.92677165354328
20
42.631826263652556
42
1
10
122.7775717551435
20
42.631826263652556
42
1
97
1
330

75
0
76
1
47
0.8681437583925616
98
1
10
3.629517071192367
20
33.92795499968543
450
0
451
0
460
0
461
0
452
1
462
1
453
2
463
0
63
5
421
255
463
1
63
7
421
16777215
470
LINEAR
1001
ACAD
1010
0
1020
0
1030
0
  0
CIRCLE
  5
b72
330
1F
100
AcDbEntity
  8
BottomSolderMaskLayer
100
AcDbCircle
 10
121.85222250444508
 20
42.63208026416055
 30
0.0
 40
0.41128891146671176
  0
CIRCLE
  5
b73
330
1F
100
AcDbEntity
  8
BottomSolderMaskLayer
100
AcDbCircle
 10
121.85217170434339
 20
42.631826263652556
 30
0.0
 40
0.9254000508001016
0
HATCH
5
b74
100
AcDbEntity
8
BottomSolderMaskLayer
100
AcDbHatch
10
0
20
0
30
0
210
0
220
0
230
1
2
SOLID
70
1
71
0
91
1
92
7
72
1
73
1
93
2
10
120.92677165354328
20
42.631826263652556
42
1
10
122.7775717551435
20
42.631826263652556
42
1
97
1
330

75
0
76
1
47
0.8681437583925616
98
1
10
3.629517071192367
20
33.92795499968543
450
0
451
0
460
0
461
0
452
1
462
1
453
2
463
0
63
5
421
255
463
1
63
7
421
16777215
470
LINEAR
1001
ACAD
1010
0
1020
0
1030
0
  0
CIRCLE
  5
b75
330
1F
100
AcDbEntity
  8
Multi-Layer
100
AcDbCircle
 10
121.85222250444508
 20
42.63208026416055
 30
0.0
 40
0.4
  0
CIRCLE
  5
b76
330
1F
100
AcDbEntity
  8
Multi-Layer
100
AcDbCircle
 10
121.85217170434339
 20
42.631826263652556
 30
0.0
 40
0.9000000000000001
0
HATCH
5
b77
100
AcDbEntity
8
Multi-Layer
100
AcDbHatch
10
0
20
0
30
0
210
0
220
0
230
1
2
SOLID
70
1
71
0
91
1
92
7
72
1
73
1
93
2
10
120.95217170434339
20
42.631826263652556
42
1
10
122.7521717043434
20
42.631826263652556
42
1
97
1
330

75
0
76
1
47
0.8681437583925616
98
1
10
3.629517071192367
20
33.92795499968543
450
0
451
0
460
0
461
0
452
1
462
1
453
2
463
0
63
5
421
255
463
1
63
7
421
16777215
470
LINEAR
1001
ACAD
1010
0
1020
0
1030
0
  0
CIRCLE
  5
bf6
330
1F
100
AcDbEntity
  8
TopSolderMaskLayer
100
AcDbCircle
 10
69.75006350012723
 20
18.756032512064962
 30
0.0
 40
0.4170212765957447
  0
CIRCLE
  5
bf7
330
1F
100
AcDbEntity
  8
TopSolderMaskLayer
100
AcDbCircle
 10
69.75006350012723
 20
18.756032512064962
 30
0.0
 40
0.6223012446024894
0
HATCH
5
bf8
100
AcDbEntity
8
TopSolderMaskLayer
100
AcDbHatch
10
0
20
0
30
0
210
0
220
0
230
1
2
SOLID
70
1
71
0
91
1
92
7
72
1
73
1
93
2
10
69.12776225552474
20
18.756032512064962
42
1
10
70.37236474472971
20
18.756032512064962
42
1
97
1
330

75
0
76
1
47
0.8681437583925616
98
1
10
3.629517071192367
20
33.92795499968543
450
0
451
0
460
0
461
0
452
1
462
1
453
2
463
0
63
5
421
255
463
1
63
7
421
16777215
470
LINEAR
1001
ACAD
1010
0
1020
0
1030
0
  0
CIRCLE
  5
bf9
330
1F
100
AcDbEntity
  8
BottomSolderMaskLayer
100
AcDbCircle
 10
69.75006350012723
 20
18.756032512064962
 30
0.0
 40
0.4170212765957447
  0
CIRCLE
  5
bfa
330
1F
100
AcDbEntity
  8
BottomSolderMaskLayer
100
AcDbCircle
 10
69.75006350012723
 20
18.756032512064962
 30
0.0
 40
0.6223012446024894
0
HATCH
5
bfb
100
AcDbEntity
8
BottomSolderMaskLayer
100
AcDbHatch
10
0
20
0
30
0
210
0
220
0
230
1
2
SOLID
70
1
71
0
91
1
92
7
72
1
73
1
93
2
10
69.12776225552474
20
18.756032512064962
42
1
10
70.37236474472971
20
18.756032512064962
42
1
97
1
330

75
0
76
1
47
0.8681437583925616
98
1
10
3.629517071192367
20
33.92795499968543
450
0
451
0
460
0
461
0
452
1
462
1
453
2
463
0
63
5
421
255
463
1
63
7
421
16777215
470
LINEAR
1001
ACAD
1010
0
1020
0
1030
0
  0
CIRCLE
  5
bfc
330
1F
100
AcDbEntity
  8
Multi-Layer
100
AcDbCircle
 10
69.75006350012723
 20
18.756032512064962
 30
0.0
 40
0.4
  0
CIRCLE
  5
bfd
330
1F
100
AcDbEntity
  8
Multi-Layer
100
AcDbCircle
 10
69.75006350012723
 20
18.756032512064962
 30
0.0
 40
0.5969011938023877
0
HATCH
5
bfe
100
AcDbEntity
8
Multi-Layer
100
AcDbHatch
10
0
20
0
30
0
210
0
220
0
230
1
2
SOLID
70
1
71
0
91
1
92
7
72
1
73
1
93
2
10
69.15316230632484
20
18.756032512064962
42
1
10
70.3469646939296
20
18.756032512064962
42
1
97
1
330

75
0
76
1
47
0.8681437583925616
98
1
10
3.629517071192367
20
33.92795499968543
450
0
451
0
460
0
461
0
452
1
462
1
453
2
463
0
63
5
421
255
463
1
63
7
421
16777215
470
LINEAR
1001
ACAD
1010
0
1020
0
1030
0
  0
CIRCLE
  5
bff
330
1F
100
AcDbEntity
  8
TopSolderMaskLayer
100
AcDbCircle
 10
72.29006858013736
 20
18.756032512064962
 30
0.0
 40
0.4170212765957447
  0
CIRCLE
  5
c00
330
1F
100
AcDbEntity
  8
TopSolderMaskLayer
100
AcDbCircle
 10
72.29006858013736
 20
18.756032512064962
 30
0.0
 40
0.6223012446024894
0
HATCH
5
c01
100
AcDbEntity
8
TopSolderMaskLayer
100
AcDbHatch
10
0
20
0
30
0
210
0
220
0
230
1
2
SOLID
70
1
71
0
91
1
92
7
72
1
73
1
93
2
10
71.66776733553488
20
18.756032512064962
42
1
10
72.91236982473984
20
18.756032512064962
42
1
97
1
330

75
0
76
1
47
0.8681437583925616
98
1
10
3.629517071192367
20
33.92795499968543
450
0
451
0
460
0
461
0
452
1
462
1
453
2
463
0
63
5
421
255
463
1
63
7
421
16777215
470
LINEAR
1001
ACAD
1010
0
1020
0
1030
0
  0
CIRCLE
  5
c02
330
1F
100
AcDbEntity
  8
BottomSolderMaskLayer
100
AcDbCircle
 10
72.29006858013736
 20
18.756032512064962
 30
0.0
 40
0.4170212765957447
  0
CIRCLE
  5
c03
330
1F
100
AcDbEntity
  8
BottomSolderMaskLayer
100
AcDbCircle
 10
72.29006858013736
 20
18.756032512064962
 30
0.0
 40
0.6223012446024894
0
HATCH
5
c04
100
AcDbEntity
8
BottomSolderMaskLayer
100
AcDbHatch
10
0
20
0
30
0
210
0
220
0
230
1
2
SOLID
70
1
71
0
91
1
92
7
72
1
73
1
93
2
10
71.66776733553488
20
18.756032512064962
42
1
10
72.91236982473984
20
18.756032512064962
42
1
97
1
330

75
0
76
1
47
0.8681437583925616
98
1
10
3.629517071192367
20
33.92795499968543
450
0
451
0
460
0
461
0
452
1
462
1
453
2
463
0
63
5
421
255
463
1
63
7
421
16777215
470
LINEAR
1001
ACAD
1010
0
1020
0
1030
0
  0
CIRCLE
  5
c05
330
1F
100
AcDbEntity
  8
Multi-Layer
100
AcDbCircle
 10
72.29006858013736
 20
18.756032512064962
 30
0.0
 40
0.4
  0
CIRCLE
  5
c06
330
1F
100
AcDbEntity
  8
Multi-Layer
100
AcDbCircle
 10
72.29006858013736
 20
18.756032512064962
 30
0.0
 40
0.5969011938023877
0
HATCH
5
c07
100
AcDbEntity
8
Multi-Layer
100
AcDbHatch
10
0
20
0
30
0
210
0
220
0
230
1
2
SOLID
70
1
71
0
91
1
92
7
72
1
73
1
93
2
10
71.69316738633498
20
18.756032512064962
42
1
10
72.88696977393974
20
18.756032512064962
42
1
97
1
330

75
0
76
1
47
0.8681437583925616
98
1
10
3.629517071192367
20
33.92795499968543
450
0
451
0
460
0
461
0
452
1
462
1
453
2
463
0
63
5
421
255
463
1
63
7
421
16777215
470
LINEAR
1001
ACAD
1010
0
1020
0
1030
0
 0
ARC
  5
53c
330
1F
100
AcDbEntity
  8
TopSolderMaskLayer
100
AcDbCircle
 10
37.99829926111488
 20
61.04711709423418
 30
0.0
 40
0.42032004064008127
100
AcDbArc
 50
90
 51
270
 0
ARC
  5
53d
330
1F
100
AcDbEntity
  8
TopSolderMaskLayer
100
AcDbCircle
 10
38.255701246886474
 20
61.04711709423418
 30
0.0
 40
0.42032004064008127
100
AcDbArc
 50
270
 51
90
 0
LWPOLYLINE
  5
53e
330
1F
100
AcDbEntity
  8
TopSolderMaskLayer
100
AcDbPolyline
 90
1
 70
 1
 43
0
 10
38.255701246886474
 20
61.46743713487426
 10
37.99829926111488
 20
61.46743713487426
 0
LWPOLYLINE
  5
53f
330
1F
100
AcDbEntity
  8
TopSolderMaskLayer
100
AcDbPolyline
 90
1
 70
 1
 43
0
 10
38.255701246886474
 20
60.6267970535941
 10
37.99829926111488
 20
60.6267970535941
0
HATCH
5
540
100
AcDbEntity
8
TopSolderMaskLayer
100
AcDbHatch
10
0
20
0
30
0
210
0
220
0
230
1
2
SOLID
70
1
71
0
91
1
92
7
72
1
73
1
93
4
10
37.89586159817509
20
60.21628143256286
42
-0.7853981633974483
10
37.89586159817509
20
61.877952755905504
42
0
10
38.35813890982649
20
61.877952755905504
42
-0.7853981633974483
10
38.35813890982649
20
60.21628143256286
42
0
97
1
330

75
0
76
1
47
0.4128176842155181
98
1
10
34.90568961886538
20
22.81183545379326
450
0
451
0
460
0
461
0
452
1
462
1
453
2
463
0
63
5
421
255
463
1
63
7
421
16777215
470
LINEAR
1001
ACAD
1010
0
1020
0
1030
0
 0
ARC
  5
547
330
1F
100
AcDbEntity
  8
BottomSolderMaskLayer
100
AcDbCircle
 10
37.99829926111488
 20
61.04711709423418
 30
0.0
 40
0.42032004064008127
100
AcDbArc
 50
90
 51
270
 0
ARC
  5
548
330
1F
100
AcDbEntity
  8
BottomSolderMaskLayer
100
AcDbCircle
 10
38.255701246886474
 20
61.04711709423418
 30
0.0
 40
0.42032004064008127
100
AcDbArc
 50
270
 51
90
 0
LWPOLYLINE
  5
549
330
1F
100
AcDbEntity
  8
BottomSolderMaskLayer
100
AcDbPolyline
 90
1
 70
 1
 43
0
 10
38.255701246886474
 20
61.46743713487426
 10
37.99829926111488
 20
61.46743713487426
 0
LWPOLYLINE
  5
54a
330
1F
100
AcDbEntity
  8
BottomSolderMaskLayer
100
AcDbPolyline
 90
1
 70
 1
 43
0
 10
38.255701246886474
 20
60.6267970535941
 10
37.99829926111488
 20
60.6267970535941
0
HATCH
5
54b
100
AcDbEntity
8
BottomSolderMaskLayer
100
AcDbHatch
10
0
20
0
30
0
210
0
220
0
230
1
2
SOLID
70
1
71
0
91
1
92
7
72
1
73
1
93
4
10
37.89586159817509
20
60.21628143256286
42
-0.7853981633974483
10
37.89586159817509
20
61.877952755905504
42
0
10
38.35813890982649
20
61.877952755905504
42
-0.7853981633974483
10
38.35813890982649
20
60.21628143256286
42
0
97
1
330

75
0
76
1
47
0.4128176842155181
98
1
10
34.90568961886538
20
22.81183545379326
450
0
451
0
460
0
461
0
452
1
462
1
453
2
463
0
63
5
421
255
463
1
63
7
421
16777215
470
LINEAR
1001
ACAD
1010
0
1020
0
1030
0
 0
ARC
  5
552
330
1F
100
AcDbEntity
  8
Multi-Layer
100
AcDbCircle
 10
38.00452120904265
 20
61.04711709423418
 30
0.0
 40
0.4
100
AcDbArc
 50
90
 51
270
 0
ARC
  5
553
330
1F
100
AcDbEntity
  8
Multi-Layer
100
AcDbCircle
 10
38.249479298958704
 20
61.04711709423418
 30
0.0
 40
0.4
100
AcDbArc
 50
270
 51
90
 0
LWPOLYLINE
  5
554
330
1F
100
AcDbEntity
  8
Multi-Layer
100
AcDbPolyline
 90
1
 70
 1
 43
0
 10
38.249479298958704
 20
61.44711709423418
 10
38.00452120904265
 20
61.44711709423418
 0
LWPOLYLINE
  5
555
330
1F
100
AcDbEntity
  8
Multi-Layer
100
AcDbPolyline
 90
1
 70
 1
 43
0
 10
38.249479298958704
 20
60.64711709423418
 10
38.00452120904265
 20
60.64711709423418
0
HATCH
5
556
100
AcDbEntity
8
Multi-Layer
100
AcDbHatch
10
0
20
0
30
0
210
0
220
0
230
1
2
SOLID
70
1
71
0
91
1
92
7
72
1
73
1
93
4
10
37.90703581407183
20
60.26708153416306
42
-0.7853981633974483
10
37.90703581407183
20
61.8271526543053
42
0
10
38.34696469392952
20
61.8271526543053
42
-0.7853981633974483
10
38.34696469392952
20
60.26708153416306
42
0
97
1
330

75
0
76
1
47
0.4128176842155181
98
1
10
34.90568961886538
20
22.81183545379326
450
0
451
0
460
0
461
0
452
1
462
1
453
2
463
0
63
5
421
255
463
1
63
7
421
16777215
470
LINEAR
1001
ACAD
1010
0
1020
0
1030
0
 0
ARC
  5
55d
330
1F
100
AcDbEntity
  8
TopSolderMaskLayer
100
AcDbCircle
 10
37.99829926111488
 20
58.50711201422405
 30
0.0
 40
0.42032004064008127
100
AcDbArc
 50
90
 51
270
 0
ARC
  5
55e
330
1F
100
AcDbEntity
  8
TopSolderMaskLayer
100
AcDbCircle
 10
38.255701246886474
 20
58.50711201422405
 30
0.0
 40
0.42032004064008127
100
AcDbArc
 50
270
 51
90
 0
LWPOLYLINE
  5
55f
330
1F
100
AcDbEntity
  8
TopSolderMaskLayer
100
AcDbPolyline
 90
1
 70
 1
 43
0
 10
38.255701246886474
 20
58.92743205486413
 10
37.99829926111488
 20
58.92743205486413
 0
LWPOLYLINE
  5
560
330
1F
100
AcDbEntity
  8
TopSolderMaskLayer
100
AcDbPolyline
 90
1
 70
 1
 43
0
 10
38.255701246886474
 20
58.08679197358397
 10
37.99829926111488
 20
58.08679197358397
0
HATCH
5
561
100
AcDbEntity
8
TopSolderMaskLayer
100
AcDbHatch
10
0
20
0
30
0
210
0
220
0
230
1
2
SOLID
70
1
71
0
91
1
92
7
72
1
73
1
93
4
10
37.89586159817509
20
57.676276352552726
42
-0.7853981633974483
10
37.89586159817509
20
59.33794767589537
42
0
10
38.35813890982649
20
59.33794767589537
42
-0.7853981633974483
10
38.35813890982649
20
57.676276352552726
42
0
97
1
330

75
0
76
1
47
0.4128176842155181
98
1
10
34.90568961886538
20
22.81183545379326
450
0
451
0
460
0
461
0
452
1
462
1
453
2
463
0
63
5
421
255
463
1
63
7
421
16777215
470
LINEAR
1001
ACAD
1010
0
1020
0
1030
0
 0
ARC
  5
568
330
1F
100
AcDbEntity
  8
BottomSolderMaskLayer
100
AcDbCircle
 10
37.99829926111488
 20
58.50711201422405
 30
0.0
 40
0.42032004064008127
100
AcDbArc
 50
90
 51
270
 0
ARC
  5
569
330
1F
100
AcDbEntity
  8
BottomSolderMaskLayer
100
AcDbCircle
 10
38.255701246886474
 20
58.50711201422405
 30
0.0
 40
0.42032004064008127
100
AcDbArc
 50
270
 51
90
 0
LWPOLYLINE
  5
56a
330
1F
100
AcDbEntity
  8
BottomSolderMaskLayer
100
AcDbPolyline
 90
1
 70
 1
 43
0
 10
38.255701246886474
 20
58.92743205486413
 10
37.99829926111488
 20
58.92743205486413
 0
LWPOLYLINE
  5
56b
330
1F
100
AcDbEntity
  8
BottomSolderMaskLayer
100
AcDbPolyline
 90
1
 70
 1
 43
0
 10
38.255701246886474
 20
58.08679197358397
 10
37.99829926111488
 20
58.08679197358397
0
HATCH
5
56c
100
AcDbEntity
8
BottomSolderMaskLayer
100
AcDbHatch
10
0
20
0
30
0
210
0
220
0
230
1
2
SOLID
70
1
71
0
91
1
92
7
72
1
73
1
93
4
10
37.89586159817509
20
57.676276352552726
42
-0.7853981633974483
10
37.89586159817509
20
59.33794767589537
42
0
10
38.35813890982649
20
59.33794767589537
42
-0.7853981633974483
10
38.35813890982649
20
57.676276352552726
42
0
97
1
330

75
0
76
1
47
0.4128176842155181
98
1
10
34.90568961886538
20
22.81183545379326
450
0
451
0
460
0
461
0
452
1
462
1
453
2
463
0
63
5
421
255
463
1
63
7
421
16777215
470
LINEAR
1001
ACAD
1010
0
1020
0
1030
0
 0
ARC
  5
573
330
1F
100
AcDbEntity
  8
Multi-Layer
100
AcDbCircle
 10
38.00452120904265
 20
58.50711201422405
 30
0.0
 40
0.4
100
AcDbArc
 50
90
 51
270
 0
ARC
  5
574
330
1F
100
AcDbEntity
  8
Multi-Layer
100
AcDbCircle
 10
38.249479298958704
 20
58.50711201422405
 30
0.0
 40
0.4
100
AcDbArc
 50
270
 51
90
 0
LWPOLYLINE
  5
575
330
1F
100
AcDbEntity
  8
Multi-Layer
100
AcDbPolyline
 90
1
 70
 1
 43
0
 10
38.249479298958704
 20
58.90711201422405
 10
38.00452120904265
 20
58.90711201422405
 0
LWPOLYLINE
  5
576
330
1F
100
AcDbEntity
  8
Multi-Layer
100
AcDbPolyline
 90
1
 70
 1
 43
0
 10
38.249479298958704
 20
58.10711201422405
 10
38.00452120904265
 20
58.10711201422405
0
HATCH
5
577
100
AcDbEntity
8
Multi-Layer
100
AcDbHatch
10
0
20
0
30
0
210
0
220
0
230
1
2
SOLID
70
1
71
0
91
1
92
7
72
1
73
1
93
4
10
37.90703581407183
20
57.72707645415293
42
-0.7853981633974483
10
37.90703581407183
20
59.28714757429517
42
0
10
38.34696469392952
20
59.28714757429517
42
-0.7853981633974483
10
38.34696469392952
20
57.72707645415293
42
0
97
1
330

75
0
76
1
47
0.4128176842155181
98
1
10
34.90568961886538
20
22.81183545379326
450
0
451
0
460
0
461
0
452
1
462
1
453
2
463
0
63
5
421
255
463
1
63
7
421
16777215
470
LINEAR
1001
ACAD
1010
0
1020
0
1030
0
 0
ARC
  5
57e
330
1F
100
AcDbEntity
  8
TopSolderMaskLayer
100
AcDbCircle
 10
37.99829926111488
 20
15.32702565405134
 30
0.0
 40
0.42032004064008127
100
AcDbArc
 50
90
 51
270
 0
ARC
  5
57f
330
1F
100
AcDbEntity
  8
TopSolderMaskLayer
100
AcDbCircle
 10
38.255701246886474
 20
15.32702565405134
 30
0.0
 40
0.42032004064008127
100
AcDbArc
 50
270
 51
90
 0
LWPOLYLINE
  5
580
330
1F
100
AcDbEntity
  8
TopSolderMaskLayer
100
AcDbPolyline
 90
1
 70
 1
 43
0
 10
38.255701246886474
 20
15.747345694691422
 10
37.99829926111488
 20
15.747345694691422
 0
LWPOLYLINE
  5
581
330
1F
100
AcDbEntity
  8
TopSolderMaskLayer
100
AcDbPolyline
 90
1
 70
 1
 43
0
 10
38.255701246886474
 20
14.906705613411258
 10
37.99829926111488
 20
14.906705613411258
0
HATCH
5
582
100
AcDbEntity
8
TopSolderMaskLayer
100
AcDbHatch
10
0
20
0
30
0
210
0
220
0
230
1
2
SOLID
70
1
71
0
91
1
92
7
72
1
73
1
93
4
10
37.89586159817509
20
14.496189992380017
42
-0.7853981633974483
10
37.89586159817509
20
16.157861315722663
42
0
10
38.35813890982649
20
16.157861315722663
42
-0.7853981633974483
10
38.35813890982649
20
14.496189992380017
42
0
97
1
330

75
0
76
1
47
0.4128176842155181
98
1
10
34.90568961886538
20
22.81183545379326
450
0
451
0
460
0
461
0
452
1
462
1
453
2
463
0
63
5
421
255
463
1
63
7
421
16777215
470
LINEAR
1001
ACAD
1010
0
1020
0
1030
0
 0
ARC
  5
589
330
1F
100
AcDbEntity
  8
BottomSolderMaskLayer
100
AcDbCircle
 10
37.99829926111488
 20
15.32702565405134
 30
0.0
 40
0.42032004064008127
100
AcDbArc
 50
90
 51
270
 0
ARC
  5
58a
330
1F
100
AcDbEntity
  8
BottomSolderMaskLayer
100
AcDbCircle
 10
38.255701246886474
 20
15.32702565405134
 30
0.0
 40
0.42032004064008127
100
AcDbArc
 50
270
 51
90
 0
LWPOLYLINE
  5
58b
330
1F
100
AcDbEntity
  8
BottomSolderMaskLayer
100
AcDbPolyline
 90
1
 70
 1
 43
0
 10
38.255701246886474
 20
15.747345694691422
 10
37.99829926111488
 20
15.747345694691422
 0
LWPOLYLINE
  5
58c
330
1F
100
AcDbEntity
  8
BottomSolderMaskLayer
100
AcDbPolyline
 90
1
 70
 1
 43
0
 10
38.255701246886474
 20
14.906705613411258
 10
37.99829926111488
 20
14.906705613411258
0
HATCH
5
58d
100
AcDbEntity
8
BottomSolderMaskLayer
100
AcDbHatch
10
0
20
0
30
0
210
0
220
0
230
1
2
SOLID
70
1
71
0
91
1
92
7
72
1
73
1
93
4
10
37.89586159817509
20
14.496189992380017
42
-0.7853981633974483
10
37.89586159817509
20
16.157861315722663
42
0
10
38.35813890982649
20
16.157861315722663
42
-0.7853981633974483
10
38.35813890982649
20
14.496189992380017
42
0
97
1
330

75
0
76
1
47
0.4128176842155181
98
1
10
34.90568961886538
20
22.81183545379326
450
0
451
0
460
0
461
0
452
1
462
1
453
2
463
0
63
5
421
255
463
1
63
7
421
16777215
470
LINEAR
1001
ACAD
1010
0
1020
0
1030
0
 0
ARC
  5
594
330
1F
100
AcDbEntity
  8
Multi-Layer
100
AcDbCircle
 10
38.00452120904265
 20
15.32702565405134
 30
0.0
 40
0.4
100
AcDbArc
 50
90
 51
270
 0
ARC
  5
595
330
1F
100
AcDbEntity
  8
Multi-Layer
100
AcDbCircle
 10
38.249479298958704
 20
15.32702565405134
 30
0.0
 40
0.4
100
AcDbArc
 50
270
 51
90
 0
LWPOLYLINE
  5
596
330
1F
100
AcDbEntity
  8
Multi-Layer
100
AcDbPolyline
 90
1
 70
 1
 43
0
 10
38.249479298958704
 20
15.72702565405134
 10
38.00452120904265
 20
15.72702565405134
 0
LWPOLYLINE
  5
597
330
1F
100
AcDbEntity
  8
Multi-Layer
100
AcDbPolyline
 90
1
 70
 1
 43
0
 10
38.249479298958704
 20
14.92702565405134
 10
38.00452120904265
 20
14.92702565405134
0
HATCH
5
598
100
AcDbEntity
8
Multi-Layer
100
AcDbHatch
10
0
20
0
30
0
210
0
220
0
230
1
2
SOLID
70
1
71
0
91
1
92
7
72
1
73
1
93
4
10
37.90703581407183
20
14.54699009398022
42
-0.7853981633974483
10
37.90703581407183
20
16.10706121412246
42
0
10
38.34696469392952
20
16.10706121412246
42
-0.7853981633974483
10
38.34696469392952
20
14.54699009398022
42
0
97
1
330

75
0
76
1
47
0.4128176842155181
98
1
10
34.90568961886538
20
22.81183545379326
450
0
451
0
460
0
461
0
452
1
462
1
453
2
463
0
63
5
421
255
463
1
63
7
421
16777215
470
LINEAR
1001
ACAD
1010
0
1020
0
1030
0
 0
ARC
  5
59f
330
1F
100
AcDbEntity
  8
TopSolderMaskLayer
100
AcDbCircle
 10
37.99829926111488
 20
55.967106934213916
 30
0.0
 40
0.42032004064008127
100
AcDbArc
 50
90
 51
270
 0
ARC
  5
5a0
330
1F
100
AcDbEntity
  8
TopSolderMaskLayer
100
AcDbCircle
 10
38.255701246886474
 20
55.967106934213916
 30
0.0
 40
0.42032004064008127
100
AcDbArc
 50
270
 51
90
 0
LWPOLYLINE
  5
5a1
330
1F
100
AcDbEntity
  8
TopSolderMaskLayer
100
AcDbPolyline
 90
1
 70
 1
 43
0
 10
38.255701246886474
 20
56.387426974853994
 10
37.99829926111488
 20
56.387426974853994
 0
LWPOLYLINE
  5
5a2
330
1F
100
AcDbEntity
  8
TopSolderMaskLayer
100
AcDbPolyline
 90
1
 70
 1
 43
0
 10
38.255701246886474
 20
55.54678689357384
 10
37.99829926111488
 20
55.54678689357384
0
HATCH
5
5a3
100
AcDbEntity
8
TopSolderMaskLayer
100
AcDbHatch
10
0
20
0
30
0
210
0
220
0
230
1
2
SOLID
70
1
71
0
91
1
92
7
72
1
73
1
93
4
10
37.89586159817509
20
55.136271272542594
42
-0.7853981633974483
10
37.89586159817509
20
56.79794259588524
42
0
10
38.35813890982649
20
56.79794259588524
42
-0.7853981633974483
10
38.35813890982649
20
55.136271272542594
42
0
97
1
330

75
0
76
1
47
0.4128176842155181
98
1
10
34.90568961886538
20
22.81183545379326
450
0
451
0
460
0
461
0
452
1
462
1
453
2
463
0
63
5
421
255
463
1
63
7
421
16777215
470
LINEAR
1001
ACAD
1010
0
1020
0
1030
0
 0
ARC
  5
5aa
330
1F
100
AcDbEntity
  8
BottomSolderMaskLayer
100
AcDbCircle
 10
37.99829926111488
 20
55.967106934213916
 30
0.0
 40
0.42032004064008127
100
AcDbArc
 50
90
 51
270
 0
ARC
  5
5ab
330
1F
100
AcDbEntity
  8
BottomSolderMaskLayer
100
AcDbCircle
 10
38.255701246886474
 20
55.967106934213916
 30
0.0
 40
0.42032004064008127
100
AcDbArc
 50
270
 51
90
 0
LWPOLYLINE
  5
5ac
330
1F
100
AcDbEntity
  8
BottomSolderMaskLayer
100
AcDbPolyline
 90
1
 70
 1
 43
0
 10
38.255701246886474
 20
56.387426974853994
 10
37.99829926111488
 20
56.387426974853994
 0
LWPOLYLINE
  5
5ad
330
1F
100
AcDbEntity
  8
BottomSolderMaskLayer
100
AcDbPolyline
 90
1
 70
 1
 43
0
 10
38.255701246886474
 20
55.54678689357384
 10
37.99829926111488
 20
55.54678689357384
0
HATCH
5
5ae
100
AcDbEntity
8
BottomSolderMaskLayer
100
AcDbHatch
10
0
20
0
30
0
210
0
220
0
230
1
2
SOLID
70
1
71
0
91
1
92
7
72
1
73
1
93
4
10
37.89586159817509
20
55.136271272542594
42
-0.7853981633974483
10
37.89586159817509
20
56.79794259588524
42
0
10
38.35813890982649
20
56.79794259588524
42
-0.7853981633974483
10
38.35813890982649
20
55.136271272542594
42
0
97
1
330

75
0
76
1
47
0.4128176842155181
98
1
10
34.90568961886538
20
22.81183545379326
450
0
451
0
460
0
461
0
452
1
462
1
453
2
463
0
63
5
421
255
463
1
63
7
421
16777215
470
LINEAR
1001
ACAD
1010
0
1020
0
1030
0
 0
ARC
  5
5b5
330
1F
100
AcDbEntity
  8
Multi-Layer
100
AcDbCircle
 10
38.00452120904265
 20
55.967106934213916
 30
0.0
 40
0.4
100
AcDbArc
 50
90
 51
270
 0
ARC
  5
5b6
330
1F
100
AcDbEntity
  8
Multi-Layer
100
AcDbCircle
 10
38.249479298958704
 20
55.967106934213916
 30
0.0
 40
0.4
100
AcDbArc
 50
270
 51
90
 0
LWPOLYLINE
  5
5b7
330
1F
100
AcDbEntity
  8
Multi-Layer
100
AcDbPolyline
 90
1
 70
 1
 43
0
 10
38.249479298958704
 20
56.367106934213915
 10
38.00452120904265
 20
56.367106934213915
 0
LWPOLYLINE
  5
5b8
330
1F
100
AcDbEntity
  8
Multi-Layer
100
AcDbPolyline
 90
1
 70
 1
 43
0
 10
38.249479298958704
 20
55.56710693421392
 10
38.00452120904265
 20
55.56710693421392
0
HATCH
5
5b9
100
AcDbEntity
8
Multi-Layer
100
AcDbHatch
10
0
20
0
30
0
210
0
220
0
230
1
2
SOLID
70
1
71
0
91
1
92
7
72
1
73
1
93
4
10
37.90703581407183
20
55.187071374142796
42
-0.7853981633974483
10
37.90703581407183
20
56.747142494285036
42
0
10
38.34696469392952
20
56.747142494285036
42
-0.7853981633974483
10
38.34696469392952
20
55.187071374142796
42
0
97
1
330

75
0
76
1
47
0.4128176842155181
98
1
10
34.90568961886538
20
22.81183545379326
450
0
451
0
460
0
461
0
452
1
462
1
453
2
463
0
63
5
421
255
463
1
63
7
421
16777215
470
LINEAR
1001
ACAD
1010
0
1020
0
1030
0
 0
ARC
  5
5c0
330
1F
100
AcDbEntity
  8
TopSolderMaskLayer
100
AcDbCircle
 10
37.99829926111488
 20
53.42710185420367
 30
0.0
 40
0.42032004064008127
100
AcDbArc
 50
90
 51
270
 0
ARC
  5
5c1
330
1F
100
AcDbEntity
  8
TopSolderMaskLayer
100
AcDbCircle
 10
38.255701246886474
 20
53.42710185420367
 30
0.0
 40
0.42032004064008127
100
AcDbArc
 50
270
 51
90
 0
LWPOLYLINE
  5
5c2
330
1F
100
AcDbEntity
  8
TopSolderMaskLayer
100
AcDbPolyline
 90
1
 70
 1
 43
0
 10
38.255701246886474
 20
53.84742189484375
 10
37.99829926111488
 20
53.84742189484375
 0
LWPOLYLINE
  5
5c3
330
1F
100
AcDbEntity
  8
TopSolderMaskLayer
100
AcDbPolyline
 90
1
 70
 1
 43
0
 10
38.255701246886474
 20
53.00678181356359
 10
37.99829926111488
 20
53.00678181356359
0
HATCH
5
5c4
100
AcDbEntity
8
TopSolderMaskLayer
100
AcDbHatch
10
0
20
0
30
0
210
0
220
0
230
1
2
SOLID
70
1
71
0
91
1
92
7
72
1
73
1
93
4
10
37.89586159817509
20
52.59626619253235
42
-0.7853981633974483
10
37.89586159817509
20
54.25793751587499
42
0
10
38.35813890982649
20
54.25793751587499
42
-0.7853981633974483
10
38.35813890982649
20
52.59626619253235
42
0
97
1
330

75
0
76
1
47
0.4128176842155181
98
1
10
34.90568961886538
20
22.81183545379326
450
0
451
0
460
0
461
0
452
1
462
1
453
2
463
0
63
5
421
255
463
1
63
7
421
16777215
470
LINEAR
1001
ACAD
1010
0
1020
0
1030
0
 0
ARC
  5
5cb
330
1F
100
AcDbEntity
  8
BottomSolderMaskLayer
100
AcDbCircle
 10
37.99829926111488
 20
53.42710185420367
 30
0.0
 40
0.42032004064008127
100
AcDbArc
 50
90
 51
270
 0
ARC
  5
5cc
330
1F
100
AcDbEntity
  8
BottomSolderMaskLayer
100
AcDbCircle
 10
38.255701246886474
 20
53.42710185420367
 30
0.0
 40
0.42032004064008127
100
AcDbArc
 50
270
 51
90
 0
LWPOLYLINE
  5
5cd
330
1F
100
AcDbEntity
  8
BottomSolderMaskLayer
100
AcDbPolyline
 90
1
 70
 1
 43
0
 10
38.255701246886474
 20
53.84742189484375
 10
37.99829926111488
 20
53.84742189484375
 0
LWPOLYLINE
  5
5ce
330
1F
100
AcDbEntity
  8
BottomSolderMaskLayer
100
AcDbPolyline
 90
1
 70
 1
 43
0
 10
38.255701246886474
 20
53.00678181356359
 10
37.99829926111488
 20
53.00678181356359
0
HATCH
5
5cf
100
AcDbEntity
8
BottomSolderMaskLayer
100
AcDbHatch
10
0
20
0
30
0
210
0
220
0
230
1
2
SOLID
70
1
71
0
91
1
92
7
72
1
73
1
93
4
10
37.89586159817509
20
52.59626619253235
42
-0.7853981633974483
10
37.89586159817509
20
54.25793751587499
42
0
10
38.35813890982649
20
54.25793751587499
42
-0.7853981633974483
10
38.35813890982649
20
52.59626619253235
42
0
97
1
330

75
0
76
1
47
0.4128176842155181
98
1
10
34.90568961886538
20
22.81183545379326
450
0
451
0
460
0
461
0
452
1
462
1
453
2
463
0
63
5
421
255
463
1
63
7
421
16777215
470
LINEAR
1001
ACAD
1010
0
1020
0
1030
0
 0
ARC
  5
5d6
330
1F
100
AcDbEntity
  8
Multi-Layer
100
AcDbCircle
 10
38.00452120904265
 20
53.42710185420367
 30
0.0
 40
0.4
100
AcDbArc
 50
90
 51
270
 0
ARC
  5
5d7
330
1F
100
AcDbEntity
  8
Multi-Layer
100
AcDbCircle
 10
38.249479298958704
 20
53.42710185420367
 30
0.0
 40
0.4
100
AcDbArc
 50
270
 51
90
 0
LWPOLYLINE
  5
5d8
330
1F
100
AcDbEntity
  8
Multi-Layer
100
AcDbPolyline
 90
1
 70
 1
 43
0
 10
38.249479298958704
 20
53.82710185420367
 10
38.00452120904265
 20
53.82710185420367
 0
LWPOLYLINE
  5
5d9
330
1F
100
AcDbEntity
  8
Multi-Layer
100
AcDbPolyline
 90
1
 70
 1
 43
0
 10
38.249479298958704
 20
53.02710185420367
 10
38.00452120904265
 20
53.02710185420367
0
HATCH
5
5da
100
AcDbEntity
8
Multi-Layer
100
AcDbHatch
10
0
20
0
30
0
210
0
220
0
230
1
2
SOLID
70
1
71
0
91
1
92
7
72
1
73
1
93
4
10
37.90703581407183
20
52.64706629413255
42
-0.7853981633974483
10
37.90703581407183
20
54.20713741427479
42
0
10
38.34696469392952
20
54.20713741427479
42
-0.7853981633974483
10
38.34696469392952
20
52.64706629413255
42
0
97
1
330

75
0
76
1
47
0.4128176842155181
98
1
10
34.90568961886538
20
22.81183545379326
450
0
451
0
460
0
461
0
452
1
462
1
453
2
463
0
63
5
421
255
463
1
63
7
421
16777215
470
LINEAR
1001
ACAD
1010
0
1020
0
1030
0
 0
ARC
  5
5e1
330
1F
100
AcDbEntity
  8
TopSolderMaskLayer
100
AcDbCircle
 10
37.99829926111488
 20
50.88709677419354
 30
0.0
 40
0.42032004064008127
100
AcDbArc
 50
90
 51
270
 0
ARC
  5
5e2
330
1F
100
AcDbEntity
  8
TopSolderMaskLayer
100
AcDbCircle
 10
38.255701246886474
 20
50.88709677419354
 30
0.0
 40
0.42032004064008127
100
AcDbArc
 50
270
 51
90
 0
LWPOLYLINE
  5
5e3
330
1F
100
AcDbEntity
  8
TopSolderMaskLayer
100
AcDbPolyline
 90
1
 70
 1
 43
0
 10
38.255701246886474
 20
51.307416814833616
 10
37.99829926111488
 20
51.307416814833616
 0
LWPOLYLINE
  5
5e4
330
1F
100
AcDbEntity
  8
TopSolderMaskLayer
100
AcDbPolyline
 90
1
 70
 1
 43
0
 10
38.255701246886474
 20
50.46677673355346
 10
37.99829926111488
 20
50.46677673355346
0
HATCH
5
5e5
100
AcDbEntity
8
TopSolderMaskLayer
100
AcDbHatch
10
0
20
0
30
0
210
0
220
0
230
1
2
SOLID
70
1
71
0
91
1
92
7
72
1
73
1
93
4
10
37.89586159817509
20
50.056261112522215
42
-0.7853981633974483
10
37.89586159817509
20
51.71793243586486
42
0
10
38.35813890982649
20
51.71793243586486
42
-0.7853981633974483
10
38.35813890982649
20
50.056261112522215
42
0
97
1
330

75
0
76
1
47
0.4128176842155181
98
1
10
34.90568961886538
20
22.81183545379326
450
0
451
0
460
0
461
0
452
1
462
1
453
2
463
0
63
5
421
255
463
1
63
7
421
16777215
470
LINEAR
1001
ACAD
1010
0
1020
0
1030
0
 0
ARC
  5
5ec
330
1F
100
AcDbEntity
  8
BottomSolderMaskLayer
100
AcDbCircle
 10
37.99829926111488
 20
50.88709677419354
 30
0.0
 40
0.42032004064008127
100
AcDbArc
 50
90
 51
270
 0
ARC
  5
5ed
330
1F
100
AcDbEntity
  8
BottomSolderMaskLayer
100
AcDbCircle
 10
38.255701246886474
 20
50.88709677419354
 30
0.0
 40
0.42032004064008127
100
AcDbArc
 50
270
 51
90
 0
LWPOLYLINE
  5
5ee
330
1F
100
AcDbEntity
  8
BottomSolderMaskLayer
100
AcDbPolyline
 90
1
 70
 1
 43
0
 10
38.255701246886474
 20
51.307416814833616
 10
37.99829926111488
 20
51.307416814833616
 0
LWPOLYLINE
  5
5ef
330
1F
100
AcDbEntity
  8
BottomSolderMaskLayer
100
AcDbPolyline
 90
1
 70
 1
 43
0
 10
38.255701246886474
 20
50.46677673355346
 10
37.99829926111488
 20
50.46677673355346
0
HATCH
5
5f0
100
AcDbEntity
8
BottomSolderMaskLayer
100
AcDbHatch
10
0
20
0
30
0
210
0
220
0
230
1
2
SOLID
70
1
71
0
91
1
92
7
72
1
73
1
93
4
10
37.89586159817509
20
50.056261112522215
42
-0.7853981633974483
10
37.89586159817509
20
51.71793243586486
42
0
10
38.35813890982649
20
51.71793243586486
42
-0.7853981633974483
10
38.35813890982649
20
50.056261112522215
42
0
97
1
330

75
0
76
1
47
0.4128176842155181
98
1
10
34.90568961886538
20
22.81183545379326
450
0
451
0
460
0
461
0
452
1
462
1
453
2
463
0
63
5
421
255
463
1
63
7
421
16777215
470
LINEAR
1001
ACAD
1010
0
1020
0
1030
0
 0
ARC
  5
5f7
330
1F
100
AcDbEntity
  8
Multi-Layer
100
AcDbCircle
 10
38.00452120904265
 20
50.88709677419354
 30
0.0
 40
0.4
100
AcDbArc
 50
90
 51
270
 0
ARC
  5
5f8
330
1F
100
AcDbEntity
  8
Multi-Layer
100
AcDbCircle
 10
38.249479298958704
 20
50.88709677419354
 30
0.0
 40
0.4
100
AcDbArc
 50
270
 51
90
 0
LWPOLYLINE
  5
5f9
330
1F
100
AcDbEntity
  8
Multi-Layer
100
AcDbPolyline
 90
1
 70
 1
 43
0
 10
38.249479298958704
 20
51.287096774193536
 10
38.00452120904265
 20
51.287096774193536
 0
LWPOLYLINE
  5
5fa
330
1F
100
AcDbEntity
  8
Multi-Layer
100
AcDbPolyline
 90
1
 70
 1
 43
0
 10
38.249479298958704
 20
50.48709677419354
 10
38.00452120904265
 20
50.48709677419354
0
HATCH
5
5fb
100
AcDbEntity
8
Multi-Layer
100
AcDbHatch
10
0
20
0
30
0
210
0
220
0
230
1
2
SOLID
70
1
71
0
91
1
92
7
72
1
73
1
93
4
10
37.90703581407183
20
50.10706121412242
42
-0.7853981633974483
10
37.90703581407183
20
51.66713233426466
42
0
10
38.34696469392952
20
51.66713233426466
42
-0.7853981633974483
10
38.34696469392952
20
50.10706121412242
42
0
97
1
330

75
0
76
1
47
0.4128176842155181
98
1
10
34.90568961886538
20
22.81183545379326
450
0
451
0
460
0
461
0
452
1
462
1
453
2
463
0
63
5
421
255
463
1
63
7
421
16777215
470
LINEAR
1001
ACAD
1010
0
1020
0
1030
0
 0
ARC
  5
602
330
1F
100
AcDbEntity
  8
TopSolderMaskLayer
100
AcDbCircle
 10
37.99829926111488
 20
48.347091694183405
 30
0.0
 40
0.42032004064008127
100
AcDbArc
 50
90
 51
270
 0
ARC
  5
603
330
1F
100
AcDbEntity
  8
TopSolderMaskLayer
100
AcDbCircle
 10
38.255701246886474
 20
48.347091694183405
 30
0.0
 40
0.42032004064008127
100
AcDbArc
 50
270
 51
90
 0
LWPOLYLINE
  5
604
330
1F
100
AcDbEntity
  8
TopSolderMaskLayer
100
AcDbPolyline
 90
1
 70
 1
 43
0
 10
38.255701246886474
 20
48.76741173482348
 10
37.99829926111488
 20
48.76741173482348
 0
LWPOLYLINE
  5
605
330
1F
100
AcDbEntity
  8
TopSolderMaskLayer
100
AcDbPolyline
 90
1
 70
 1
 43
0
 10
38.255701246886474
 20
47.92677165354333
 10
37.99829926111488
 20
47.92677165354333
0
HATCH
5
606
100
AcDbEntity
8
TopSolderMaskLayer
100
AcDbHatch
10
0
20
0
30
0
210
0
220
0
230
1
2
SOLID
70
1
71
0
91
1
92
7
72
1
73
1
93
4
10
37.89586159817509
20
47.51625603251208
42
-0.7853981633974483
10
37.89586159817509
20
49.17792735585473
42
0
10
38.35813890982649
20
49.17792735585473
42
-0.7853981633974483
10
38.35813890982649
20
47.51625603251208
42
0
97
1
330

75
0
76
1
47
0.4128176842155181
98
1
10
34.90568961886538
20
22.81183545379326
450
0
451
0
460
0
461
0
452
1
462
1
453
2
463
0
63
5
421
255
463
1
63
7
421
16777215
470
LINEAR
1001
ACAD
1010
0
1020
0
1030
0
 0
ARC
  5
60d
330
1F
100
AcDbEntity
  8
BottomSolderMaskLayer
100
AcDbCircle
 10
37.99829926111488
 20
48.347091694183405
 30
0.0
 40
0.42032004064008127
100
AcDbArc
 50
90
 51
270
 0
ARC
  5
60e
330
1F
100
AcDbEntity
  8
BottomSolderMaskLayer
100
AcDbCircle
 10
38.255701246886474
 20
48.347091694183405
 30
0.0
 40
0.42032004064008127
100
AcDbArc
 50
270
 51
90
 0
LWPOLYLINE
  5
60f
330
1F
100
AcDbEntity
  8
BottomSolderMaskLayer
100
AcDbPolyline
 90
1
 70
 1
 43
0
 10
38.255701246886474
 20
48.76741173482348
 10
37.99829926111488
 20
48.76741173482348
 0
LWPOLYLINE
  5
610
330
1F
100
AcDbEntity
  8
BottomSolderMaskLayer
100
AcDbPolyline
 90
1
 70
 1
 43
0
 10
38.255701246886474
 20
47.92677165354333
 10
37.99829926111488
 20
47.92677165354333
0
HATCH
5
611
100
AcDbEntity
8
BottomSolderMaskLayer
100
AcDbHatch
10
0
20
0
30
0
210
0
220
0
230
1
2
SOLID
70
1
71
0
91
1
92
7
72
1
73
1
93
4
10
37.89586159817509
20
47.51625603251208
42
-0.7853981633974483
10
37.89586159817509
20
49.17792735585473
42
0
10
38.35813890982649
20
49.17792735585473
42
-0.7853981633974483
10
38.35813890982649
20
47.51625603251208
42
0
97
1
330

75
0
76
1
47
0.4128176842155181
98
1
10
34.90568961886538
20
22.81183545379326
450
0
451
0
460
0
461
0
452
1
462
1
453
2
463
0
63
5
421
255
463
1
63
7
421
16777215
470
LINEAR
1001
ACAD
1010
0
1020
0
1030
0
 0
ARC
  5
618
330
1F
100
AcDbEntity
  8
Multi-Layer
100
AcDbCircle
 10
38.00452120904265
 20
48.347091694183405
 30
0.0
 40
0.4
100
AcDbArc
 50
90
 51
270
 0
ARC
  5
619
330
1F
100
AcDbEntity
  8
Multi-Layer
100
AcDbCircle
 10
38.249479298958704
 20
48.347091694183405
 30
0.0
 40
0.4
100
AcDbArc
 50
270
 51
90
 0
LWPOLYLINE
  5
61a
330
1F
100
AcDbEntity
  8
Multi-Layer
100
AcDbPolyline
 90
1
 70
 1
 43
0
 10
38.249479298958704
 20
48.7470916941834
 10
38.00452120904265
 20
48.7470916941834
 0
LWPOLYLINE
  5
61b
330
1F
100
AcDbEntity
  8
Multi-Layer
100
AcDbPolyline
 90
1
 70
 1
 43
0
 10
38.249479298958704
 20
47.947091694183406
 10
38.00452120904265
 20
47.947091694183406
0
HATCH
5
61c
100
AcDbEntity
8
Multi-Layer
100
AcDbHatch
10
0
20
0
30
0
210
0
220
0
230
1
2
SOLID
70
1
71
0
91
1
92
7
72
1
73
1
93
4
10
37.90703581407183
20
47.567056134112285
42
-0.7853981633974483
10
37.90703581407183
20
49.127127254254525
42
0
10
38.34696469392952
20
49.127127254254525
42
-0.7853981633974483
10
38.34696469392952
20
47.567056134112285
42
0
97
1
330

75
0
76
1
47
0.4128176842155181
98
1
10
34.90568961886538
20
22.81183545379326
450
0
451
0
460
0
461
0
452
1
462
1
453
2
463
0
63
5
421
255
463
1
63
7
421
16777215
470
LINEAR
1001
ACAD
1010
0
1020
0
1030
0
 0
ARC
  5
623
330
1F
100
AcDbEntity
  8
TopSolderMaskLayer
100
AcDbCircle
 10
37.99829926111488
 20
45.80708661417327
 30
0.0
 40
0.42032004064008127
100
AcDbArc
 50
90
 51
270
 0
ARC
  5
624
330
1F
100
AcDbEntity
  8
TopSolderMaskLayer
100
AcDbCircle
 10
38.255701246886474
 20
45.80708661417327
 30
0.0
 40
0.42032004064008127
100
AcDbArc
 50
270
 51
90
 0
LWPOLYLINE
  5
625
330
1F
100
AcDbEntity
  8
TopSolderMaskLayer
100
AcDbPolyline
 90
1
 70
 1
 43
0
 10
38.255701246886474
 20
46.22740665481335
 10
37.99829926111488
 20
46.22740665481335
 0
LWPOLYLINE
  5
626
330
1F
100
AcDbEntity
  8
TopSolderMaskLayer
100
AcDbPolyline
 90
1
 70
 1
 43
0
 10
38.255701246886474
 20
45.386766573533194
 10
37.99829926111488
 20
45.386766573533194
0
HATCH
5
627
100
AcDbEntity
8
TopSolderMaskLayer
100
AcDbHatch
10
0
20
0
30
0
210
0
220
0
230
1
2
SOLID
70
1
71
0
91
1
92
7
72
1
73
1
93
4
10
37.89586159817509
20
44.97625095250195
42
-0.7853981633974483
10
37.89586159817509
20
46.637922275844595
42
0
10
38.35813890982649
20
46.637922275844595
42
-0.7853981633974483
10
38.35813890982649
20
44.97625095250195
42
0
97
1
330

75
0
76
1
47
0.4128176842155181
98
1
10
34.90568961886538
20
22.81183545379326
450
0
451
0
460
0
461
0
452
1
462
1
453
2
463
0
63
5
421
255
463
1
63
7
421
16777215
470
LINEAR
1001
ACAD
1010
0
1020
0
1030
0
 0
ARC
  5
62e
330
1F
100
AcDbEntity
  8
BottomSolderMaskLayer
100
AcDbCircle
 10
37.99829926111488
 20
45.80708661417327
 30
0.0
 40
0.42032004064008127
100
AcDbArc
 50
90
 51
270
 0
ARC
  5
62f
330
1F
100
AcDbEntity
  8
BottomSolderMaskLayer
100
AcDbCircle
 10
38.255701246886474
 20
45.80708661417327
 30
0.0
 40
0.42032004064008127
100
AcDbArc
 50
270
 51
90
 0
LWPOLYLINE
  5
630
330
1F
100
AcDbEntity
  8
BottomSolderMaskLayer
100
AcDbPolyline
 90
1
 70
 1
 43
0
 10
38.255701246886474
 20
46.22740665481335
 10
37.99829926111488
 20
46.22740665481335
 0
LWPOLYLINE
  5
631
330
1F
100
AcDbEntity
  8
BottomSolderMaskLayer
100
AcDbPolyline
 90
1
 70
 1
 43
0
 10
38.255701246886474
 20
45.386766573533194
 10
37.99829926111488
 20
45.386766573533194
0
HATCH
5
632
100
AcDbEntity
8
BottomSolderMaskLayer
100
AcDbHatch
10
0
20
0
30
0
210
0
220
0
230
1
2
SOLID
70
1
71
0
91
1
92
7
72
1
73
1
93
4
10
37.89586159817509
20
44.97625095250195
42
-0.7853981633974483
10
37.89586159817509
20
46.637922275844595
42
0
10
38.35813890982649
20
46.637922275844595
42
-0.7853981633974483
10
38.35813890982649
20
44.97625095250195
42
0
97
1
330

75
0
76
1
47
0.4128176842155181
98
1
10
34.90568961886538
20
22.81183545379326
450
0
451
0
460
0
461
0
452
1
462
1
453
2
463
0
63
5
421
255
463
1
63
7
421
16777215
470
LINEAR
1001
ACAD
1010
0
1020
0
1030
0
 0
ARC
  5
639
330
1F
100
AcDbEntity
  8
Multi-Layer
100
AcDbCircle
 10
38.00452120904265
 20
45.80708661417327
 30
0.0
 40
0.4
100
AcDbArc
 50
90
 51
270
 0
ARC
  5
63a
330
1F
100
AcDbEntity
  8
Multi-Layer
100
AcDbCircle
 10
38.249479298958704
 20
45.80708661417327
 30
0.0
 40
0.4
100
AcDbArc
 50
270
 51
90
 0
LWPOLYLINE
  5
63b
330
1F
100
AcDbEntity
  8
Multi-Layer
100
AcDbPolyline
 90
1
 70
 1
 43
0
 10
38.249479298958704
 20
46.20708661417327
 10
38.00452120904265
 20
46.20708661417327
 0
LWPOLYLINE
  5
63c
330
1F
100
AcDbEntity
  8
Multi-Layer
100
AcDbPolyline
 90
1
 70
 1
 43
0
 10
38.249479298958704
 20
45.407086614173274
 10
38.00452120904265
 20
45.407086614173274
0
HATCH
5
63d
100
AcDbEntity
8
Multi-Layer
100
AcDbHatch
10
0
20
0
30
0
210
0
220
0
230
1
2
SOLID
70
1
71
0
91
1
92
7
72
1
73
1
93
4
10
37.90703581407183
20
45.02705105410215
42
-0.7853981633974483
10
37.90703581407183
20
46.58712217424439
42
0
10
38.34696469392952
20
46.58712217424439
42
-0.7853981633974483
10
38.34696469392952
20
45.02705105410215
42
0
97
1
330

75
0
76
1
47
0.4128176842155181
98
1
10
34.90568961886538
20
22.81183545379326
450
0
451
0
460
0
461
0
452
1
462
1
453
2
463
0
63
5
421
255
463
1
63
7
421
16777215
470
LINEAR
1001
ACAD
1010
0
1020
0
1030
0
 0
ARC
  5
644
330
1F
100
AcDbEntity
  8
TopSolderMaskLayer
100
AcDbCircle
 10
37.99829926111488
 20
43.267081534163026
 30
0.0
 40
0.42032004064008127
100
AcDbArc
 50
90
 51
270
 0
ARC
  5
645
330
1F
100
AcDbEntity
  8
TopSolderMaskLayer
100
AcDbCircle
 10
38.255701246886474
 20
43.267081534163026
 30
0.0
 40
0.42032004064008127
100
AcDbArc
 50
270
 51
90
 0
LWPOLYLINE
  5
646
330
1F
100
AcDbEntity
  8
TopSolderMaskLayer
100
AcDbPolyline
 90
1
 70
 1
 43
0
 10
38.255701246886474
 20
43.687401574803104
 10
37.99829926111488
 20
43.687401574803104
 0
LWPOLYLINE
  5
647
330
1F
100
AcDbEntity
  8
TopSolderMaskLayer
100
AcDbPolyline
 90
1
 70
 1
 43
0
 10
38.255701246886474
 20
42.84676149352295
 10
37.99829926111488
 20
42.84676149352295
0
HATCH
5
648
100
AcDbEntity
8
TopSolderMaskLayer
100
AcDbHatch
10
0
20
0
30
0
210
0
220
0
230
1
2
SOLID
70
1
71
0
91
1
92
7
72
1
73
1
93
4
10
37.89586159817509
20
42.4362458724917
42
-0.7853981633974483
10
37.89586159817509
20
44.09791719583435
42
0
10
38.35813890982649
20
44.09791719583435
42
-0.7853981633974483
10
38.35813890982649
20
42.4362458724917
42
0
97
1
330

75
0
76
1
47
0.4128176842155181
98
1
10
34.90568961886538
20
22.81183545379326
450
0
451
0
460
0
461
0
452
1
462
1
453
2
463
0
63
5
421
255
463
1
63
7
421
16777215
470
LINEAR
1001
ACAD
1010
0
1020
0
1030
0
 0
ARC
  5
64f
330
1F
100
AcDbEntity
  8
BottomSolderMaskLayer
100
AcDbCircle
 10
37.99829926111488
 20
43.267081534163026
 30
0.0
 40
0.42032004064008127
100
AcDbArc
 50
90
 51
270
 0
ARC
  5
650
330
1F
100
AcDbEntity
  8
BottomSolderMaskLayer
100
AcDbCircle
 10
38.255701246886474
 20
43.267081534163026
 30
0.0
 40
0.42032004064008127
100
AcDbArc
 50
270
 51
90
 0
LWPOLYLINE
  5
651
330
1F
100
AcDbEntity
  8
BottomSolderMaskLayer
100
AcDbPolyline
 90
1
 70
 1
 43
0
 10
38.255701246886474
 20
43.687401574803104
 10
37.99829926111488
 20
43.687401574803104
 0
LWPOLYLINE
  5
652
330
1F
100
AcDbEntity
  8
BottomSolderMaskLayer
100
AcDbPolyline
 90
1
 70
 1
 43
0
 10
38.255701246886474
 20
42.84676149352295
 10
37.99829926111488
 20
42.84676149352295
0
HATCH
5
653
100
AcDbEntity
8
BottomSolderMaskLayer
100
AcDbHatch
10
0
20
0
30
0
210
0
220
0
230
1
2
SOLID
70
1
71
0
91
1
92
7
72
1
73
1
93
4
10
37.89586159817509
20
42.4362458724917
42
-0.7853981633974483
10
37.89586159817509
20
44.09791719583435
42
0
10
38.35813890982649
20
44.09791719583435
42
-0.7853981633974483
10
38.35813890982649
20
42.4362458724917
42
0
97
1
330

75
0
76
1
47
0.4128176842155181
98
1
10
34.90568961886538
20
22.81183545379326
450
0
451
0
460
0
461
0
452
1
462
1
453
2
463
0
63
5
421
255
463
1
63
7
421
16777215
470
LINEAR
1001
ACAD
1010
0
1020
0
1030
0
 0
ARC
  5
65a
330
1F
100
AcDbEntity
  8
Multi-Layer
100
AcDbCircle
 10
38.00452120904265
 20
43.267081534163026
 30
0.0
 40
0.4
100
AcDbArc
 50
90
 51
270
 0
ARC
  5
65b
330
1F
100
AcDbEntity
  8
Multi-Layer
100
AcDbCircle
 10
38.249479298958704
 20
43.267081534163026
 30
0.0
 40
0.4
100
AcDbArc
 50
270
 51
90
 0
LWPOLYLINE
  5
65c
330
1F
100
AcDbEntity
  8
Multi-Layer
100
AcDbPolyline
 90
1
 70
 1
 43
0
 10
38.249479298958704
 20
43.667081534163025
 10
38.00452120904265
 20
43.667081534163025
 0
LWPOLYLINE
  5
65d
330
1F
100
AcDbEntity
  8
Multi-Layer
100
AcDbPolyline
 90
1
 70
 1
 43
0
 10
38.249479298958704
 20
42.86708153416303
 10
38.00452120904265
 20
42.86708153416303
0
HATCH
5
65e
100
AcDbEntity
8
Multi-Layer
100
AcDbHatch
10
0
20
0
30
0
210
0
220
0
230
1
2
SOLID
70
1
71
0
91
1
92
7
72
1
73
1
93
4
10
37.90703581407183
20
42.487045974091906
42
-0.7853981633974483
10
37.90703581407183
20
44.047117094234146
42
0
10
38.34696469392952
20
44.047117094234146
42
-0.7853981633974483
10
38.34696469392952
20
42.487045974091906
42
0
97
1
330

75
0
76
1
47
0.4128176842155181
98
1
10
34.90568961886538
20
22.81183545379326
450
0
451
0
460
0
461
0
452
1
462
1
453
2
463
0
63
5
421
255
463
1
63
7
421
16777215
470
LINEAR
1001
ACAD
1010
0
1020
0
1030
0
 0
ARC
  5
665
330
1F
100
AcDbEntity
  8
TopSolderMaskLayer
100
AcDbCircle
 10
37.99829926111488
 20
40.72707645415289
 30
0.0
 40
0.42032004064008127
100
AcDbArc
 50
90
 51
270
 0
ARC
  5
666
330
1F
100
AcDbEntity
  8
TopSolderMaskLayer
100
AcDbCircle
 10
38.255701246886474
 20
40.72707645415289
 30
0.0
 40
0.42032004064008127
100
AcDbArc
 50
270
 51
90
 0
LWPOLYLINE
  5
667
330
1F
100
AcDbEntity
  8
TopSolderMaskLayer
100
AcDbPolyline
 90
1
 70
 1
 43
0
 10
38.255701246886474
 20
41.14739649479297
 10
37.99829926111488
 20
41.14739649479297
 0
LWPOLYLINE
  5
668
330
1F
100
AcDbEntity
  8
TopSolderMaskLayer
100
AcDbPolyline
 90
1
 70
 1
 43
0
 10
38.255701246886474
 20
40.306756413512815
 10
37.99829926111488
 20
40.306756413512815
0
HATCH
5
669
100
AcDbEntity
8
TopSolderMaskLayer
100
AcDbHatch
10
0
20
0
30
0
210
0
220
0
230
1
2
SOLID
70
1
71
0
91
1
92
7
72
1
73
1
93
4
10
37.89586159817509
20
39.89624079248157
42
-0.7853981633974483
10
37.89586159817509
20
41.557912115824216
42
0
10
38.35813890982649
20
41.557912115824216
42
-0.7853981633974483
10
38.35813890982649
20
39.89624079248157
42
0
97
1
330

75
0
76
1
47
0.4128176842155181
98
1
10
34.90568961886538
20
22.81183545379326
450
0
451
0
460
0
461
0
452
1
462
1
453
2
463
0
63
5
421
255
463
1
63
7
421
16777215
470
LINEAR
1001
ACAD
1010
0
1020
0
1030
0
 0
ARC
  5
670
330
1F
100
AcDbEntity
  8
BottomSolderMaskLayer
100
AcDbCircle
 10
37.99829926111488
 20
40.72707645415289
 30
0.0
 40
0.42032004064008127
100
AcDbArc
 50
90
 51
270
 0
ARC
  5
671
330
1F
100
AcDbEntity
  8
BottomSolderMaskLayer
100
AcDbCircle
 10
38.255701246886474
 20
40.72707645415289
 30
0.0
 40
0.42032004064008127
100
AcDbArc
 50
270
 51
90
 0
LWPOLYLINE
  5
672
330
1F
100
AcDbEntity
  8
BottomSolderMaskLayer
100
AcDbPolyline
 90
1
 70
 1
 43
0
 10
38.255701246886474
 20
41.14739649479297
 10
37.99829926111488
 20
41.14739649479297
 0
LWPOLYLINE
  5
673
330
1F
100
AcDbEntity
  8
BottomSolderMaskLayer
100
AcDbPolyline
 90
1
 70
 1
 43
0
 10
38.255701246886474
 20
40.306756413512815
 10
37.99829926111488
 20
40.306756413512815
0
HATCH
5
674
100
AcDbEntity
8
BottomSolderMaskLayer
100
AcDbHatch
10
0
20
0
30
0
210
0
220
0
230
1
2
SOLID
70
1
71
0
91
1
92
7
72
1
73
1
93
4
10
37.89586159817509
20
39.89624079248157
42
-0.7853981633974483
10
37.89586159817509
20
41.557912115824216
42
0
10
38.35813890982649
20
41.557912115824216
42
-0.7853981633974483
10
38.35813890982649
20
39.89624079248157
42
0
97
1
330

75
0
76
1
47
0.4128176842155181
98
1
10
34.90568961886538
20
22.81183545379326
450
0
451
0
460
0
461
0
452
1
462
1
453
2
463
0
63
5
421
255
463
1
63
7
421
16777215
470
LINEAR
1001
ACAD
1010
0
1020
0
1030
0
 0
ARC
  5
67b
330
1F
100
AcDbEntity
  8
Multi-Layer
100
AcDbCircle
 10
38.00452120904265
 20
40.72707645415289
 30
0.0
 40
0.4
100
AcDbArc
 50
90
 51
270
 0
ARC
  5
67c
330
1F
100
AcDbEntity
  8
Multi-Layer
100
AcDbCircle
 10
38.249479298958704
 20
40.72707645415289
 30
0.0
 40
0.4
100
AcDbArc
 50
270
 51
90
 0
LWPOLYLINE
  5
67d
330
1F
100
AcDbEntity
  8
Multi-Layer
100
AcDbPolyline
 90
1
 70
 1
 43
0
 10
38.249479298958704
 20
41.12707645415289
 10
38.00452120904265
 20
41.12707645415289
 0
LWPOLYLINE
  5
67e
330
1F
100
AcDbEntity
  8
Multi-Layer
100
AcDbPolyline
 90
1
 70
 1
 43
0
 10
38.249479298958704
 20
40.327076454152895
 10
38.00452120904265
 20
40.327076454152895
0
HATCH
5
67f
100
AcDbEntity
8
Multi-Layer
100
AcDbHatch
10
0
20
0
30
0
210
0
220
0
230
1
2
SOLID
70
1
71
0
91
1
92
7
72
1
73
1
93
4
10
37.90703581407183
20
39.94704089408177
42
-0.7853981633974483
10
37.90703581407183
20
41.50711201422401
42
0
10
38.34696469392952
20
41.50711201422401
42
-0.7853981633974483
10
38.34696469392952
20
39.94704089408177
42
0
97
1
330

75
0
76
1
47
0.4128176842155181
98
1
10
34.90568961886538
20
22.81183545379326
450
0
451
0
460
0
461
0
452
1
462
1
453
2
463
0
63
5
421
255
463
1
63
7
421
16777215
470
LINEAR
1001
ACAD
1010
0
1020
0
1030
0
 0
ARC
  5
686
330
1F
100
AcDbEntity
  8
TopSolderMaskLayer
100
AcDbCircle
 10
37.99829926111488
 20
38.18707137414276
 30
0.0
 40
0.42032004064008127
100
AcDbArc
 50
90
 51
270
 0
ARC
  5
687
330
1F
100
AcDbEntity
  8
TopSolderMaskLayer
100
AcDbCircle
 10
38.255701246886474
 20
38.18707137414276
 30
0.0
 40
0.42032004064008127
100
AcDbArc
 50
270
 51
90
 0
LWPOLYLINE
  5
688
330
1F
100
AcDbEntity
  8
TopSolderMaskLayer
100
AcDbPolyline
 90
1
 70
 1
 43
0
 10
38.255701246886474
 20
38.60739141478284
 10
37.99829926111488
 20
38.60739141478284
 0
LWPOLYLINE
  5
689
330
1F
100
AcDbEntity
  8
TopSolderMaskLayer
100
AcDbPolyline
 90
1
 70
 1
 43
0
 10
38.255701246886474
 20
37.76675133350268
 10
37.99829926111488
 20
37.76675133350268
0
HATCH
5
68a
100
AcDbEntity
8
TopSolderMaskLayer
100
AcDbHatch
10
0
20
0
30
0
210
0
220
0
230
1
2
SOLID
70
1
71
0
91
1
92
7
72
1
73
1
93
4
10
37.89586159817509
20
37.35623571247144
42
-0.7853981633974483
10
37.89586159817509
20
39.01790703581408
42
0
10
38.35813890982649
20
39.01790703581408
42
-0.7853981633974483
10
38.35813890982649
20
37.35623571247144
42
0
97
1
330

75
0
76
1
47
0.4128176842155181
98
1
10
34.90568961886538
20
22.81183545379326
450
0
451
0
460
0
461
0
452
1
462
1
453
2
463
0
63
5
421
255
463
1
63
7
421
16777215
470
LINEAR
1001
ACAD
1010
0
1020
0
1030
0
 0
ARC
  5
691
330
1F
100
AcDbEntity
  8
BottomSolderMaskLayer
100
AcDbCircle
 10
37.99829926111488
 20
38.18707137414276
 30
0.0
 40
0.42032004064008127
100
AcDbArc
 50
90
 51
270
 0
ARC
  5
692
330
1F
100
AcDbEntity
  8
BottomSolderMaskLayer
100
AcDbCircle
 10
38.255701246886474
 20
38.18707137414276
 30
0.0
 40
0.42032004064008127
100
AcDbArc
 50
270
 51
90
 0
LWPOLYLINE
  5
693
330
1F
100
AcDbEntity
  8
BottomSolderMaskLayer
100
AcDbPolyline
 90
1
 70
 1
 43
0
 10
38.255701246886474
 20
38.60739141478284
 10
37.99829926111488
 20
38.60739141478284
 0
LWPOLYLINE
  5
694
330
1F
100
AcDbEntity
  8
BottomSolderMaskLayer
100
AcDbPolyline
 90
1
 70
 1
 43
0
 10
38.255701246886474
 20
37.76675133350268
 10
37.99829926111488
 20
37.76675133350268
0
HATCH
5
695
100
AcDbEntity
8
BottomSolderMaskLayer
100
AcDbHatch
10
0
20
0
30
0
210
0
220
0
230
1
2
SOLID
70
1
71
0
91
1
92
7
72
1
73
1
93
4
10
37.89586159817509
20
37.35623571247144
42
-0.7853981633974483
10
37.89586159817509
20
39.01790703581408
42
0
10
38.35813890982649
20
39.01790703581408
42
-0.7853981633974483
10
38.35813890982649
20
37.35623571247144
42
0
97
1
330

75
0
76
1
47
0.4128176842155181
98
1
10
34.90568961886538
20
22.81183545379326
450
0
451
0
460
0
461
0
452
1
462
1
453
2
463
0
63
5
421
255
463
1
63
7
421
16777215
470
LINEAR
1001
ACAD
1010
0
1020
0
1030
0
 0
ARC
  5
69c
330
1F
100
AcDbEntity
  8
Multi-Layer
100
AcDbCircle
 10
38.00452120904265
 20
38.18707137414276
 30
0.0
 40
0.4
100
AcDbArc
 50
90
 51
270
 0
ARC
  5
69d
330
1F
100
AcDbEntity
  8
Multi-Layer
100
AcDbCircle
 10
38.249479298958704
 20
38.18707137414276
 30
0.0
 40
0.4
100
AcDbArc
 50
270
 51
90
 0
LWPOLYLINE
  5
69e
330
1F
100
AcDbEntity
  8
Multi-Layer
100
AcDbPolyline
 90
1
 70
 1
 43
0
 10
38.249479298958704
 20
38.58707137414276
 10
38.00452120904265
 20
38.58707137414276
 0
LWPOLYLINE
  5
69f
330
1F
100
AcDbEntity
  8
Multi-Layer
100
AcDbPolyline
 90
1
 70
 1
 43
0
 10
38.249479298958704
 20
37.78707137414276
 10
38.00452120904265
 20
37.78707137414276
0
HATCH
5
6a0
100
AcDbEntity
8
Multi-Layer
100
AcDbHatch
10
0
20
0
30
0
210
0
220
0
230
1
2
SOLID
70
1
71
0
91
1
92
7
72
1
73
1
93
4
10
37.90703581407183
20
37.40703581407164
42
-0.7853981633974483
10
37.90703581407183
20
38.96710693421388
42
0
10
38.34696469392952
20
38.96710693421388
42
-0.7853981633974483
10
38.34696469392952
20
37.40703581407164
42
0
97
1
330

75
0
76
1
47
0.4128176842155181
98
1
10
34.90568961886538
20
22.81183545379326
450
0
451
0
460
0
461
0
452
1
462
1
453
2
463
0
63
5
421
255
463
1
63
7
421
16777215
470
LINEAR
1001
ACAD
1010
0
1020
0
1030
0
 0
ARC
  5
6a7
330
1F
100
AcDbEntity
  8
TopSolderMaskLayer
100
AcDbCircle
 10
37.99829926111488
 20
35.64706629413263
 30
0.0
 40
0.42032004064008127
100
AcDbArc
 50
90
 51
270
 0
ARC
  5
6a8
330
1F
100
AcDbEntity
  8
TopSolderMaskLayer
100
AcDbCircle
 10
38.255701246886474
 20
35.64706629413263
 30
0.0
 40
0.42032004064008127
100
AcDbArc
 50
270
 51
90
 0
LWPOLYLINE
  5
6a9
330
1F
100
AcDbEntity
  8
TopSolderMaskLayer
100
AcDbPolyline
 90
1
 70
 1
 43
0
 10
38.255701246886474
 20
36.067386334772706
 10
37.99829926111488
 20
36.067386334772706
 0
LWPOLYLINE
  5
6aa
330
1F
100
AcDbEntity
  8
TopSolderMaskLayer
100
AcDbPolyline
 90
1
 70
 1
 43
0
 10
38.255701246886474
 20
35.22674625349255
 10
37.99829926111488
 20
35.22674625349255
0
HATCH
5
6ab
100
AcDbEntity
8
TopSolderMaskLayer
100
AcDbHatch
10
0
20
0
30
0
210
0
220
0
230
1
2
SOLID
70
1
71
0
91
1
92
7
72
1
73
1
93
4
10
37.89586159817509
20
34.816230632461306
42
-0.7853981633974483
10
37.89586159817509
20
36.47790195580395
42
0
10
38.35813890982649
20
36.47790195580395
42
-0.7853981633974483
10
38.35813890982649
20
34.816230632461306
42
0
97
1
330

75
0
76
1
47
0.4128176842155181
98
1
10
34.90568961886538
20
22.81183545379326
450
0
451
0
460
0
461
0
452
1
462
1
453
2
463
0
63
5
421
255
463
1
63
7
421
16777215
470
LINEAR
1001
ACAD
1010
0
1020
0
1030
0
 0
ARC
  5
6b2
330
1F
100
AcDbEntity
  8
BottomSolderMaskLayer
100
AcDbCircle
 10
37.99829926111488
 20
35.64706629413263
 30
0.0
 40
0.42032004064008127
100
AcDbArc
 50
90
 51
270
 0
ARC
  5
6b3
330
1F
100
AcDbEntity
  8
BottomSolderMaskLayer
100
AcDbCircle
 10
38.255701246886474
 20
35.64706629413263
 30
0.0
 40
0.42032004064008127
100
AcDbArc
 50
270
 51
90
 0
LWPOLYLINE
  5
6b4
330
1F
100
AcDbEntity
  8
BottomSolderMaskLayer
100
AcDbPolyline
 90
1
 70
 1
 43
0
 10
38.255701246886474
 20
36.067386334772706
 10
37.99829926111488
 20
36.067386334772706
 0
LWPOLYLINE
  5
6b5
330
1F
100
AcDbEntity
  8
BottomSolderMaskLayer
100
AcDbPolyline
 90
1
 70
 1
 43
0
 10
38.255701246886474
 20
35.22674625349255
 10
37.99829926111488
 20
35.22674625349255
0
HATCH
5
6b6
100
AcDbEntity
8
BottomSolderMaskLayer
100
AcDbHatch
10
0
20
0
30
0
210
0
220
0
230
1
2
SOLID
70
1
71
0
91
1
92
7
72
1
73
1
93
4
10
37.89586159817509
20
34.816230632461306
42
-0.7853981633974483
10
37.89586159817509
20
36.47790195580395
42
0
10
38.35813890982649
20
36.47790195580395
42
-0.7853981633974483
10
38.35813890982649
20
34.816230632461306
42
0
97
1
330

75
0
76
1
47
0.4128176842155181
98
1
10
34.90568961886538
20
22.81183545379326
450
0
451
0
460
0
461
0
452
1
462
1
453
2
463
0
63
5
421
255
463
1
63
7
421
16777215
470
LINEAR
1001
ACAD
1010
0
1020
0
1030
0
 0
ARC
  5
6bd
330
1F
100
AcDbEntity
  8
Multi-Layer
100
AcDbCircle
 10
38.00452120904265
 20
35.64706629413263
 30
0.0
 40
0.4
100
AcDbArc
 50
90
 51
270
 0
ARC
  5
6be
330
1F
100
AcDbEntity
  8
Multi-Layer
100
AcDbCircle
 10
38.249479298958704
 20
35.64706629413263
 30
0.0
 40
0.4
100
AcDbArc
 50
270
 51
90
 0
LWPOLYLINE
  5
6bf
330
1F
100
AcDbEntity
  8
Multi-Layer
100
AcDbPolyline
 90
1
 70
 1
 43
0
 10
38.249479298958704
 20
36.04706629413263
 10
38.00452120904265
 20
36.04706629413263
 0
LWPOLYLINE
  5
6c0
330
1F
100
AcDbEntity
  8
Multi-Layer
100
AcDbPolyline
 90
1
 70
 1
 43
0
 10
38.249479298958704
 20
35.24706629413263
 10
38.00452120904265
 20
35.24706629413263
0
HATCH
5
6c1
100
AcDbEntity
8
Multi-Layer
100
AcDbHatch
10
0
20
0
30
0
210
0
220
0
230
1
2
SOLID
70
1
71
0
91
1
92
7
72
1
73
1
93
4
10
37.90703581407183
20
34.86703073406151
42
-0.7853981633974483
10
37.90703581407183
20
36.42710185420375
42
0
10
38.34696469392952
20
36.42710185420375
42
-0.7853981633974483
10
38.34696469392952
20
34.86703073406151
42
0
97
1
330

75
0
76
1
47
0.4128176842155181
98
1
10
34.90568961886538
20
22.81183545379326
450
0
451
0
460
0
461
0
452
1
462
1
453
2
463
0
63
5
421
255
463
1
63
7
421
16777215
470
LINEAR
1001
ACAD
1010
0
1020
0
1030
0
 0
ARC
  5
6c8
330
1F
100
AcDbEntity
  8
TopSolderMaskLayer
100
AcDbCircle
 10
37.99829926111488
 20
33.10706121412238
 30
0.0
 40
0.42032004064008127
100
AcDbArc
 50
90
 51
270
 0
ARC
  5
6c9
330
1F
100
AcDbEntity
  8
TopSolderMaskLayer
100
AcDbCircle
 10
38.255701246886474
 20
33.10706121412238
 30
0.0
 40
0.42032004064008127
100
AcDbArc
 50
270
 51
90
 0
LWPOLYLINE
  5
6ca
330
1F
100
AcDbEntity
  8
TopSolderMaskLayer
100
AcDbPolyline
 90
1
 70
 1
 43
0
 10
38.255701246886474
 20
33.52738125476246
 10
37.99829926111488
 20
33.52738125476246
 0
LWPOLYLINE
  5
6cb
330
1F
100
AcDbEntity
  8
TopSolderMaskLayer
100
AcDbPolyline
 90
1
 70
 1
 43
0
 10
38.255701246886474
 20
32.686741173482304
 10
37.99829926111488
 20
32.686741173482304
0
HATCH
5
6cc
100
AcDbEntity
8
TopSolderMaskLayer
100
AcDbHatch
10
0
20
0
30
0
210
0
220
0
230
1
2
SOLID
70
1
71
0
91
1
92
7
72
1
73
1
93
4
10
37.89586159817509
20
32.27622555245106
42
-0.7853981633974483
10
37.89586159817509
20
33.937896875793705
42
0
10
38.35813890982649
20
33.937896875793705
42
-0.7853981633974483
10
38.35813890982649
20
32.27622555245106
42
0
97
1
330

75
0
76
1
47
0.4128176842155181
98
1
10
34.90568961886538
20
22.81183545379326
450
0
451
0
460
0
461
0
452
1
462
1
453
2
463
0
63
5
421
255
463
1
63
7
421
16777215
470
LINEAR
1001
ACAD
1010
0
1020
0
1030
0
 0
ARC
  5
6d3
330
1F
100
AcDbEntity
  8
BottomSolderMaskLayer
100
AcDbCircle
 10
37.99829926111488
 20
33.10706121412238
 30
0.0
 40
0.42032004064008127
100
AcDbArc
 50
90
 51
270
 0
ARC
  5
6d4
330
1F
100
AcDbEntity
  8
BottomSolderMaskLayer
100
AcDbCircle
 10
38.255701246886474
 20
33.10706121412238
 30
0.0
 40
0.42032004064008127
100
AcDbArc
 50
270
 51
90
 0
LWPOLYLINE
  5
6d5
330
1F
100
AcDbEntity
  8
BottomSolderMaskLayer
100
AcDbPolyline
 90
1
 70
 1
 43
0
 10
38.255701246886474
 20
33.52738125476246
 10
37.99829926111488
 20
33.52738125476246
 0
LWPOLYLINE
  5
6d6
330
1F
100
AcDbEntity
  8
BottomSolderMaskLayer
100
AcDbPolyline
 90
1
 70
 1
 43
0
 10
38.255701246886474
 20
32.686741173482304
 10
37.99829926111488
 20
32.686741173482304
0
HATCH
5
6d7
100
AcDbEntity
8
BottomSolderMaskLayer
100
AcDbHatch
10
0
20
0
30
0
210
0
220
0
230
1
2
SOLID
70
1
71
0
91
1
92
7
72
1
73
1
93
4
10
37.89586159817509
20
32.27622555245106
42
-0.7853981633974483
10
37.89586159817509
20
33.937896875793705
42
0
10
38.35813890982649
20
33.937896875793705
42
-0.7853981633974483
10
38.35813890982649
20
32.27622555245106
42
0
97
1
330

75
0
76
1
47
0.4128176842155181
98
1
10
34.90568961886538
20
22.81183545379326
450
0
451
0
460
0
461
0
452
1
462
1
453
2
463
0
63
5
421
255
463
1
63
7
421
16777215
470
LINEAR
1001
ACAD
1010
0
1020
0
1030
0
 0
ARC
  5
6de
330
1F
100
AcDbEntity
  8
Multi-Layer
100
AcDbCircle
 10
38.00452120904265
 20
33.10706121412238
 30
0.0
 40
0.4
100
AcDbArc
 50
90
 51
270
 0
ARC
  5
6df
330
1F
100
AcDbEntity
  8
Multi-Layer
100
AcDbCircle
 10
38.249479298958704
 20
33.10706121412238
 30
0.0
 40
0.4
100
AcDbArc
 50
270
 51
90
 0
LWPOLYLINE
  5
6e0
330
1F
100
AcDbEntity
  8
Multi-Layer
100
AcDbPolyline
 90
1
 70
 1
 43
0
 10
38.249479298958704
 20
33.50706121412238
 10
38.00452120904265
 20
33.50706121412238
 0
LWPOLYLINE
  5
6e1
330
1F
100
AcDbEntity
  8
Multi-Layer
100
AcDbPolyline
 90
1
 70
 1
 43
0
 10
38.249479298958704
 20
32.70706121412238
 10
38.00452120904265
 20
32.70706121412238
0
HATCH
5
6e2
100
AcDbEntity
8
Multi-Layer
100
AcDbHatch
10
0
20
0
30
0
210
0
220
0
230
1
2
SOLID
70
1
71
0
91
1
92
7
72
1
73
1
93
4
10
37.90703581407183
20
32.32702565405126
42
-0.7853981633974483
10
37.90703581407183
20
33.8870967741935
42
0
10
38.34696469392952
20
33.8870967741935
42
-0.7853981633974483
10
38.34696469392952
20
32.32702565405126
42
0
97
1
330

75
0
76
1
47
0.4128176842155181
98
1
10
34.90568961886538
20
22.81183545379326
450
0
451
0
460
0
461
0
452
1
462
1
453
2
463
0
63
5
421
255
463
1
63
7
421
16777215
470
LINEAR
1001
ACAD
1010
0
1020
0
1030
0
 0
ARC
  5
6e9
330
1F
100
AcDbEntity
  8
TopSolderMaskLayer
100
AcDbCircle
 10
37.99829926111488
 20
30.56705613411225
 30
0.0
 40
0.42032004064008127
100
AcDbArc
 50
90
 51
270
 0
ARC
  5
6ea
330
1F
100
AcDbEntity
  8
TopSolderMaskLayer
100
AcDbCircle
 10
38.255701246886474
 20
30.56705613411225
 30
0.0
 40
0.42032004064008127
100
AcDbArc
 50
270
 51
90
 0
LWPOLYLINE
  5
6eb
330
1F
100
AcDbEntity
  8
TopSolderMaskLayer
100
AcDbPolyline
 90
1
 70
 1
 43
0
 10
38.255701246886474
 20
30.98737617475233
 10
37.99829926111488
 20
30.98737617475233
 0
LWPOLYLINE
  5
6ec
330
1F
100
AcDbEntity
  8
TopSolderMaskLayer
100
AcDbPolyline
 90
1
 70
 1
 43
0
 10
38.255701246886474
 20
30.146736093472168
 10
37.99829926111488
 20
30.146736093472168
0
HATCH
5
6ed
100
AcDbEntity
8
TopSolderMaskLayer
100
AcDbHatch
10
0
20
0
30
0
210
0
220
0
230
1
2
SOLID
70
1
71
0
91
1
92
7
72
1
73
1
93
4
10
37.89586159817509
20
29.736220472440927
42
-0.7853981633974483
10
37.89586159817509
20
31.397891795783572
42
0
10
38.35813890982649
20
31.397891795783572
42
-0.7853981633974483
10
38.35813890982649
20
29.736220472440927
42
0
97
1
330

75
0
76
1
47
0.4128176842155181
98
1
10
34.90568961886538
20
22.81183545379326
450
0
451
0
460
0
461
0
452
1
462
1
453
2
463
0
63
5
421
255
463
1
63
7
421
16777215
470
LINEAR
1001
ACAD
1010
0
1020
0
1030
0
 0
ARC
  5
6f4
330
1F
100
AcDbEntity
  8
BottomSolderMaskLayer
100
AcDbCircle
 10
37.99829926111488
 20
30.56705613411225
 30
0.0
 40
0.42032004064008127
100
AcDbArc
 50
90
 51
270
 0
ARC
  5
6f5
330
1F
100
AcDbEntity
  8
BottomSolderMaskLayer
100
AcDbCircle
 10
38.255701246886474
 20
30.56705613411225
 30
0.0
 40
0.42032004064008127
100
AcDbArc
 50
270
 51
90
 0
LWPOLYLINE
  5
6f6
330
1F
100
AcDbEntity
  8
BottomSolderMaskLayer
100
AcDbPolyline
 90
1
 70
 1
 43
0
 10
38.255701246886474
 20
30.98737617475233
 10
37.99829926111488
 20
30.98737617475233
 0
LWPOLYLINE
  5
6f7
330
1F
100
AcDbEntity
  8
BottomSolderMaskLayer
100
AcDbPolyline
 90
1
 70
 1
 43
0
 10
38.255701246886474
 20
30.146736093472168
 10
37.99829926111488
 20
30.146736093472168
0
HATCH
5
6f8
100
AcDbEntity
8
BottomSolderMaskLayer
100
AcDbHatch
10
0
20
0
30
0
210
0
220
0
230
1
2
SOLID
70
1
71
0
91
1
92
7
72
1
73
1
93
4
10
37.89586159817509
20
29.736220472440927
42
-0.7853981633974483
10
37.89586159817509
20
31.397891795783572
42
0
10
38.35813890982649
20
31.397891795783572
42
-0.7853981633974483
10
38.35813890982649
20
29.736220472440927
42
0
97
1
330

75
0
76
1
47
0.4128176842155181
98
1
10
34.90568961886538
20
22.81183545379326
450
0
451
0
460
0
461
0
452
1
462
1
453
2
463
0
63
5
421
255
463
1
63
7
421
16777215
470
LINEAR
1001
ACAD
1010
0
1020
0
1030
0
 0
ARC
  5
6ff
330
1F
100
AcDbEntity
  8
Multi-Layer
100
AcDbCircle
 10
38.00452120904265
 20
30.56705613411225
 30
0.0
 40
0.4
100
AcDbArc
 50
90
 51
270
 0
ARC
  5
700
330
1F
100
AcDbEntity
  8
Multi-Layer
100
AcDbCircle
 10
38.249479298958704
 20
30.56705613411225
 30
0.0
 40
0.4
100
AcDbArc
 50
270
 51
90
 0
LWPOLYLINE
  5
701
330
1F
100
AcDbEntity
  8
Multi-Layer
100
AcDbPolyline
 90
1
 70
 1
 43
0
 10
38.249479298958704
 20
30.967056134112248
 10
38.00452120904265
 20
30.967056134112248
 0
LWPOLYLINE
  5
702
330
1F
100
AcDbEntity
  8
Multi-Layer
100
AcDbPolyline
 90
1
 70
 1
 43
0
 10
38.249479298958704
 20
30.16705613411225
 10
38.00452120904265
 20
30.16705613411225
0
HATCH
5
703
100
AcDbEntity
8
Multi-Layer
100
AcDbHatch
10
0
20
0
30
0
210
0
220
0
230
1
2
SOLID
70
1
71
0
91
1
92
7
72
1
73
1
93
4
10
37.90703581407183
20
29.78702057404113
42
-0.7853981633974483
10
37.90703581407183
20
31.34709169418337
42
0
10
38.34696469392952
20
31.34709169418337
42
-0.7853981633974483
10
38.34696469392952
20
29.78702057404113
42
0
97
1
330

75
0
76
1
47
0.4128176842155181
98
1
10
34.90568961886538
20
22.81183545379326
450
0
451
0
460
0
461
0
452
1
462
1
453
2
463
0
63
5
421
255
463
1
63
7
421
16777215
470
LINEAR
1001
ACAD
1010
0
1020
0
1030
0
 0
ARC
  5
70a
330
1F
100
AcDbEntity
  8
TopSolderMaskLayer
100
AcDbCircle
 10
37.99829926111488
 20
28.027051054102117
 30
0.0
 40
0.42032004064008127
100
AcDbArc
 50
90
 51
270
 0
ARC
  5
70b
330
1F
100
AcDbEntity
  8
TopSolderMaskLayer
100
AcDbCircle
 10
38.255701246886474
 20
28.027051054102117
 30
0.0
 40
0.42032004064008127
100
AcDbArc
 50
270
 51
90
 0
LWPOLYLINE
  5
70c
330
1F
100
AcDbEntity
  8
TopSolderMaskLayer
100
AcDbPolyline
 90
1
 70
 1
 43
0
 10
38.255701246886474
 20
28.4473710947422
 10
37.99829926111488
 20
28.4473710947422
 0
LWPOLYLINE
  5
70d
330
1F
100
AcDbEntity
  8
TopSolderMaskLayer
100
AcDbPolyline
 90
1
 70
 1
 43
0
 10
38.255701246886474
 20
27.606731013462035
 10
37.99829926111488
 20
27.606731013462035
0
HATCH
5
70e
100
AcDbEntity
8
TopSolderMaskLayer
100
AcDbHatch
10
0
20
0
30
0
210
0
220
0
230
1
2
SOLID
70
1
71
0
91
1
92
7
72
1
73
1
93
4
10
37.89586159817509
20
27.196215392430794
42
-0.7853981633974483
10
37.89586159817509
20
28.85788671577344
42
0
10
38.35813890982649
20
28.85788671577344
42
-0.7853981633974483
10
38.35813890982649
20
27.196215392430794
42
0
97
1
330

75
0
76
1
47
0.4128176842155181
98
1
10
34.90568961886538
20
22.81183545379326
450
0
451
0
460
0
461
0
452
1
462
1
453
2
463
0
63
5
421
255
463
1
63
7
421
16777215
470
LINEAR
1001
ACAD
1010
0
1020
0
1030
0
 0
ARC
  5
715
330
1F
100
AcDbEntity
  8
BottomSolderMaskLayer
100
AcDbCircle
 10
37.99829926111488
 20
28.027051054102117
 30
0.0
 40
0.42032004064008127
100
AcDbArc
 50
90
 51
270
 0
ARC
  5
716
330
1F
100
AcDbEntity
  8
BottomSolderMaskLayer
100
AcDbCircle
 10
38.255701246886474
 20
28.027051054102117
 30
0.0
 40
0.42032004064008127
100
AcDbArc
 50
270
 51
90
 0
LWPOLYLINE
  5
717
330
1F
100
AcDbEntity
  8
BottomSolderMaskLayer
100
AcDbPolyline
 90
1
 70
 1
 43
0
 10
38.255701246886474
 20
28.4473710947422
 10
37.99829926111488
 20
28.4473710947422
 0
LWPOLYLINE
  5
718
330
1F
100
AcDbEntity
  8
BottomSolderMaskLayer
100
AcDbPolyline
 90
1
 70
 1
 43
0
 10
38.255701246886474
 20
27.606731013462035
 10
37.99829926111488
 20
27.606731013462035
0
HATCH
5
719
100
AcDbEntity
8
BottomSolderMaskLayer
100
AcDbHatch
10
0
20
0
30
0
210
0
220
0
230
1
2
SOLID
70
1
71
0
91
1
92
7
72
1
73
1
93
4
10
37.89586159817509
20
27.196215392430794
42
-0.7853981633974483
10
37.89586159817509
20
28.85788671577344
42
0
10
38.35813890982649
20
28.85788671577344
42
-0.7853981633974483
10
38.35813890982649
20
27.196215392430794
42
0
97
1
330

75
0
76
1
47
0.4128176842155181
98
1
10
34.90568961886538
20
22.81183545379326
450
0
451
0
460
0
461
0
452
1
462
1
453
2
463
0
63
5
421
255
463
1
63
7
421
16777215
470
LINEAR
1001
ACAD
1010
0
1020
0
1030
0
 0
ARC
  5
720
330
1F
100
AcDbEntity
  8
Multi-Layer
100
AcDbCircle
 10
38.00452120904265
 20
28.027051054102117
 30
0.0
 40
0.4
100
AcDbArc
 50
90
 51
270
 0
ARC
  5
721
330
1F
100
AcDbEntity
  8
Multi-Layer
100
AcDbCircle
 10
38.249479298958704
 20
28.027051054102117
 30
0.0
 40
0.4
100
AcDbArc
 50
270
 51
90
 0
LWPOLYLINE
  5
722
330
1F
100
AcDbEntity
  8
Multi-Layer
100
AcDbPolyline
 90
1
 70
 1
 43
0
 10
38.249479298958704
 20
28.427051054102115
 10
38.00452120904265
 20
28.427051054102115
 0
LWPOLYLINE
  5
723
330
1F
100
AcDbEntity
  8
Multi-Layer
100
AcDbPolyline
 90
1
 70
 1
 43
0
 10
38.249479298958704
 20
27.627051054102118
 10
38.00452120904265
 20
27.627051054102118
0
HATCH
5
724
100
AcDbEntity
8
Multi-Layer
100
AcDbHatch
10
0
20
0
30
0
210
0
220
0
230
1
2
SOLID
70
1
71
0
91
1
92
7
72
1
73
1
93
4
10
37.90703581407183
20
27.247015494030997
42
-0.7853981633974483
10
37.90703581407183
20
28.807086614173237
42
0
10
38.34696469392952
20
28.807086614173237
42
-0.7853981633974483
10
38.34696469392952
20
27.247015494030997
42
0
97
1
330

75
0
76
1
47
0.4128176842155181
98
1
10
34.90568961886538
20
22.81183545379326
450
0
451
0
460
0
461
0
452
1
462
1
453
2
463
0
63
5
421
255
463
1
63
7
421
16777215
470
LINEAR
1001
ACAD
1010
0
1020
0
1030
0
 0
ARC
  5
72b
330
1F
100
AcDbEntity
  8
TopSolderMaskLayer
100
AcDbCircle
 10
37.99829926111488
 20
25.487045974091984
 30
0.0
 40
0.42032004064008127
100
AcDbArc
 50
90
 51
270
 0
ARC
  5
72c
330
1F
100
AcDbEntity
  8
TopSolderMaskLayer
100
AcDbCircle
 10
38.255701246886474
 20
25.487045974091984
 30
0.0
 40
0.42032004064008127
100
AcDbArc
 50
270
 51
90
 0
LWPOLYLINE
  5
72d
330
1F
100
AcDbEntity
  8
TopSolderMaskLayer
100
AcDbPolyline
 90
1
 70
 1
 43
0
 10
38.255701246886474
 20
25.907366014732066
 10
37.99829926111488
 20
25.907366014732066
 0
LWPOLYLINE
  5
72e
330
1F
100
AcDbEntity
  8
TopSolderMaskLayer
100
AcDbPolyline
 90
1
 70
 1
 43
0
 10
38.255701246886474
 20
25.066725933451902
 10
37.99829926111488
 20
25.066725933451902
0
HATCH
5
72f
100
AcDbEntity
8
TopSolderMaskLayer
100
AcDbHatch
10
0
20
0
30
0
210
0
220
0
230
1
2
SOLID
70
1
71
0
91
1
92
7
72
1
73
1
93
4
10
37.89586159817509
20
24.65621031242066
42
-0.7853981633974483
10
37.89586159817509
20
26.317881635763307
42
0
10
38.35813890982649
20
26.317881635763307
42
-0.7853981633974483
10
38.35813890982649
20
24.65621031242066
42
0
97
1
330

75
0
76
1
47
0.4128176842155181
98
1
10
34.90568961886538
20
22.81183545379326
450
0
451
0
460
0
461
0
452
1
462
1
453
2
463
0
63
5
421
255
463
1
63
7
421
16777215
470
LINEAR
1001
ACAD
1010
0
1020
0
1030
0
 0
ARC
  5
736
330
1F
100
AcDbEntity
  8
BottomSolderMaskLayer
100
AcDbCircle
 10
37.99829926111488
 20
25.487045974091984
 30
0.0
 40
0.42032004064008127
100
AcDbArc
 50
90
 51
270
 0
ARC
  5
737
330
1F
100
AcDbEntity
  8
BottomSolderMaskLayer
100
AcDbCircle
 10
38.255701246886474
 20
25.487045974091984
 30
0.0
 40
0.42032004064008127
100
AcDbArc
 50
270
 51
90
 0
LWPOLYLINE
  5
738
330
1F
100
AcDbEntity
  8
BottomSolderMaskLayer
100
AcDbPolyline
 90
1
 70
 1
 43
0
 10
38.255701246886474
 20
25.907366014732066
 10
37.99829926111488
 20
25.907366014732066
 0
LWPOLYLINE
  5
739
330
1F
100
AcDbEntity
  8
BottomSolderMaskLayer
100
AcDbPolyline
 90
1
 70
 1
 43
0
 10
38.255701246886474
 20
25.066725933451902
 10
37.99829926111488
 20
25.066725933451902
0
HATCH
5
73a
100
AcDbEntity
8
BottomSolderMaskLayer
100
AcDbHatch
10
0
20
0
30
0
210
0
220
0
230
1
2
SOLID
70
1
71
0
91
1
92
7
72
1
73
1
93
4
10
37.89586159817509
20
24.65621031242066
42
-0.7853981633974483
10
37.89586159817509
20
26.317881635763307
42
0
10
38.35813890982649
20
26.317881635763307
42
-0.7853981633974483
10
38.35813890982649
20
24.65621031242066
42
0
97
1
330

75
0
76
1
47
0.4128176842155181
98
1
10
34.90568961886538
20
22.81183545379326
450
0
451
0
460
0
461
0
452
1
462
1
453
2
463
0
63
5
421
255
463
1
63
7
421
16777215
470
LINEAR
1001
ACAD
1010
0
1020
0
1030
0
 0
ARC
  5
741
330
1F
100
AcDbEntity
  8
Multi-Layer
100
AcDbCircle
 10
38.00452120904265
 20
25.487045974091984
 30
0.0
 40
0.4
100
AcDbArc
 50
90
 51
270
 0
ARC
  5
742
330
1F
100
AcDbEntity
  8
Multi-Layer
100
AcDbCircle
 10
38.249479298958704
 20
25.487045974091984
 30
0.0
 40
0.4
100
AcDbArc
 50
270
 51
90
 0
LWPOLYLINE
  5
743
330
1F
100
AcDbEntity
  8
Multi-Layer
100
AcDbPolyline
 90
1
 70
 1
 43
0
 10
38.249479298958704
 20
25.887045974091983
 10
38.00452120904265
 20
25.887045974091983
 0
LWPOLYLINE
  5
744
330
1F
100
AcDbEntity
  8
Multi-Layer
100
AcDbPolyline
 90
1
 70
 1
 43
0
 10
38.249479298958704
 20
25.087045974091986
 10
38.00452120904265
 20
25.087045974091986
0
HATCH
5
745
100
AcDbEntity
8
Multi-Layer
100
AcDbHatch
10
0
20
0
30
0
210
0
220
0
230
1
2
SOLID
70
1
71
0
91
1
92
7
72
1
73
1
93
4
10
37.90703581407183
20
24.707010414020864
42
-0.7853981633974483
10
37.90703581407183
20
26.267081534163104
42
0
10
38.34696469392952
20
26.267081534163104
42
-0.7853981633974483
10
38.34696469392952
20
24.707010414020864
42
0
97
1
330

75
0
76
1
47
0.4128176842155181
98
1
10
34.90568961886538
20
22.81183545379326
450
0
451
0
460
0
461
0
452
1
462
1
453
2
463
0
63
5
421
255
463
1
63
7
421
16777215
470
LINEAR
1001
ACAD
1010
0
1020
0
1030
0
 0
ARC
  5
74c
330
1F
100
AcDbEntity
  8
TopSolderMaskLayer
100
AcDbCircle
 10
37.99829926111488
 20
22.947040894081738
 30
0.0
 40
0.42032004064008127
100
AcDbArc
 50
90
 51
270
 0
ARC
  5
74d
330
1F
100
AcDbEntity
  8
TopSolderMaskLayer
100
AcDbCircle
 10
38.255701246886474
 20
22.947040894081738
 30
0.0
 40
0.42032004064008127
100
AcDbArc
 50
270
 51
90
 0
LWPOLYLINE
  5
74e
330
1F
100
AcDbEntity
  8
TopSolderMaskLayer
100
AcDbPolyline
 90
1
 70
 1
 43
0
 10
38.255701246886474
 20
23.36736093472182
 10
37.99829926111488
 20
23.36736093472182
 0
LWPOLYLINE
  5
74f
330
1F
100
AcDbEntity
  8
TopSolderMaskLayer
100
AcDbPolyline
 90
1
 70
 1
 43
0
 10
38.255701246886474
 20
22.526720853441656
 10
37.99829926111488
 20
22.526720853441656
0
HATCH
5
750
100
AcDbEntity
8
TopSolderMaskLayer
100
AcDbHatch
10
0
20
0
30
0
210
0
220
0
230
1
2
SOLID
70
1
71
0
91
1
92
7
72
1
73
1
93
4
10
37.89586159817509
20
22.116205232410415
42
-0.7853981633974483
10
37.89586159817509
20
23.77787655575306
42
0
10
38.35813890982649
20
23.77787655575306
42
-0.7853981633974483
10
38.35813890982649
20
22.116205232410415
42
0
97
1
330

75
0
76
1
47
0.4128176842155181
98
1
10
34.90568961886538
20
22.81183545379326
450
0
451
0
460
0
461
0
452
1
462
1
453
2
463
0
63
5
421
255
463
1
63
7
421
16777215
470
LINEAR
1001
ACAD
1010
0
1020
0
1030
0
 0
ARC
  5
757
330
1F
100
AcDbEntity
  8
BottomSolderMaskLayer
100
AcDbCircle
 10
37.99829926111488
 20
22.947040894081738
 30
0.0
 40
0.42032004064008127
100
AcDbArc
 50
90
 51
270
 0
ARC
  5
758
330
1F
100
AcDbEntity
  8
BottomSolderMaskLayer
100
AcDbCircle
 10
38.255701246886474
 20
22.947040894081738
 30
0.0
 40
0.42032004064008127
100
AcDbArc
 50
270
 51
90
 0
LWPOLYLINE
  5
759
330
1F
100
AcDbEntity
  8
BottomSolderMaskLayer
100
AcDbPolyline
 90
1
 70
 1
 43
0
 10
38.255701246886474
 20
23.36736093472182
 10
37.99829926111488
 20
23.36736093472182
 0
LWPOLYLINE
  5
75a
330
1F
100
AcDbEntity
  8
BottomSolderMaskLayer
100
AcDbPolyline
 90
1
 70
 1
 43
0
 10
38.255701246886474
 20
22.526720853441656
 10
37.99829926111488
 20
22.526720853441656
0
HATCH
5
75b
100
AcDbEntity
8
BottomSolderMaskLayer
100
AcDbHatch
10
0
20
0
30
0
210
0
220
0
230
1
2
SOLID
70
1
71
0
91
1
92
7
72
1
73
1
93
4
10
37.89586159817509
20
22.116205232410415
42
-0.7853981633974483
10
37.89586159817509
20
23.77787655575306
42
0
10
38.35813890982649
20
23.77787655575306
42
-0.7853981633974483
10
38.35813890982649
20
22.116205232410415
42
0
97
1
330

75
0
76
1
47
0.4128176842155181
98
1
10
34.90568961886538
20
22.81183545379326
450
0
451
0
460
0
461
0
452
1
462
1
453
2
463
0
63
5
421
255
463
1
63
7
421
16777215
470
LINEAR
1001
ACAD
1010
0
1020
0
1030
0
 0
ARC
  5
762
330
1F
100
AcDbEntity
  8
Multi-Layer
100
AcDbCircle
 10
38.00452120904265
 20
22.947040894081738
 30
0.0
 40
0.4
100
AcDbArc
 50
90
 51
270
 0
ARC
  5
763
330
1F
100
AcDbEntity
  8
Multi-Layer
100
AcDbCircle
 10
38.249479298958704
 20
22.947040894081738
 30
0.0
 40
0.4
100
AcDbArc
 50
270
 51
90
 0
LWPOLYLINE
  5
764
330
1F
100
AcDbEntity
  8
Multi-Layer
100
AcDbPolyline
 90
1
 70
 1
 43
0
 10
38.249479298958704
 20
23.347040894081736
 10
38.00452120904265
 20
23.347040894081736
 0
LWPOLYLINE
  5
765
330
1F
100
AcDbEntity
  8
Multi-Layer
100
AcDbPolyline
 90
1
 70
 1
 43
0
 10
38.249479298958704
 20
22.54704089408174
 10
38.00452120904265
 20
22.54704089408174
0
HATCH
5
766
100
AcDbEntity
8
Multi-Layer
100
AcDbHatch
10
0
20
0
30
0
210
0
220
0
230
1
2
SOLID
70
1
71
0
91
1
92
7
72
1
73
1
93
4
10
37.90703581407183
20
22.167005334010618
42
-0.7853981633974483
10
37.90703581407183
20
23.727076454152858
42
0
10
38.34696469392952
20
23.727076454152858
42
-0.7853981633974483
10
38.34696469392952
20
22.167005334010618
42
0
97
1
330

75
0
76
1
47
0.4128176842155181
98
1
10
34.90568961886538
20
22.81183545379326
450
0
451
0
460
0
461
0
452
1
462
1
453
2
463
0
63
5
421
255
463
1
63
7
421
16777215
470
LINEAR
1001
ACAD
1010
0
1020
0
1030
0
 0
ARC
  5
76d
330
1F
100
AcDbEntity
  8
TopSolderMaskLayer
100
AcDbCircle
 10
37.99829926111488
 20
20.407035814071605
 30
0.0
 40
0.42032004064008127
100
AcDbArc
 50
90
 51
270
 0
ARC
  5
76e
330
1F
100
AcDbEntity
  8
TopSolderMaskLayer
100
AcDbCircle
 10
38.255701246886474
 20
20.407035814071605
 30
0.0
 40
0.42032004064008127
100
AcDbArc
 50
270
 51
90
 0
LWPOLYLINE
  5
76f
330
1F
100
AcDbEntity
  8
TopSolderMaskLayer
100
AcDbPolyline
 90
1
 70
 1
 43
0
 10
38.255701246886474
 20
20.827355854711687
 10
37.99829926111488
 20
20.827355854711687
 0
LWPOLYLINE
  5
770
330
1F
100
AcDbEntity
  8
TopSolderMaskLayer
100
AcDbPolyline
 90
1
 70
 1
 43
0
 10
38.255701246886474
 20
19.986715773431524
 10
37.99829926111488
 20
19.986715773431524
0
HATCH
5
771
100
AcDbEntity
8
TopSolderMaskLayer
100
AcDbHatch
10
0
20
0
30
0
210
0
220
0
230
1
2
SOLID
70
1
71
0
91
1
92
7
72
1
73
1
93
4
10
37.89586159817509
20
19.576200152400283
42
-0.7853981633974483
10
37.89586159817509
20
21.237871475742928
42
0
10
38.35813890982649
20
21.237871475742928
42
-0.7853981633974483
10
38.35813890982649
20
19.576200152400283
42
0
97
1
330

75
0
76
1
47
0.4128176842155181
98
1
10
34.90568961886538
20
22.81183545379326
450
0
451
0
460
0
461
0
452
1
462
1
453
2
463
0
63
5
421
255
463
1
63
7
421
16777215
470
LINEAR
1001
ACAD
1010
0
1020
0
1030
0
 0
ARC
  5
778
330
1F
100
AcDbEntity
  8
BottomSolderMaskLayer
100
AcDbCircle
 10
37.99829926111488
 20
20.407035814071605
 30
0.0
 40
0.42032004064008127
100
AcDbArc
 50
90
 51
270
 0
ARC
  5
779
330
1F
100
AcDbEntity
  8
BottomSolderMaskLayer
100
AcDbCircle
 10
38.255701246886474
 20
20.407035814071605
 30
0.0
 40
0.42032004064008127
100
AcDbArc
 50
270
 51
90
 0
LWPOLYLINE
  5
77a
330
1F
100
AcDbEntity
  8
BottomSolderMaskLayer
100
AcDbPolyline
 90
1
 70
 1
 43
0
 10
38.255701246886474
 20
20.827355854711687
 10
37.99829926111488
 20
20.827355854711687
 0
LWPOLYLINE
  5
77b
330
1F
100
AcDbEntity
  8
BottomSolderMaskLayer
100
AcDbPolyline
 90
1
 70
 1
 43
0
 10
38.255701246886474
 20
19.986715773431524
 10
37.99829926111488
 20
19.986715773431524
0
HATCH
5
77c
100
AcDbEntity
8
BottomSolderMaskLayer
100
AcDbHatch
10
0
20
0
30
0
210
0
220
0
230
1
2
SOLID
70
1
71
0
91
1
92
7
72
1
73
1
93
4
10
37.89586159817509
20
19.576200152400283
42
-0.7853981633974483
10
37.89586159817509
20
21.237871475742928
42
0
10
38.35813890982649
20
21.237871475742928
42
-0.7853981633974483
10
38.35813890982649
20
19.576200152400283
42
0
97
1
330

75
0
76
1
47
0.4128176842155181
98
1
10
34.90568961886538
20
22.81183545379326
450
0
451
0
460
0
461
0
452
1
462
1
453
2
463
0
63
5
421
255
463
1
63
7
421
16777215
470
LINEAR
1001
ACAD
1010
0
1020
0
1030
0
 0
ARC
  5
783
330
1F
100
AcDbEntity
  8
Multi-Layer
100
AcDbCircle
 10
38.00452120904265
 20
20.407035814071605
 30
0.0
 40
0.4
100
AcDbArc
 50
90
 51
270
 0
ARC
  5
784
330
1F
100
AcDbEntity
  8
Multi-Layer
100
AcDbCircle
 10
38.249479298958704
 20
20.407035814071605
 30
0.0
 40
0.4
100
AcDbArc
 50
270
 51
90
 0
LWPOLYLINE
  5
785
330
1F
100
AcDbEntity
  8
Multi-Layer
100
AcDbPolyline
 90
1
 70
 1
 43
0
 10
38.249479298958704
 20
20.807035814071604
 10
38.00452120904265
 20
20.807035814071604
 0
LWPOLYLINE
  5
786
330
1F
100
AcDbEntity
  8
Multi-Layer
100
AcDbPolyline
 90
1
 70
 1
 43
0
 10
38.249479298958704
 20
20.007035814071607
 10
38.00452120904265
 20
20.007035814071607
0
HATCH
5
787
100
AcDbEntity
8
Multi-Layer
100
AcDbHatch
10
0
20
0
30
0
210
0
220
0
230
1
2
SOLID
70
1
71
0
91
1
92
7
72
1
73
1
93
4
10
37.90703581407183
20
19.627000254000485
42
-0.7853981633974483
10
37.90703581407183
20
21.187071374142725
42
0
10
38.34696469392952
20
21.187071374142725
42
-0.7853981633974483
10
38.34696469392952
20
19.627000254000485
42
0
97
1
330

75
0
76
1
47
0.4128176842155181
98
1
10
34.90568961886538
20
22.81183545379326
450
0
451
0
460
0
461
0
452
1
462
1
453
2
463
0
63
5
421
255
463
1
63
7
421
16777215
470
LINEAR
1001
ACAD
1010
0
1020
0
1030
0
 0
ARC
  5
78e
330
1F
100
AcDbEntity
  8
TopSolderMaskLayer
100
AcDbCircle
 10
37.99829926111488
 20
17.867030734061473
 30
0.0
 40
0.42032004064008127
100
AcDbArc
 50
90
 51
270
 0
ARC
  5
78f
330
1F
100
AcDbEntity
  8
TopSolderMaskLayer
100
AcDbCircle
 10
38.255701246886474
 20
17.867030734061473
 30
0.0
 40
0.42032004064008127
100
AcDbArc
 50
270
 51
90
 0
LWPOLYLINE
  5
790
330
1F
100
AcDbEntity
  8
TopSolderMaskLayer
100
AcDbPolyline
 90
1
 70
 1
 43
0
 10
38.255701246886474
 20
18.287350774701554
 10
37.99829926111488
 20
18.287350774701554
 0
LWPOLYLINE
  5
791
330
1F
100
AcDbEntity
  8
TopSolderMaskLayer
100
AcDbPolyline
 90
1
 70
 1
 43
0
 10
38.255701246886474
 20
17.44671069342139
 10
37.99829926111488
 20
17.44671069342139
0
HATCH
5
792
100
AcDbEntity
8
TopSolderMaskLayer
100
AcDbHatch
10
0
20
0
30
0
210
0
220
0
230
1
2
SOLID
70
1
71
0
91
1
92
7
72
1
73
1
93
4
10
37.89586159817509
20
17.03619507239015
42
-0.7853981633974483
10
37.89586159817509
20
18.697866395732795
42
0
10
38.35813890982649
20
18.697866395732795
42
-0.7853981633974483
10
38.35813890982649
20
17.03619507239015
42
0
97
1
330

75
0
76
1
47
0.4128176842155181
98
1
10
34.90568961886538
20
22.81183545379326
450
0
451
0
460
0
461
0
452
1
462
1
453
2
463
0
63
5
421
255
463
1
63
7
421
16777215
470
LINEAR
1001
ACAD
1010
0
1020
0
1030
0
 0
ARC
  5
799
330
1F
100
AcDbEntity
  8
BottomSolderMaskLayer
100
AcDbCircle
 10
37.99829926111488
 20
17.867030734061473
 30
0.0
 40
0.42032004064008127
100
AcDbArc
 50
90
 51
270
 0
ARC
  5
79a
330
1F
100
AcDbEntity
  8
BottomSolderMaskLayer
100
AcDbCircle
 10
38.255701246886474
 20
17.867030734061473
 30
0.0
 40
0.42032004064008127
100
AcDbArc
 50
270
 51
90
 0
LWPOLYLINE
  5
79b
330
1F
100
AcDbEntity
  8
BottomSolderMaskLayer
100
AcDbPolyline
 90
1
 70
 1
 43
0
 10
38.255701246886474
 20
18.287350774701554
 10
37.99829926111488
 20
18.287350774701554
 0
LWPOLYLINE
  5
79c
330
1F
100
AcDbEntity
  8
BottomSolderMaskLayer
100
AcDbPolyline
 90
1
 70
 1
 43
0
 10
38.255701246886474
 20
17.44671069342139
 10
37.99829926111488
 20
17.44671069342139
0
HATCH
5
79d
100
AcDbEntity
8
BottomSolderMaskLayer
100
AcDbHatch
10
0
20
0
30
0
210
0
220
0
230
1
2
SOLID
70
1
71
0
91
1
92
7
72
1
73
1
93
4
10
37.89586159817509
20
17.03619507239015
42
-0.7853981633974483
10
37.89586159817509
20
18.697866395732795
42
0
10
38.35813890982649
20
18.697866395732795
42
-0.7853981633974483
10
38.35813890982649
20
17.03619507239015
42
0
97
1
330

75
0
76
1
47
0.4128176842155181
98
1
10
34.90568961886538
20
22.81183545379326
450
0
451
0
460
0
461
0
452
1
462
1
453
2
463
0
63
5
421
255
463
1
63
7
421
16777215
470
LINEAR
1001
ACAD
1010
0
1020
0
1030
0
 0
ARC
  5
7a4
330
1F
100
AcDbEntity
  8
Multi-Layer
100
AcDbCircle
 10
38.00452120904265
 20
17.867030734061473
 30
0.0
 40
0.4
100
AcDbArc
 50
90
 51
270
 0
ARC
  5
7a5
330
1F
100
AcDbEntity
  8
Multi-Layer
100
AcDbCircle
 10
38.249479298958704
 20
17.867030734061473
 30
0.0
 40
0.4
100
AcDbArc
 50
270
 51
90
 0
LWPOLYLINE
  5
7a6
330
1F
100
AcDbEntity
  8
Multi-Layer
100
AcDbPolyline
 90
1
 70
 1
 43
0
 10
38.249479298958704
 20
18.26703073406147
 10
38.00452120904265
 20
18.26703073406147
 0
LWPOLYLINE
  5
7a7
330
1F
100
AcDbEntity
  8
Multi-Layer
100
AcDbPolyline
 90
1
 70
 1
 43
0
 10
38.249479298958704
 20
17.467030734061474
 10
38.00452120904265
 20
17.467030734061474
0
HATCH
5
7a8
100
AcDbEntity
8
Multi-Layer
100
AcDbHatch
10
0
20
0
30
0
210
0
220
0
230
1
2
SOLID
70
1
71
0
91
1
92
7
72
1
73
1
93
4
10
37.90703581407183
20
17.086995173990353
42
-0.7853981633974483
10
37.90703581407183
20
18.647066294132593
42
0
10
38.34696469392952
20
18.647066294132593
42
-0.7853981633974483
10
38.34696469392952
20
17.086995173990353
42
0
97
1
330

75
0
76
1
47
0.4128176842155181
98
1
10
34.90568961886538
20
22.81183545379326
450
0
451
0
460
0
461
0
452
1
462
1
453
2
463
0
63
5
421
255
463
1
63
7
421
16777215
470
LINEAR
1001
ACAD
1010
0
1020
0
1030
0
  0
CIRCLE
  5
7a9
330
1F
100
AcDbEntity
  8
TopSolderMaskLayer
100
AcDbCircle
 10
63.52705105410246
 20
61.04711709423418
 30
0.0
 40
0.4101600203200406
0
HATCH
5
7af
100
AcDbEntity
8
TopSolderMaskLayer
100
AcDbHatch
10
0
20
0
30
0
210
0
220
0
230
1
2
SOLID
70
1
71
0
91
1
92
7
72
1
73
1
93
4
10
63.301460438405
20
60.241719583439156
42
-0.7853981633974483
10
63.301460438405
20
61.85251460502921
42
0
10
63.75264166979969
20
61.85251460502921
42
-0.7853981633974483
10
63.75264166979969
20
60.241719583439156
42
0
97
1
330

75
0
76
1
47
0.4128176842155181
98
1
10
34.90568961886538
20
22.81183545379326
450
0
451
0
460
0
461
0
452
1
462
1
453
2
463
0
63
5
421
255
463
1
63
7
421
16777215
470
LINEAR
1001
ACAD
1010
0
1020
0
1030
0
  0
CIRCLE
  5
7b0
330
1F
100
AcDbEntity
  8
BottomSolderMaskLayer
100
AcDbCircle
 10
63.52705105410246
 20
61.04711709423418
 30
0.0
 40
0.4101600203200406
0
HATCH
5
7b6
100
AcDbEntity
8
BottomSolderMaskLayer
100
AcDbHatch
10
0
20
0
30
0
210
0
220
0
230
1
2
SOLID
70
1
71
0
91
1
92
7
72
1
73
1
93
4
10
63.301460438405
20
60.241719583439156
42
-0.7853981633974483
10
63.301460438405
20
61.85251460502921
42
0
10
63.75264166979969
20
61.85251460502921
42
-0.7853981633974483
10
63.75264166979969
20
60.241719583439156
42
0
97
1
330

75
0
76
1
47
0.4128176842155181
98
1
10
34.90568961886538
20
22.81183545379326
450
0
451
0
460
0
461
0
452
1
462
1
453
2
463
0
63
5
421
255
463
1
63
7
421
16777215
470
LINEAR
1001
ACAD
1010
0
1020
0
1030
0
  0
CIRCLE
  5
7b7
330
1F
100
AcDbEntity
  8
Multi-Layer
100
AcDbCircle
 10
63.52705105410246
 20
61.04711709423418
 30
0.0
 40
0.4
0
HATCH
5
7bd
100
AcDbEntity
8
Multi-Layer
100
AcDbHatch
10
0
20
0
30
0
210
0
220
0
230
1
2
SOLID
70
1
71
0
91
1
92
7
72
1
73
1
93
4
10
63.30704851409723
20
60.267119634239265
42
-0.7853981633974483
10
63.30704851409723
20
61.8271145542291
42
0
10
63.747053594107456
20
61.8271145542291
42
-0.7853981633974483
10
63.747053594107456
20
60.267119634239265
42
0
97
1
330

75
0
76
1
47
0.4128176842155181
98
1
10
34.90568961886538
20
22.81183545379326
450
0
451
0
460
0
461
0
452
1
462
1
453
2
463
0
63
5
421
255
463
1
63
7
421
16777215
470
LINEAR
1001
ACAD
1010
0
1020
0
1030
0
 0
ARC
  5
7c4
330
1F
100
AcDbEntity
  8
TopSolderMaskLayer
100
AcDbCircle
 10
63.37734316758974
 20
58.50711201422405
 30
0.0
 40
0.4101600203200406
100
AcDbArc
 50
90
 51
270
 0
ARC
  5
7c5
330
1F
100
AcDbEntity
  8
TopSolderMaskLayer
100
AcDbCircle
 10
63.67675894061472
 20
58.50711201422405
 30
0.0
 40
0.4101600203200406
100
AcDbArc
 50
270
 51
90
 0
LWPOLYLINE
  5
7c6
330
1F
100
AcDbEntity
  8
TopSolderMaskLayer
100
AcDbPolyline
 90
1
 70
 1
 43
0
 10
63.67675894061472
 20
58.91727203454409
 10
63.37734316758974
 20
58.91727203454409
 0
LWPOLYLINE
  5
7c7
330
1F
100
AcDbEntity
  8
TopSolderMaskLayer
100
AcDbPolyline
 90
1
 70
 1
 43
0
 10
63.67675894061472
 20
58.09695199390401
 10
63.37734316758974
 20
58.09695199390401
0
HATCH
5
7c8
100
AcDbEntity
8
TopSolderMaskLayer
100
AcDbHatch
10
0
20
0
30
0
210
0
220
0
230
1
2
SOLID
70
1
71
0
91
1
92
7
72
1
73
1
93
4
10
63.301460438405
20
57.701714503429024
42
-0.7853981633974483
10
63.301460438405
20
59.312509525019074
42
0
10
63.75264166979969
20
59.312509525019074
42
-0.7853981633974483
10
63.75264166979969
20
57.701714503429024
42
0
97
1
330

75
0
76
1
47
0.4128176842155181
98
1
10
34.90568961886538
20
22.81183545379326
450
0
451
0
460
0
461
0
452
1
462
1
453
2
463
0
63
5
421
255
463
1
63
7
421
16777215
470
LINEAR
1001
ACAD
1010
0
1020
0
1030
0
 0
ARC
  5
7cf
330
1F
100
AcDbEntity
  8
BottomSolderMaskLayer
100
AcDbCircle
 10
63.37734316758974
 20
58.50711201422405
 30
0.0
 40
0.4101600203200406
100
AcDbArc
 50
90
 51
270
 0
ARC
  5
7d0
330
1F
100
AcDbEntity
  8
BottomSolderMaskLayer
100
AcDbCircle
 10
63.67675894061472
 20
58.50711201422405
 30
0.0
 40
0.4101600203200406
100
AcDbArc
 50
270
 51
90
 0
LWPOLYLINE
  5
7d1
330
1F
100
AcDbEntity
  8
BottomSolderMaskLayer
100
AcDbPolyline
 90
1
 70
 1
 43
0
 10
63.67675894061472
 20
58.91727203454409
 10
63.37734316758974
 20
58.91727203454409
 0
LWPOLYLINE
  5
7d2
330
1F
100
AcDbEntity
  8
BottomSolderMaskLayer
100
AcDbPolyline
 90
1
 70
 1
 43
0
 10
63.67675894061472
 20
58.09695199390401
 10
63.37734316758974
 20
58.09695199390401
0
HATCH
5
7d3
100
AcDbEntity
8
BottomSolderMaskLayer
100
AcDbHatch
10
0
20
0
30
0
210
0
220
0
230
1
2
SOLID
70
1
71
0
91
1
92
7
72
1
73
1
93
4
10
63.301460438405
20
57.701714503429024
42
-0.7853981633974483
10
63.301460438405
20
59.312509525019074
42
0
10
63.75264166979969
20
59.312509525019074
42
-0.7853981633974483
10
63.75264166979969
20
57.701714503429024
42
0
97
1
330

75
0
76
1
47
0.4128176842155181
98
1
10
34.90568961886538
20
22.81183545379326
450
0
451
0
460
0
461
0
452
1
462
1
453
2
463
0
63
5
421
255
463
1
63
7
421
16777215
470
LINEAR
1001
ACAD
1010
0
1020
0
1030
0
 0
ARC
  5
7da
330
1F
100
AcDbEntity
  8
Multi-Layer
100
AcDbCircle
 10
63.381051562103266
 20
58.50711201422405
 30
0.0
 40
0.4
100
AcDbArc
 50
90
 51
270
 0
ARC
  5
7db
330
1F
100
AcDbEntity
  8
Multi-Layer
100
AcDbCircle
 10
63.673050546101194
 20
58.50711201422405
 30
0.0
 40
0.4
100
AcDbArc
 50
270
 51
90
 0
LWPOLYLINE
  5
7dc
330
1F
100
AcDbEntity
  8
Multi-Layer
100
AcDbPolyline
 90
1
 70
 1
 43
0
 10
63.673050546101194
 20
58.90711201422405
 10
63.381051562103266
 20
58.90711201422405
 0
LWPOLYLINE
  5
7dd
330
1F
100
AcDbEntity
  8
Multi-Layer
100
AcDbPolyline
 90
1
 70
 1
 43
0
 10
63.673050546101194
 20
58.10711201422405
 10
63.381051562103266
 20
58.10711201422405
0
HATCH
5
7de
100
AcDbEntity
8
Multi-Layer
100
AcDbHatch
10
0
20
0
30
0
210
0
220
0
230
1
2
SOLID
70
1
71
0
91
1
92
7
72
1
73
1
93
4
10
63.30704851409723
20
57.72711455422913
42
-0.7853981633974483
10
63.30704851409723
20
59.287109474218965
42
0
10
63.747053594107456
20
59.287109474218965
42
-0.7853981633974483
10
63.747053594107456
20
57.72711455422913
42
0
97
1
330

75
0
76
1
47
0.4128176842155181
98
1
10
34.90568961886538
20
22.81183545379326
450
0
451
0
460
0
461
0
452
1
462
1
453
2
463
0
63
5
421
255
463
1
63
7
421
16777215
470
LINEAR
1001
ACAD
1010
0
1020
0
1030
0
  0
CIRCLE
  5
7df
330
1F
100
AcDbEntity
  8
TopSolderMaskLayer
100
AcDbCircle
 10
63.52705105410246
 20
55.967106934213916
 30
0.0
 40
0.4101600203200406
0
HATCH
5
7e5
100
AcDbEntity
8
TopSolderMaskLayer
100
AcDbHatch
10
0
20
0
30
0
210
0
220
0
230
1
2
SOLID
70
1
71
0
91
1
92
7
72
1
73
1
93
4
10
63.301460438405
20
55.16170942341889
42
-0.7853981633974483
10
63.301460438405
20
56.77250444500894
42
0
10
63.75264166979969
20
56.77250444500894
42
-0.7853981633974483
10
63.75264166979969
20
55.16170942341889
42
0
97
1
330

75
0
76
1
47
0.4128176842155181
98
1
10
34.90568961886538
20
22.81183545379326
450
0
451
0
460
0
461
0
452
1
462
1
453
2
463
0
63
5
421
255
463
1
63
7
421
16777215
470
LINEAR
1001
ACAD
1010
0
1020
0
1030
0
  0
CIRCLE
  5
7e6
330
1F
100
AcDbEntity
  8
BottomSolderMaskLayer
100
AcDbCircle
 10
63.52705105410246
 20
55.967106934213916
 30
0.0
 40
0.4101600203200406
0
HATCH
5
7ec
100
AcDbEntity
8
BottomSolderMaskLayer
100
AcDbHatch
10
0
20
0
30
0
210
0
220
0
230
1
2
SOLID
70
1
71
0
91
1
92
7
72
1
73
1
93
4
10
63.301460438405
20
55.16170942341889
42
-0.7853981633974483
10
63.301460438405
20
56.77250444500894
42
0
10
63.75264166979969
20
56.77250444500894
42
-0.7853981633974483
10
63.75264166979969
20
55.16170942341889
42
0
97
1
330

75
0
76
1
47
0.4128176842155181
98
1
10
34.90568961886538
20
22.81183545379326
450
0
451
0
460
0
461
0
452
1
462
1
453
2
463
0
63
5
421
255
463
1
63
7
421
16777215
470
LINEAR
1001
ACAD
1010
0
1020
0
1030
0
  0
CIRCLE
  5
7ed
330
1F
100
AcDbEntity
  8
Multi-Layer
100
AcDbCircle
 10
63.52705105410246
 20
55.967106934213916
 30
0.0
 40
0.4
0
HATCH
5
7f3
100
AcDbEntity
8
Multi-Layer
100
AcDbHatch
10
0
20
0
30
0
210
0
220
0
230
1
2
SOLID
70
1
71
0
91
1
92
7
72
1
73
1
93
4
10
63.30704851409723
20
55.187109474219
42
-0.7853981633974483
10
63.30704851409723
20
56.74710439420883
42
0
10
63.747053594107456
20
56.74710439420883
42
-0.7853981633974483
10
63.747053594107456
20
55.187109474219
42
0
97
1
330

75
0
76
1
47
0.4128176842155181
98
1
10
34.90568961886538
20
22.81183545379326
450
0
451
0
460
0
461
0
452
1
462
1
453
2
463
0
63
5
421
255
463
1
63
7
421
16777215
470
LINEAR
1001
ACAD
1010
0
1020
0
1030
0
  0
CIRCLE
  5
7f4
330
1F
100
AcDbEntity
  8
TopSolderMaskLayer
100
AcDbCircle
 10
63.52705105410246
 20
53.42710185420367
 30
0.0
 40
0.4101600203200406
0
HATCH
5
7fa
100
AcDbEntity
8
TopSolderMaskLayer
100
AcDbHatch
10
0
20
0
30
0
210
0
220
0
230
1
2
SOLID
70
1
71
0
91
1
92
7
72
1
73
1
93
4
10
63.301460438405
20
52.621704343408645
42
-0.7853981633974483
10
63.301460438405
20
54.232499364998695
42
0
10
63.75264166979969
20
54.232499364998695
42
-0.7853981633974483
10
63.75264166979969
20
52.621704343408645
42
0
97
1
330

75
0
76
1
47
0.4128176842155181
98
1
10
34.90568961886538
20
22.81183545379326
450
0
451
0
460
0
461
0
452
1
462
1
453
2
463
0
63
5
421
255
463
1
63
7
421
16777215
470
LINEAR
1001
ACAD
1010
0
1020
0
1030
0
  0
CIRCLE
  5
7fb
330
1F
100
AcDbEntity
  8
BottomSolderMaskLayer
100
AcDbCircle
 10
63.52705105410246
 20
53.42710185420367
 30
0.0
 40
0.4101600203200406
0
HATCH
5
801
100
AcDbEntity
8
BottomSolderMaskLayer
100
AcDbHatch
10
0
20
0
30
0
210
0
220
0
230
1
2
SOLID
70
1
71
0
91
1
92
7
72
1
73
1
93
4
10
63.301460438405
20
52.621704343408645
42
-0.7853981633974483
10
63.301460438405
20
54.232499364998695
42
0
10
63.75264166979969
20
54.232499364998695
42
-0.7853981633974483
10
63.75264166979969
20
52.621704343408645
42
0
97
1
330

75
0
76
1
47
0.4128176842155181
98
1
10
34.90568961886538
20
22.81183545379326
450
0
451
0
460
0
461
0
452
1
462
1
453
2
463
0
63
5
421
255
463
1
63
7
421
16777215
470
LINEAR
1001
ACAD
1010
0
1020
0
1030
0
  0
CIRCLE
  5
802
330
1F
100
AcDbEntity
  8
Multi-Layer
100
AcDbCircle
 10
63.52705105410246
 20
53.42710185420367
 30
0.0
 40
0.4
0
HATCH
5
808
100
AcDbEntity
8
Multi-Layer
100
AcDbHatch
10
0
20
0
30
0
210
0
220
0
230
1
2
SOLID
70
1
71
0
91
1
92
7
72
1
73
1
93
4
10
63.30704851409723
20
52.64710439420875
42
-0.7853981633974483
10
63.30704851409723
20
54.20709931419859
42
0
10
63.747053594107456
20
54.20709931419859
42
-0.7853981633974483
10
63.747053594107456
20
52.64710439420875
42
0
97
1
330

75
0
76
1
47
0.4128176842155181
98
1
10
34.90568961886538
20
22.81183545379326
450
0
451
0
460
0
461
0
452
1
462
1
453
2
463
0
63
5
421
255
463
1
63
7
421
16777215
470
LINEAR
1001
ACAD
1010
0
1020
0
1030
0
  0
CIRCLE
  5
809
330
1F
100
AcDbEntity
  8
TopSolderMaskLayer
100
AcDbCircle
 10
63.52705105410246
 20
50.88709677419354
 30
0.0
 40
0.4101600203200406
0
HATCH
5
80f
100
AcDbEntity
8
TopSolderMaskLayer
100
AcDbHatch
10
0
20
0
30
0
210
0
220
0
230
1
2
SOLID
70
1
71
0
91
1
92
7
72
1
73
1
93
4
10
63.301460438405
20
50.08169926339851
42
-0.7853981633974483
10
63.301460438405
20
51.69249428498856
42
0
10
63.75264166979969
20
51.69249428498856
42
-0.7853981633974483
10
63.75264166979969
20
50.08169926339851
42
0
97
1
330

75
0
76
1
47
0.4128176842155181
98
1
10
34.90568961886538
20
22.81183545379326
450
0
451
0
460
0
461
0
452
1
462
1
453
2
463
0
63
5
421
255
463
1
63
7
421
16777215
470
LINEAR
1001
ACAD
1010
0
1020
0
1030
0
  0
CIRCLE
  5
810
330
1F
100
AcDbEntity
  8
BottomSolderMaskLayer
100
AcDbCircle
 10
63.52705105410246
 20
50.88709677419354
 30
0.0
 40
0.4101600203200406
0
HATCH
5
816
100
AcDbEntity
8
BottomSolderMaskLayer
100
AcDbHatch
10
0
20
0
30
0
210
0
220
0
230
1
2
SOLID
70
1
71
0
91
1
92
7
72
1
73
1
93
4
10
63.301460438405
20
50.08169926339851
42
-0.7853981633974483
10
63.301460438405
20
51.69249428498856
42
0
10
63.75264166979969
20
51.69249428498856
42
-0.7853981633974483
10
63.75264166979969
20
50.08169926339851
42
0
97
1
330

75
0
76
1
47
0.4128176842155181
98
1
10
34.90568961886538
20
22.81183545379326
450
0
451
0
460
0
461
0
452
1
462
1
453
2
463
0
63
5
421
255
463
1
63
7
421
16777215
470
LINEAR
1001
ACAD
1010
0
1020
0
1030
0
  0
CIRCLE
  5
817
330
1F
100
AcDbEntity
  8
Multi-Layer
100
AcDbCircle
 10
63.52705105410246
 20
50.88709677419354
 30
0.0
 40
0.4
0
HATCH
5
81d
100
AcDbEntity
8
Multi-Layer
100
AcDbHatch
10
0
20
0
30
0
210
0
220
0
230
1
2
SOLID
70
1
71
0
91
1
92
7
72
1
73
1
93
4
10
63.30704851409723
20
50.10709931419862
42
-0.7853981633974483
10
63.30704851409723
20
51.667094234188454
42
0
10
63.747053594107456
20
51.667094234188454
42
-0.7853981633974483
10
63.747053594107456
20
50.10709931419862
42
0
97
1
330

75
0
76
1
47
0.4128176842155181
98
1
10
34.90568961886538
20
22.81183545379326
450
0
451
0
460
0
461
0
452
1
462
1
453
2
463
0
63
5
421
255
463
1
63
7
421
16777215
470
LINEAR
1001
ACAD
1010
0
1020
0
1030
0
  0
CIRCLE
  5
81e
330
1F
100
AcDbEntity
  8
TopSolderMaskLayer
100
AcDbCircle
 10
63.52705105410246
 20
48.347091694183405
 30
0.0
 40
0.4101600203200406
0
HATCH
5
824
100
AcDbEntity
8
TopSolderMaskLayer
100
AcDbHatch
10
0
20
0
30
0
210
0
220
0
230
1
2
SOLID
70
1
71
0
91
1
92
7
72
1
73
1
93
4
10
63.301460438405
20
47.54169418338838
42
-0.7853981633974483
10
63.301460438405
20
49.15248920497843
42
0
10
63.75264166979969
20
49.15248920497843
42
-0.7853981633974483
10
63.75264166979969
20
47.54169418338838
42
0
97
1
330

75
0
76
1
47
0.4128176842155181
98
1
10
34.90568961886538
20
22.81183545379326
450
0
451
0
460
0
461
0
452
1
462
1
453
2
463
0
63
5
421
255
463
1
63
7
421
16777215
470
LINEAR
1001
ACAD
1010
0
1020
0
1030
0
  0
CIRCLE
  5
825
330
1F
100
AcDbEntity
  8
BottomSolderMaskLayer
100
AcDbCircle
 10
63.52705105410246
 20
48.347091694183405
 30
0.0
 40
0.4101600203200406
0
HATCH
5
82b
100
AcDbEntity
8
BottomSolderMaskLayer
100
AcDbHatch
10
0
20
0
30
0
210
0
220
0
230
1
2
SOLID
70
1
71
0
91
1
92
7
72
1
73
1
93
4
10
63.301460438405
20
47.54169418338838
42
-0.7853981633974483
10
63.301460438405
20
49.15248920497843
42
0
10
63.75264166979969
20
49.15248920497843
42
-0.7853981633974483
10
63.75264166979969
20
47.54169418338838
42
0
97
1
330

75
0
76
1
47
0.4128176842155181
98
1
10
34.90568961886538
20
22.81183545379326
450
0
451
0
460
0
461
0
452
1
462
1
453
2
463
0
63
5
421
255
463
1
63
7
421
16777215
470
LINEAR
1001
ACAD
1010
0
1020
0
1030
0
  0
CIRCLE
  5
82c
330
1F
100
AcDbEntity
  8
Multi-Layer
100
AcDbCircle
 10
63.52705105410246
 20
48.347091694183405
 30
0.0
 40
0.4
0
HATCH
5
832
100
AcDbEntity
8
Multi-Layer
100
AcDbHatch
10
0
20
0
30
0
210
0
220
0
230
1
2
SOLID
70
1
71
0
91
1
92
7
72
1
73
1
93
4
10
63.30704851409723
20
47.56709423418849
42
-0.7853981633974483
10
63.30704851409723
20
49.12708915417832
42
0
10
63.747053594107456
20
49.12708915417832
42
-0.7853981633974483
10
63.747053594107456
20
47.56709423418849
42
0
97
1
330

75
0
76
1
47
0.4128176842155181
98
1
10
34.90568961886538
20
22.81183545379326
450
0
451
0
460
0
461
0
452
1
462
1
453
2
463
0
63
5
421
255
463
1
63
7
421
16777215
470
LINEAR
1001
ACAD
1010
0
1020
0
1030
0
  0
CIRCLE
  5
833
330
1F
100
AcDbEntity
  8
TopSolderMaskLayer
100
AcDbCircle
 10
63.52705105410246
 20
45.80708661417327
 30
0.0
 40
0.4101600203200406
0
HATCH
5
839
100
AcDbEntity
8
TopSolderMaskLayer
100
AcDbHatch
10
0
20
0
30
0
210
0
220
0
230
1
2
SOLID
70
1
71
0
91
1
92
7
72
1
73
1
93
4
10
63.301460438405
20
45.00168910337825
42
-0.7853981633974483
10
63.301460438405
20
46.6124841249683
42
0
10
63.75264166979969
20
46.6124841249683
42
-0.7853981633974483
10
63.75264166979969
20
45.00168910337825
42
0
97
1
330

75
0
76
1
47
0.4128176842155181
98
1
10
34.90568961886538
20
22.81183545379326
450
0
451
0
460
0
461
0
452
1
462
1
453
2
463
0
63
5
421
255
463
1
63
7
421
16777215
470
LINEAR
1001
ACAD
1010
0
1020
0
1030
0
  0
CIRCLE
  5
83a
330
1F
100
AcDbEntity
  8
BottomSolderMaskLayer
100
AcDbCircle
 10
63.52705105410246
 20
45.80708661417327
 30
0.0
 40
0.4101600203200406
0
HATCH
5
840
100
AcDbEntity
8
BottomSolderMaskLayer
100
AcDbHatch
10
0
20
0
30
0
210
0
220
0
230
1
2
SOLID
70
1
71
0
91
1
92
7
72
1
73
1
93
4
10
63.301460438405
20
45.00168910337825
42
-0.7853981633974483
10
63.301460438405
20
46.6124841249683
42
0
10
63.75264166979969
20
46.6124841249683
42
-0.7853981633974483
10
63.75264166979969
20
45.00168910337825
42
0
97
1
330

75
0
76
1
47
0.4128176842155181
98
1
10
34.90568961886538
20
22.81183545379326
450
0
451
0
460
0
461
0
452
1
462
1
453
2
463
0
63
5
421
255
463
1
63
7
421
16777215
470
LINEAR
1001
ACAD
1010
0
1020
0
1030
0
  0
CIRCLE
  5
841
330
1F
100
AcDbEntity
  8
Multi-Layer
100
AcDbCircle
 10
63.52705105410246
 20
45.80708661417327
 30
0.0
 40
0.4
0
HATCH
5
847
100
AcDbEntity
8
Multi-Layer
100
AcDbHatch
10
0
20
0
30
0
210
0
220
0
230
1
2
SOLID
70
1
71
0
91
1
92
7
72
1
73
1
93
4
10
63.30704851409723
20
45.027089154178356
42
-0.7853981633974483
10
63.30704851409723
20
46.58708407416819
42
0
10
63.747053594107456
20
46.58708407416819
42
-0.7853981633974483
10
63.747053594107456
20
45.027089154178356
42
0
97
1
330

75
0
76
1
47
0.4128176842155181
98
1
10
34.90568961886538
20
22.81183545379326
450
0
451
0
460
0
461
0
452
1
462
1
453
2
463
0
63
5
421
255
463
1
63
7
421
16777215
470
LINEAR
1001
ACAD
1010
0
1020
0
1030
0
  0
CIRCLE
  5
848
330
1F
100
AcDbEntity
  8
TopSolderMaskLayer
100
AcDbCircle
 10
63.52705105410246
 20
43.267081534163026
 30
0.0
 40
0.4101600203200406
0
HATCH
5
84e
100
AcDbEntity
8
TopSolderMaskLayer
100
AcDbHatch
10
0
20
0
30
0
210
0
220
0
230
1
2
SOLID
70
1
71
0
91
1
92
7
72
1
73
1
93
4
10
63.301460438405
20
42.461684023368
42
-0.7853981633974483
10
63.301460438405
20
44.07247904495805
42
0
10
63.75264166979969
20
44.07247904495805
42
-0.7853981633974483
10
63.75264166979969
20
42.461684023368
42
0
97
1
330

75
0
76
1
47
0.4128176842155181
98
1
10
34.90568961886538
20
22.81183545379326
450
0
451
0
460
0
461
0
452
1
462
1
453
2
463
0
63
5
421
255
463
1
63
7
421
16777215
470
LINEAR
1001
ACAD
1010
0
1020
0
1030
0
  0
CIRCLE
  5
84f
330
1F
100
AcDbEntity
  8
BottomSolderMaskLayer
100
AcDbCircle
 10
63.52705105410246
 20
43.267081534163026
 30
0.0
 40
0.4101600203200406
0
HATCH
5
855
100
AcDbEntity
8
BottomSolderMaskLayer
100
AcDbHatch
10
0
20
0
30
0
210
0
220
0
230
1
2
SOLID
70
1
71
0
91
1
92
7
72
1
73
1
93
4
10
63.301460438405
20
42.461684023368
42
-0.7853981633974483
10
63.301460438405
20
44.07247904495805
42
0
10
63.75264166979969
20
44.07247904495805
42
-0.7853981633974483
10
63.75264166979969
20
42.461684023368
42
0
97
1
330

75
0
76
1
47
0.4128176842155181
98
1
10
34.90568961886538
20
22.81183545379326
450
0
451
0
460
0
461
0
452
1
462
1
453
2
463
0
63
5
421
255
463
1
63
7
421
16777215
470
LINEAR
1001
ACAD
1010
0
1020
0
1030
0
  0
CIRCLE
  5
856
330
1F
100
AcDbEntity
  8
Multi-Layer
100
AcDbCircle
 10
63.52705105410246
 20
43.267081534163026
 30
0.0
 40
0.4
0
HATCH
5
85c
100
AcDbEntity
8
Multi-Layer
100
AcDbHatch
10
0
20
0
30
0
210
0
220
0
230
1
2
SOLID
70
1
71
0
91
1
92
7
72
1
73
1
93
4
10
63.30704851409723
20
42.48708407416811
42
-0.7853981633974483
10
63.30704851409723
20
44.04707899415794
42
0
10
63.747053594107456
20
44.04707899415794
42
-0.7853981633974483
10
63.747053594107456
20
42.48708407416811
42
0
97
1
330

75
0
76
1
47
0.4128176842155181
98
1
10
34.90568961886538
20
22.81183545379326
450
0
451
0
460
0
461
0
452
1
462
1
453
2
463
0
63
5
421
255
463
1
63
7
421
16777215
470
LINEAR
1001
ACAD
1010
0
1020
0
1030
0
  0
CIRCLE
  5
85d
330
1F
100
AcDbEntity
  8
TopSolderMaskLayer
100
AcDbCircle
 10
63.52705105410246
 20
40.72707645415289
 30
0.0
 40
0.4101600203200406
0
HATCH
5
863
100
AcDbEntity
8
TopSolderMaskLayer
100
AcDbHatch
10
0
20
0
30
0
210
0
220
0
230
1
2
SOLID
70
1
71
0
91
1
92
7
72
1
73
1
93
4
10
63.301460438405
20
39.92167894335787
42
-0.7853981633974483
10
63.301460438405
20
41.53247396494792
42
0
10
63.75264166979969
20
41.53247396494792
42
-0.7853981633974483
10
63.75264166979969
20
39.92167894335787
42
0
97
1
330

75
0
76
1
47
0.4128176842155181
98
1
10
34.90568961886538
20
22.81183545379326
450
0
451
0
460
0
461
0
452
1
462
1
453
2
463
0
63
5
421
255
463
1
63
7
421
16777215
470
LINEAR
1001
ACAD
1010
0
1020
0
1030
0
  0
CIRCLE
  5
864
330
1F
100
AcDbEntity
  8
BottomSolderMaskLayer
100
AcDbCircle
 10
63.52705105410246
 20
40.72707645415289
 30
0.0
 40
0.4101600203200406
0
HATCH
5
86a
100
AcDbEntity
8
BottomSolderMaskLayer
100
AcDbHatch
10
0
20
0
30
0
210
0
220
0
230
1
2
SOLID
70
1
71
0
91
1
92
7
72
1
73
1
93
4
10
63.301460438405
20
39.92167894335787
42
-0.7853981633974483
10
63.301460438405
20
41.53247396494792
42
0
10
63.75264166979969
20
41.53247396494792
42
-0.7853981633974483
10
63.75264166979969
20
39.92167894335787
42
0
97
1
330

75
0
76
1
47
0.4128176842155181
98
1
10
34.90568961886538
20
22.81183545379326
450
0
451
0
460
0
461
0
452
1
462
1
453
2
463
0
63
5
421
255
463
1
63
7
421
16777215
470
LINEAR
1001
ACAD
1010
0
1020
0
1030
0
  0
CIRCLE
  5
86b
330
1F
100
AcDbEntity
  8
Multi-Layer
100
AcDbCircle
 10
63.52705105410246
 20
40.72707645415289
 30
0.0
 40
0.4
0
HATCH
5
871
100
AcDbEntity
8
Multi-Layer
100
AcDbHatch
10
0
20
0
30
0
210
0
220
0
230
1
2
SOLID
70
1
71
0
91
1
92
7
72
1
73
1
93
4
10
63.30704851409723
20
39.94707899415798
42
-0.7853981633974483
10
63.30704851409723
20
41.50707391414781
42
0
10
63.747053594107456
20
41.50707391414781
42
-0.7853981633974483
10
63.747053594107456
20
39.94707899415798
42
0
97
1
330

75
0
76
1
47
0.4128176842155181
98
1
10
34.90568961886538
20
22.81183545379326
450
0
451
0
460
0
461
0
452
1
462
1
453
2
463
0
63
5
421
255
463
1
63
7
421
16777215
470
LINEAR
1001
ACAD
1010
0
1020
0
1030
0
  0
CIRCLE
  5
872
330
1F
100
AcDbEntity
  8
TopSolderMaskLayer
100
AcDbCircle
 10
63.52705105410246
 20
38.18707137414276
 30
0.0
 40
0.4101600203200406
0
HATCH
5
878
100
AcDbEntity
8
TopSolderMaskLayer
100
AcDbHatch
10
0
20
0
30
0
210
0
220
0
230
1
2
SOLID
70
1
71
0
91
1
92
7
72
1
73
1
93
4
10
63.301460438405
20
37.381673863347736
42
-0.7853981633974483
10
63.301460438405
20
38.992468884937786
42
0
10
63.75264166979969
20
38.992468884937786
42
-0.7853981633974483
10
63.75264166979969
20
37.381673863347736
42
0
97
1
330

75
0
76
1
47
0.4128176842155181
98
1
10
34.90568961886538
20
22.81183545379326
450
0
451
0
460
0
461
0
452
1
462
1
453
2
463
0
63
5
421
255
463
1
63
7
421
16777215
470
LINEAR
1001
ACAD
1010
0
1020
0
1030
0
  0
CIRCLE
  5
879
330
1F
100
AcDbEntity
  8
BottomSolderMaskLayer
100
AcDbCircle
 10
63.52705105410246
 20
38.18707137414276
 30
0.0
 40
0.4101600203200406
0
HATCH
5
87f
100
AcDbEntity
8
BottomSolderMaskLayer
100
AcDbHatch
10
0
20
0
30
0
210
0
220
0
230
1
2
SOLID
70
1
71
0
91
1
92
7
72
1
73
1
93
4
10
63.301460438405
20
37.381673863347736
42
-0.7853981633974483
10
63.301460438405
20
38.992468884937786
42
0
10
63.75264166979969
20
38.992468884937786
42
-0.7853981633974483
10
63.75264166979969
20
37.381673863347736
42
0
97
1
330

75
0
76
1
47
0.4128176842155181
98
1
10
34.90568961886538
20
22.81183545379326
450
0
451
0
460
0
461
0
452
1
462
1
453
2
463
0
63
5
421
255
463
1
63
7
421
16777215
470
LINEAR
1001
ACAD
1010
0
1020
0
1030
0
  0
CIRCLE
  5
880
330
1F
100
AcDbEntity
  8
Multi-Layer
100
AcDbCircle
 10
63.52705105410246
 20
38.18707137414276
 30
0.0
 40
0.4
0
HATCH
5
886
100
AcDbEntity
8
Multi-Layer
100
AcDbHatch
10
0
20
0
30
0
210
0
220
0
230
1
2
SOLID
70
1
71
0
91
1
92
7
72
1
73
1
93
4
10
63.30704851409723
20
37.407073914147844
42
-0.7853981633974483
10
63.30704851409723
20
38.96706883413768
42
0
10
63.747053594107456
20
38.96706883413768
42
-0.7853981633974483
10
63.747053594107456
20
37.407073914147844
42
0
97
1
330

75
0
76
1
47
0.4128176842155181
98
1
10
34.90568961886538
20
22.81183545379326
450
0
451
0
460
0
461
0
452
1
462
1
453
2
463
0
63
5
421
255
463
1
63
7
421
16777215
470
LINEAR
1001
ACAD
1010
0
1020
0
1030
0
  0
CIRCLE
  5
887
330
1F
100
AcDbEntity
  8
TopSolderMaskLayer
100
AcDbCircle
 10
63.52705105410246
 20
35.64706629413263
 30
0.0
 40
0.4101600203200406
0
HATCH
5
88d
100
AcDbEntity
8
TopSolderMaskLayer
100
AcDbHatch
10
0
20
0
30
0
210
0
220
0
230
1
2
SOLID
70
1
71
0
91
1
92
7
72
1
73
1
93
4
10
63.301460438405
20
34.8416687833376
42
-0.7853981633974483
10
63.301460438405
20
36.45246380492765
42
0
10
63.75264166979969
20
36.45246380492765
42
-0.7853981633974483
10
63.75264166979969
20
34.8416687833376
42
0
97
1
330

75
0
76
1
47
0.4128176842155181
98
1
10
34.90568961886538
20
22.81183545379326
450
0
451
0
460
0
461
0
452
1
462
1
453
2
463
0
63
5
421
255
463
1
63
7
421
16777215
470
LINEAR
1001
ACAD
1010
0
1020
0
1030
0
  0
CIRCLE
  5
88e
330
1F
100
AcDbEntity
  8
BottomSolderMaskLayer
100
AcDbCircle
 10
63.52705105410246
 20
35.64706629413263
 30
0.0
 40
0.4101600203200406
0
HATCH
5
894
100
AcDbEntity
8
BottomSolderMaskLayer
100
AcDbHatch
10
0
20
0
30
0
210
0
220
0
230
1
2
SOLID
70
1
71
0
91
1
92
7
72
1
73
1
93
4
10
63.301460438405
20
34.8416687833376
42
-0.7853981633974483
10
63.301460438405
20
36.45246380492765
42
0
10
63.75264166979969
20
36.45246380492765
42
-0.7853981633974483
10
63.75264166979969
20
34.8416687833376
42
0
97
1
330

75
0
76
1
47
0.4128176842155181
98
1
10
34.90568961886538
20
22.81183545379326
450
0
451
0
460
0
461
0
452
1
462
1
453
2
463
0
63
5
421
255
463
1
63
7
421
16777215
470
LINEAR
1001
ACAD
1010
0
1020
0
1030
0
  0
CIRCLE
  5
895
330
1F
100
AcDbEntity
  8
Multi-Layer
100
AcDbCircle
 10
63.52705105410246
 20
35.64706629413263
 30
0.0
 40
0.4
0
HATCH
5
89b
100
AcDbEntity
8
Multi-Layer
100
AcDbHatch
10
0
20
0
30
0
210
0
220
0
230
1
2
SOLID
70
1
71
0
91
1
92
7
72
1
73
1
93
4
10
63.30704851409723
20
34.86706883413771
42
-0.7853981633974483
10
63.30704851409723
20
36.427063754127545
42
0
10
63.747053594107456
20
36.427063754127545
42
-0.7853981633974483
10
63.747053594107456
20
34.86706883413771
42
0
97
1
330

75
0
76
1
47
0.4128176842155181
98
1
10
34.90568961886538
20
22.81183545379326
450
0
451
0
460
0
461
0
452
1
462
1
453
2
463
0
63
5
421
255
463
1
63
7
421
16777215
470
LINEAR
1001
ACAD
1010
0
1020
0
1030
0
  0
CIRCLE
  5
89c
330
1F
100
AcDbEntity
  8
TopSolderMaskLayer
100
AcDbCircle
 10
63.52705105410246
 20
33.10706121412238
 30
0.0
 40
0.4101600203200406
0
HATCH
5
8a2
100
AcDbEntity
8
TopSolderMaskLayer
100
AcDbHatch
10
0
20
0
30
0
210
0
220
0
230
1
2
SOLID
70
1
71
0
91
1
92
7
72
1
73
1
93
4
10
63.301460438405
20
32.30166370332736
42
-0.7853981633974483
10
63.301460438405
20
33.91245872491741
42
0
10
63.75264166979969
20
33.91245872491741
42
-0.7853981633974483
10
63.75264166979969
20
32.30166370332736
42
0
97
1
330

75
0
76
1
47
0.4128176842155181
98
1
10
34.90568961886538
20
22.81183545379326
450
0
451
0
460
0
461
0
452
1
462
1
453
2
463
0
63
5
421
255
463
1
63
7
421
16777215
470
LINEAR
1001
ACAD
1010
0
1020
0
1030
0
  0
CIRCLE
  5
8a3
330
1F
100
AcDbEntity
  8
BottomSolderMaskLayer
100
AcDbCircle
 10
63.52705105410246
 20
33.10706121412238
 30
0.0
 40
0.4101600203200406
0
HATCH
5
8a9
100
AcDbEntity
8
BottomSolderMaskLayer
100
AcDbHatch
10
0
20
0
30
0
210
0
220
0
230
1
2
SOLID
70
1
71
0
91
1
92
7
72
1
73
1
93
4
10
63.301460438405
20
32.30166370332736
42
-0.7853981633974483
10
63.301460438405
20
33.91245872491741
42
0
10
63.75264166979969
20
33.91245872491741
42
-0.7853981633974483
10
63.75264166979969
20
32.30166370332736
42
0
97
1
330

75
0
76
1
47
0.4128176842155181
98
1
10
34.90568961886538
20
22.81183545379326
450
0
451
0
460
0
461
0
452
1
462
1
453
2
463
0
63
5
421
255
463
1
63
7
421
16777215
470
LINEAR
1001
ACAD
1010
0
1020
0
1030
0
  0
CIRCLE
  5
8aa
330
1F
100
AcDbEntity
  8
Multi-Layer
100
AcDbCircle
 10
63.52705105410246
 20
33.10706121412238
 30
0.0
 40
0.4
0
HATCH
5
8b0
100
AcDbEntity
8
Multi-Layer
100
AcDbHatch
10
0
20
0
30
0
210
0
220
0
230
1
2
SOLID
70
1
71
0
91
1
92
7
72
1
73
1
93
4
10
63.30704851409723
20
32.327063754127465
42
-0.7853981633974483
10
63.30704851409723
20
33.8870586741173
42
0
10
63.747053594107456
20
33.8870586741173
42
-0.7853981633974483
10
63.747053594107456
20
32.327063754127465
42
0
97
1
330

75
0
76
1
47
0.4128176842155181
98
1
10
34.90568961886538
20
22.81183545379326
450
0
451
0
460
0
461
0
452
1
462
1
453
2
463
0
63
5
421
255
463
1
63
7
421
16777215
470
LINEAR
1001
ACAD
1010
0
1020
0
1030
0
  0
CIRCLE
  5
8b1
330
1F
100
AcDbEntity
  8
TopSolderMaskLayer
100
AcDbCircle
 10
63.52705105410246
 20
30.56705613411225
 30
0.0
 40
0.4101600203200406
0
HATCH
5
8b7
100
AcDbEntity
8
TopSolderMaskLayer
100
AcDbHatch
10
0
20
0
30
0
210
0
220
0
230
1
2
SOLID
70
1
71
0
91
1
92
7
72
1
73
1
93
4
10
63.301460438405
20
29.761658623317228
42
-0.7853981633974483
10
63.301460438405
20
31.37245364490727
42
0
10
63.75264166979969
20
31.37245364490727
42
-0.7853981633974483
10
63.75264166979969
20
29.761658623317228
42
0
97
1
330

75
0
76
1
47
0.4128176842155181
98
1
10
34.90568961886538
20
22.81183545379326
450
0
451
0
460
0
461
0
452
1
462
1
453
2
463
0
63
5
421
255
463
1
63
7
421
16777215
470
LINEAR
1001
ACAD
1010
0
1020
0
1030
0
  0
CIRCLE
  5
8b8
330
1F
100
AcDbEntity
  8
BottomSolderMaskLayer
100
AcDbCircle
 10
63.52705105410246
 20
30.56705613411225
 30
0.0
 40
0.4101600203200406
0
HATCH
5
8be
100
AcDbEntity
8
BottomSolderMaskLayer
100
AcDbHatch
10
0
20
0
30
0
210
0
220
0
230
1
2
SOLID
70
1
71
0
91
1
92
7
72
1
73
1
93
4
10
63.301460438405
20
29.761658623317228
42
-0.7853981633974483
10
63.301460438405
20
31.37245364490727
42
0
10
63.75264166979969
20
31.37245364490727
42
-0.7853981633974483
10
63.75264166979969
20
29.761658623317228
42
0
97
1
330

75
0
76
1
47
0.4128176842155181
98
1
10
34.90568961886538
20
22.81183545379326
450
0
451
0
460
0
461
0
452
1
462
1
453
2
463
0
63
5
421
255
463
1
63
7
421
16777215
470
LINEAR
1001
ACAD
1010
0
1020
0
1030
0
  0
CIRCLE
  5
8bf
330
1F
100
AcDbEntity
  8
Multi-Layer
100
AcDbCircle
 10
63.52705105410246
 20
30.56705613411225
 30
0.0
 40
0.4
0
HATCH
5
8c5
100
AcDbEntity
8
Multi-Layer
100
AcDbHatch
10
0
20
0
30
0
210
0
220
0
230
1
2
SOLID
70
1
71
0
91
1
92
7
72
1
73
1
93
4
10
63.30704851409723
20
29.78705867411733
42
-0.7853981633974483
10
63.30704851409723
20
31.34705359410717
42
0
10
63.747053594107456
20
31.34705359410717
42
-0.7853981633974483
10
63.747053594107456
20
29.78705867411733
42
0
97
1
330

75
0
76
1
47
0.4128176842155181
98
1
10
34.90568961886538
20
22.81183545379326
450
0
451
0
460
0
461
0
452
1
462
1
453
2
463
0
63
5
421
255
463
1
63
7
421
16777215
470
LINEAR
1001
ACAD
1010
0
1020
0
1030
0
  0
CIRCLE
  5
8c6
330
1F
100
AcDbEntity
  8
TopSolderMaskLayer
100
AcDbCircle
 10
63.52705105410246
 20
28.027051054102117
 30
0.0
 40
0.4101600203200406
0
HATCH
5
8cc
100
AcDbEntity
8
TopSolderMaskLayer
100
AcDbHatch
10
0
20
0
30
0
210
0
220
0
230
1
2
SOLID
70
1
71
0
91
1
92
7
72
1
73
1
93
4
10
63.301460438405
20
27.221653543307095
42
-0.7853981633974483
10
63.301460438405
20
28.83244856489714
42
0
10
63.75264166979969
20
28.83244856489714
42
-0.7853981633974483
10
63.75264166979969
20
27.221653543307095
42
0
97
1
330

75
0
76
1
47
0.4128176842155181
98
1
10
34.90568961886538
20
22.81183545379326
450
0
451
0
460
0
461
0
452
1
462
1
453
2
463
0
63
5
421
255
463
1
63
7
421
16777215
470
LINEAR
1001
ACAD
1010
0
1020
0
1030
0
  0
CIRCLE
  5
8cd
330
1F
100
AcDbEntity
  8
BottomSolderMaskLayer
100
AcDbCircle
 10
63.52705105410246
 20
28.027051054102117
 30
0.0
 40
0.4101600203200406
0
HATCH
5
8d3
100
AcDbEntity
8
BottomSolderMaskLayer
100
AcDbHatch
10
0
20
0
30
0
210
0
220
0
230
1
2
SOLID
70
1
71
0
91
1
92
7
72
1
73
1
93
4
10
63.301460438405
20
27.221653543307095
42
-0.7853981633974483
10
63.301460438405
20
28.83244856489714
42
0
10
63.75264166979969
20
28.83244856489714
42
-0.7853981633974483
10
63.75264166979969
20
27.221653543307095
42
0
97
1
330

75
0
76
1
47
0.4128176842155181
98
1
10
34.90568961886538
20
22.81183545379326
450
0
451
0
460
0
461
0
452
1
462
1
453
2
463
0
63
5
421
255
463
1
63
7
421
16777215
470
LINEAR
1001
ACAD
1010
0
1020
0
1030
0
  0
CIRCLE
  5
8d4
330
1F
100
AcDbEntity
  8
Multi-Layer
100
AcDbCircle
 10
63.52705105410246
 20
28.027051054102117
 30
0.0
 40
0.4
0
HATCH
5
8da
100
AcDbEntity
8
Multi-Layer
100
AcDbHatch
10
0
20
0
30
0
210
0
220
0
230
1
2
SOLID
70
1
71
0
91
1
92
7
72
1
73
1
93
4
10
63.30704851409723
20
27.247053594107197
42
-0.7853981633974483
10
63.30704851409723
20
28.807048514097037
42
0
10
63.747053594107456
20
28.807048514097037
42
-0.7853981633974483
10
63.747053594107456
20
27.247053594107197
42
0
97
1
330

75
0
76
1
47
0.4128176842155181
98
1
10
34.90568961886538
20
22.81183545379326
450
0
451
0
460
0
461
0
452
1
462
1
453
2
463
0
63
5
421
255
463
1
63
7
421
16777215
470
LINEAR
1001
ACAD
1010
0
1020
0
1030
0
  0
CIRCLE
  5
8db
330
1F
100
AcDbEntity
  8
TopSolderMaskLayer
100
AcDbCircle
 10
63.52705105410246
 20
25.487045974091984
 30
0.0
 40
0.4101600203200406
0
HATCH
5
8e1
100
AcDbEntity
8
TopSolderMaskLayer
100
AcDbHatch
10
0
20
0
30
0
210
0
220
0
230
1
2
SOLID
70
1
71
0
91
1
92
7
72
1
73
1
93
4
10
63.301460438405
20
24.681648463296963
42
-0.7853981633974483
10
63.301460438405
20
26.292443484887006
42
0
10
63.75264166979969
20
26.292443484887006
42
-0.7853981633974483
10
63.75264166979969
20
24.681648463296963
42
0
97
1
330

75
0
76
1
47
0.4128176842155181
98
1
10
34.90568961886538
20
22.81183545379326
450
0
451
0
460
0
461
0
452
1
462
1
453
2
463
0
63
5
421
255
463
1
63
7
421
16777215
470
LINEAR
1001
ACAD
1010
0
1020
0
1030
0
  0
CIRCLE
  5
8e2
330
1F
100
AcDbEntity
  8
BottomSolderMaskLayer
100
AcDbCircle
 10
63.52705105410246
 20
25.487045974091984
 30
0.0
 40
0.4101600203200406
0
HATCH
5
8e8
100
AcDbEntity
8
BottomSolderMaskLayer
100
AcDbHatch
10
0
20
0
30
0
210
0
220
0
230
1
2
SOLID
70
1
71
0
91
1
92
7
72
1
73
1
93
4
10
63.301460438405
20
24.681648463296963
42
-0.7853981633974483
10
63.301460438405
20
26.292443484887006
42
0
10
63.75264166979969
20
26.292443484887006
42
-0.7853981633974483
10
63.75264166979969
20
24.681648463296963
42
0
97
1
330

75
0
76
1
47
0.4128176842155181
98
1
10
34.90568961886538
20
22.81183545379326
450
0
451
0
460
0
461
0
452
1
462
1
453
2
463
0
63
5
421
255
463
1
63
7
421
16777215
470
LINEAR
1001
ACAD
1010
0
1020
0
1030
0
  0
CIRCLE
  5
8e9
330
1F
100
AcDbEntity
  8
Multi-Layer
100
AcDbCircle
 10
63.52705105410246
 20
25.487045974091984
 30
0.0
 40
0.4
0
HATCH
5
8ef
100
AcDbEntity
8
Multi-Layer
100
AcDbHatch
10
0
20
0
30
0
210
0
220
0
230
1
2
SOLID
70
1
71
0
91
1
92
7
72
1
73
1
93
4
10
63.30704851409723
20
24.707048514097064
42
-0.7853981633974483
10
63.30704851409723
20
26.267043434086904
42
0
10
63.747053594107456
20
26.267043434086904
42
-0.7853981633974483
10
63.747053594107456
20
24.707048514097064
42
0
97
1
330

75
0
76
1
47
0.4128176842155181
98
1
10
34.90568961886538
20
22.81183545379326
450
0
451
0
460
0
461
0
452
1
462
1
453
2
463
0
63
5
421
255
463
1
63
7
421
16777215
470
LINEAR
1001
ACAD
1010
0
1020
0
1030
0
  0
CIRCLE
  5
8f0
330
1F
100
AcDbEntity
  8
TopSolderMaskLayer
100
AcDbCircle
 10
63.52705105410246
 20
22.947040894081738
 30
0.0
 40
0.4101600203200406
0
HATCH
5
8f6
100
AcDbEntity
8
TopSolderMaskLayer
100
AcDbHatch
10
0
20
0
30
0
210
0
220
0
230
1
2
SOLID
70
1
71
0
91
1
92
7
72
1
73
1
93
4
10
63.301460438405
20
22.141643383286716
42
-0.7853981633974483
10
63.301460438405
20
23.75243840487676
42
0
10
63.75264166979969
20
23.75243840487676
42
-0.7853981633974483
10
63.75264166979969
20
22.141643383286716
42
0
97
1
330

75
0
76
1
47
0.4128176842155181
98
1
10
34.90568961886538
20
22.81183545379326
450
0
451
0
460
0
461
0
452
1
462
1
453
2
463
0
63
5
421
255
463
1
63
7
421
16777215
470
LINEAR
1001
ACAD
1010
0
1020
0
1030
0
  0
CIRCLE
  5
8f7
330
1F
100
AcDbEntity
  8
BottomSolderMaskLayer
100
AcDbCircle
 10
63.52705105410246
 20
22.947040894081738
 30
0.0
 40
0.4101600203200406
0
HATCH
5
8fd
100
AcDbEntity
8
BottomSolderMaskLayer
100
AcDbHatch
10
0
20
0
30
0
210
0
220
0
230
1
2
SOLID
70
1
71
0
91
1
92
7
72
1
73
1
93
4
10
63.301460438405
20
22.141643383286716
42
-0.7853981633974483
10
63.301460438405
20
23.75243840487676
42
0
10
63.75264166979969
20
23.75243840487676
42
-0.7853981633974483
10
63.75264166979969
20
22.141643383286716
42
0
97
1
330

75
0
76
1
47
0.4128176842155181
98
1
10
34.90568961886538
20
22.81183545379326
450
0
451
0
460
0
461
0
452
1
462
1
453
2
463
0
63
5
421
255
463
1
63
7
421
16777215
470
LINEAR
1001
ACAD
1010
0
1020
0
1030
0
  0
CIRCLE
  5
8fe
330
1F
100
AcDbEntity
  8
Multi-Layer
100
AcDbCircle
 10
63.52705105410246
 20
22.947040894081738
 30
0.0
 40
0.4
0
HATCH
5
904
100
AcDbEntity
8
Multi-Layer
100
AcDbHatch
10
0
20
0
30
0
210
0
220
0
230
1
2
SOLID
70
1
71
0
91
1
92
7
72
1
73
1
93
4
10
63.30704851409723
20
22.167043434086818
42
-0.7853981633974483
10
63.30704851409723
20
23.727038354076658
42
0
10
63.747053594107456
20
23.727038354076658
42
-0.7853981633974483
10
63.747053594107456
20
22.167043434086818
42
0
97
1
330

75
0
76
1
47
0.4128176842155181
98
1
10
34.90568961886538
20
22.81183545379326
450
0
451
0
460
0
461
0
452
1
462
1
453
2
463
0
63
5
421
255
463
1
63
7
421
16777215
470
LINEAR
1001
ACAD
1010
0
1020
0
1030
0
  0
CIRCLE
  5
905
330
1F
100
AcDbEntity
  8
TopSolderMaskLayer
100
AcDbCircle
 10
63.52705105410246
 20
20.407035814071605
 30
0.0
 40
0.4101600203200406
0
HATCH
5
90b
100
AcDbEntity
8
TopSolderMaskLayer
100
AcDbHatch
10
0
20
0
30
0
210
0
220
0
230
1
2
SOLID
70
1
71
0
91
1
92
7
72
1
73
1
93
4
10
63.301460438405
20
19.601638303276584
42
-0.7853981633974483
10
63.301460438405
20
21.212433324866627
42
0
10
63.75264166979969
20
21.212433324866627
42
-0.7853981633974483
10
63.75264166979969
20
19.601638303276584
42
0
97
1
330

75
0
76
1
47
0.4128176842155181
98
1
10
34.90568961886538
20
22.81183545379326
450
0
451
0
460
0
461
0
452
1
462
1
453
2
463
0
63
5
421
255
463
1
63
7
421
16777215
470
LINEAR
1001
ACAD
1010
0
1020
0
1030
0
  0
CIRCLE
  5
90c
330
1F
100
AcDbEntity
  8
BottomSolderMaskLayer
100
AcDbCircle
 10
63.52705105410246
 20
20.407035814071605
 30
0.0
 40
0.4101600203200406
0
HATCH
5
912
100
AcDbEntity
8
BottomSolderMaskLayer
100
AcDbHatch
10
0
20
0
30
0
210
0
220
0
230
1
2
SOLID
70
1
71
0
91
1
92
7
72
1
73
1
93
4
10
63.301460438405
20
19.601638303276584
42
-0.7853981633974483
10
63.301460438405
20
21.212433324866627
42
0
10
63.75264166979969
20
21.212433324866627
42
-0.7853981633974483
10
63.75264166979969
20
19.601638303276584
42
0
97
1
330

75
0
76
1
47
0.4128176842155181
98
1
10
34.90568961886538
20
22.81183545379326
450
0
451
0
460
0
461
0
452
1
462
1
453
2
463
0
63
5
421
255
463
1
63
7
421
16777215
470
LINEAR
1001
ACAD
1010
0
1020
0
1030
0
  0
CIRCLE
  5
913
330
1F
100
AcDbEntity
  8
Multi-Layer
100
AcDbCircle
 10
63.52705105410246
 20
20.407035814071605
 30
0.0
 40
0.4
0
HATCH
5
919
100
AcDbEntity
8
Multi-Layer
100
AcDbHatch
10
0
20
0
30
0
210
0
220
0
230
1
2
SOLID
70
1
71
0
91
1
92
7
72
1
73
1
93
4
10
63.30704851409723
20
19.627038354076685
42
-0.7853981633974483
10
63.30704851409723
20
21.187033274066525
42
0
10
63.747053594107456
20
21.187033274066525
42
-0.7853981633974483
10
63.747053594107456
20
19.627038354076685
42
0
97
1
330

75
0
76
1
47
0.4128176842155181
98
1
10
34.90568961886538
20
22.81183545379326
450
0
451
0
460
0
461
0
452
1
462
1
453
2
463
0
63
5
421
255
463
1
63
7
421
16777215
470
LINEAR
1001
ACAD
1010
0
1020
0
1030
0
  0
CIRCLE
  5
91a
330
1F
100
AcDbEntity
  8
TopSolderMaskLayer
100
AcDbCircle
 10
63.52705105410246
 20
17.867030734061473
 30
0.0
 40
0.4101600203200406
0
HATCH
5
920
100
AcDbEntity
8
TopSolderMaskLayer
100
AcDbHatch
10
0
20
0
30
0
210
0
220
0
230
1
2
SOLID
70
1
71
0
91
1
92
7
72
1
73
1
93
4
10
63.301460438405
20
17.06163322326645
42
-0.7853981633974483
10
63.301460438405
20
18.672428244856494
42
0
10
63.75264166979969
20
18.672428244856494
42
-0.7853981633974483
10
63.75264166979969
20
17.06163322326645
42
0
97
1
330

75
0
76
1
47
0.4128176842155181
98
1
10
34.90568961886538
20
22.81183545379326
450
0
451
0
460
0
461
0
452
1
462
1
453
2
463
0
63
5
421
255
463
1
63
7
421
16777215
470
LINEAR
1001
ACAD
1010
0
1020
0
1030
0
  0
CIRCLE
  5
921
330
1F
100
AcDbEntity
  8
BottomSolderMaskLayer
100
AcDbCircle
 10
63.52705105410246
 20
17.867030734061473
 30
0.0
 40
0.4101600203200406
0
HATCH
5
927
100
AcDbEntity
8
BottomSolderMaskLayer
100
AcDbHatch
10
0
20
0
30
0
210
0
220
0
230
1
2
SOLID
70
1
71
0
91
1
92
7
72
1
73
1
93
4
10
63.301460438405
20
17.06163322326645
42
-0.7853981633974483
10
63.301460438405
20
18.672428244856494
42
0
10
63.75264166979969
20
18.672428244856494
42
-0.7853981633974483
10
63.75264166979969
20
17.06163322326645
42
0
97
1
330

75
0
76
1
47
0.4128176842155181
98
1
10
34.90568961886538
20
22.81183545379326
450
0
451
0
460
0
461
0
452
1
462
1
453
2
463
0
63
5
421
255
463
1
63
7
421
16777215
470
LINEAR
1001
ACAD
1010
0
1020
0
1030
0
  0
CIRCLE
  5
928
330
1F
100
AcDbEntity
  8
Multi-Layer
100
AcDbCircle
 10
63.52705105410246
 20
17.867030734061473
 30
0.0
 40
0.4
0
HATCH
5
92e
100
AcDbEntity
8
Multi-Layer
100
AcDbHatch
10
0
20
0
30
0
210
0
220
0
230
1
2
SOLID
70
1
71
0
91
1
92
7
72
1
73
1
93
4
10
63.30704851409723
20
17.087033274066552
42
-0.7853981633974483
10
63.30704851409723
20
18.647028194056393
42
0
10
63.747053594107456
20
18.647028194056393
42
-0.7853981633974483
10
63.747053594107456
20
17.087033274066552
42
0
97
1
330

75
0
76
1
47
0.4128176842155181
98
1
10
34.90568961886538
20
22.81183545379326
450
0
451
0
460
0
461
0
452
1
462
1
453
2
463
0
63
5
421
255
463
1
63
7
421
16777215
470
LINEAR
1001
ACAD
1010
0
1020
0
1030
0
  0
CIRCLE
  5
92f
330
1F
100
AcDbEntity
  8
TopSolderMaskLayer
100
AcDbCircle
 10
63.52705105410246
 20
15.32702565405134
 30
0.0
 40
0.4101600203200406
0
HATCH
5
935
100
AcDbEntity
8
TopSolderMaskLayer
100
AcDbHatch
10
0
20
0
30
0
210
0
220
0
230
1
2
SOLID
70
1
71
0
91
1
92
7
72
1
73
1
93
4
10
63.301460438405
20
14.521628143256319
42
-0.7853981633974483
10
63.301460438405
20
16.13242316484636
42
0
10
63.75264166979969
20
16.13242316484636
42
-0.7853981633974483
10
63.75264166979969
20
14.521628143256319
42
0
97
1
330

75
0
76
1
47
0.4128176842155181
98
1
10
34.90568961886538
20
22.81183545379326
450
0
451
0
460
0
461
0
452
1
462
1
453
2
463
0
63
5
421
255
463
1
63
7
421
16777215
470
LINEAR
1001
ACAD
1010
0
1020
0
1030
0
  0
CIRCLE
  5
936
330
1F
100
AcDbEntity
  8
BottomSolderMaskLayer
100
AcDbCircle
 10
63.52705105410246
 20
15.32702565405134
 30
0.0
 40
0.4101600203200406
0
HATCH
5
93c
100
AcDbEntity
8
BottomSolderMaskLayer
100
AcDbHatch
10
0
20
0
30
0
210
0
220
0
230
1
2
SOLID
70
1
71
0
91
1
92
7
72
1
73
1
93
4
10
63.301460438405
20
14.521628143256319
42
-0.7853981633974483
10
63.301460438405
20
16.13242316484636
42
0
10
63.75264166979969
20
16.13242316484636
42
-0.7853981633974483
10
63.75264166979969
20
14.521628143256319
42
0
97
1
330

75
0
76
1
47
0.4128176842155181
98
1
10
34.90568961886538
20
22.81183545379326
450
0
451
0
460
0
461
0
452
1
462
1
453
2
463
0
63
5
421
255
463
1
63
7
421
16777215
470
LINEAR
1001
ACAD
1010
0
1020
0
1030
0
  0
CIRCLE
  5
93d
330
1F
100
AcDbEntity
  8
Multi-Layer
100
AcDbCircle
 10
63.52705105410246
 20
15.32702565405134
 30
0.0
 40
0.4
0
HATCH
5
943
100
AcDbEntity
8
Multi-Layer
100
AcDbHatch
10
0
20
0
30
0
210
0
220
0
230
1
2
SOLID
70
1
71
0
91
1
92
7
72
1
73
1
93
4
10
63.30704851409723
20
14.54702819405642
42
-0.7853981633974483
10
63.30704851409723
20
16.10702311404626
42
0
10
63.747053594107456
20
16.10702311404626
42
-0.7853981633974483
10
63.747053594107456
20
14.54702819405642
42
0
97
1
330

75
0
76
1
47
0.4128176842155181
98
1
10
34.90568961886538
20
22.81183545379326
450
0
451
0
460
0
461
0
452
1
462
1
453
2
463
0
63
5
421
255
463
1
63
7
421
16777215
470
LINEAR
1001
ACAD
1010
0
1020
0
1030
0
  0
CIRCLE
  5
a1c
330
1F
100
AcDbEntity
  8
TopSolderMaskLayer
100
AcDbCircle
 10
87.78409956819928
 20
7.199009398018802
 30
0.0
 40
0.4130257094941141
0
HATCH
5
a22
100
AcDbEntity
8
TopSolderMaskLayer
100
AcDbHatch
10
0
20
0
30
0
210
0
220
0
230
1
2
SOLID
70
1
71
0
91
1
92
7
72
1
73
1
93
4
10
88.0112663311395
20
8.004406908813824
42
-0.7853981633974483
10
88.0112663311395
20
6.393611887223781
42
0
10
87.5569328052593
20
6.393611887223781
42
-0.7853981633974483
10
87.5569328052593
20
8.004406908813824
42
0
97
1
330

75
0
76
1
47
0.4128176842155181
98
1
10
34.90568961886538
20
22.81183545379326
450
0
451
0
460
0
461
0
452
1
462
1
453
2
463
0
63
5
421
255
463
1
63
7
421
16777215
470
LINEAR
1001
ACAD
1010
0
1020
0
1030
0
  0
CIRCLE
  5
a23
330
1F
100
AcDbEntity
  8
BottomSolderMaskLayer
100
AcDbCircle
 10
87.78409956819928
 20
7.199009398018802
 30
0.0
 40
0.4130257094941141
0
HATCH
5
a29
100
AcDbEntity
8
BottomSolderMaskLayer
100
AcDbHatch
10
0
20
0
30
0
210
0
220
0
230
1
2
SOLID
70
1
71
0
91
1
92
7
72
1
73
1
93
4
10
88.0112663311395
20
8.004406908813824
42
-0.7853981633974483
10
88.0112663311395
20
6.393611887223781
42
0
10
87.5569328052593
20
6.393611887223781
42
-0.7853981633974483
10
87.5569328052593
20
8.004406908813824
42
0
97
1
330

75
0
76
1
47
0.4128176842155181
98
1
10
34.90568961886538
20
22.81183545379326
450
0
451
0
460
0
461
0
452
1
462
1
453
2
463
0
63
5
421
255
463
1
63
7
421
16777215
470
LINEAR
1001
ACAD
1010
0
1020
0
1030
0
  0
CIRCLE
  5
a2a
330
1F
100
AcDbEntity
  8
Multi-Layer
100
AcDbCircle
 10
87.78409956819928
 20
7.199009398018802
 30
0.0
 40
0.4
0
HATCH
5
a30
100
AcDbEntity
8
Multi-Layer
100
AcDbHatch
10
0
20
0
30
0
210
0
220
0
230
1
2
SOLID
70
1
71
0
91
1
92
7
72
1
73
1
93
4
10
88.0041021082045
20
7.979006858013722
42
-0.7853981633974483
10
88.0041021082045
20
6.419011938023882
42
0
10
87.56409702819428
20
6.419011938023882
42
-0.7853981633974483
10
87.56409702819428
20
7.979006858013722
42
0
97
1
330

75
0
76
1
47
0.4128176842155181
98
1
10
34.90568961886538
20
22.81183545379326
450
0
451
0
460
0
461
0
452
1
462
1
453
2
463
0
63
5
421
255
463
1
63
7
421
16777215
470
LINEAR
1001
ACAD
1010
0
1020
0
1030
0
  0
CIRCLE
  5
a31
330
1F
100
AcDbEntity
  8
TopSolderMaskLayer
100
AcDbCircle
 10
87.78409956819928
 20
9.739014478028935
 30
0.0
 40
0.4130257094941141
0
HATCH
5
a37
100
AcDbEntity
8
TopSolderMaskLayer
100
AcDbHatch
10
0
20
0
30
0
210
0
220
0
230
1
2
SOLID
70
1
71
0
91
1
92
7
72
1
73
1
93
4
10
88.0112663311395
20
10.544411988823956
42
-0.7853981633974483
10
88.0112663311395
20
8.933616967233913
42
0
10
87.5569328052593
20
8.933616967233913
42
-0.7853981633974483
10
87.5569328052593
20
10.544411988823956
42
0
97
1
330

75
0
76
1
47
0.4128176842155181
98
1
10
34.90568961886538
20
22.81183545379326
450
0
451
0
460
0
461
0
452
1
462
1
453
2
463
0
63
5
421
255
463
1
63
7
421
16777215
470
LINEAR
1001
ACAD
1010
0
1020
0
1030
0
  0
CIRCLE
  5
a38
330
1F
100
AcDbEntity
  8
BottomSolderMaskLayer
100
AcDbCircle
 10
87.78409956819928
 20
9.739014478028935
 30
0.0
 40
0.4130257094941141
0
HATCH
5
a3e
100
AcDbEntity
8
BottomSolderMaskLayer
100
AcDbHatch
10
0
20
0
30
0
210
0
220
0
230
1
2
SOLID
70
1
71
0
91
1
92
7
72
1
73
1
93
4
10
88.0112663311395
20
10.544411988823956
42
-0.7853981633974483
10
88.0112663311395
20
8.933616967233913
42
0
10
87.5569328052593
20
8.933616967233913
42
-0.7853981633974483
10
87.5569328052593
20
10.544411988823956
42
0
97
1
330

75
0
76
1
47
0.4128176842155181
98
1
10
34.90568961886538
20
22.81183545379326
450
0
451
0
460
0
461
0
452
1
462
1
453
2
463
0
63
5
421
255
463
1
63
7
421
16777215
470
LINEAR
1001
ACAD
1010
0
1020
0
1030
0
  0
CIRCLE
  5
a3f
330
1F
100
AcDbEntity
  8
Multi-Layer
100
AcDbCircle
 10
87.78409956819928
 20
9.739014478028935
 30
0.0
 40
0.4
0
HATCH
5
a45
100
AcDbEntity
8
Multi-Layer
100
AcDbHatch
10
0
20
0
30
0
210
0
220
0
230
1
2
SOLID
70
1
71
0
91
1
92
7
72
1
73
1
93
4
10
88.0041021082045
20
10.519011938023855
42
-0.7853981633974483
10
88.0041021082045
20
8.959017018034015
42
0
10
87.56409702819428
20
8.959017018034015
42
-0.7853981633974483
10
87.56409702819428
20
10.519011938023855
42
0
97
1
330

75
0
76
1
47
0.4128176842155181
98
1
10
34.90568961886538
20
22.81183545379326
450
0
451
0
460
0
461
0
452
1
462
1
453
2
463
0
63
5
421
255
463
1
63
7
421
16777215
470
LINEAR
1001
ACAD
1010
0
1020
0
1030
0
  0
CIRCLE
  5
a46
330
1F
100
AcDbEntity
  8
TopSolderMaskLayer
100
AcDbCircle
 10
87.78409956819928
 20
12.279019558039067
 30
0.0
 40
0.4130257094941141
0
HATCH
5
a4c
100
AcDbEntity
8
TopSolderMaskLayer
100
AcDbHatch
10
0
20
0
30
0
210
0
220
0
230
1
2
SOLID
70
1
71
0
91
1
92
7
72
1
73
1
93
4
10
88.0112663311395
20
13.084417068834089
42
-0.7853981633974483
10
88.0112663311395
20
11.473622047244046
42
0
10
87.5569328052593
20
11.473622047244046
42
-0.7853981633974483
10
87.5569328052593
20
13.084417068834089
42
0
97
1
330

75
0
76
1
47
0.4128176842155181
98
1
10
34.90568961886538
20
22.81183545379326
450
0
451
0
460
0
461
0
452
1
462
1
453
2
463
0
63
5
421
255
463
1
63
7
421
16777215
470
LINEAR
1001
ACAD
1010
0
1020
0
1030
0
  0
CIRCLE
  5
a4d
330
1F
100
AcDbEntity
  8
BottomSolderMaskLayer
100
AcDbCircle
 10
87.78409956819928
 20
12.279019558039067
 30
0.0
 40
0.4130257094941141
0
HATCH
5
a53
100
AcDbEntity
8
BottomSolderMaskLayer
100
AcDbHatch
10
0
20
0
30
0
210
0
220
0
230
1
2
SOLID
70
1
71
0
91
1
92
7
72
1
73
1
93
4
10
88.0112663311395
20
13.084417068834089
42
-0.7853981633974483
10
88.0112663311395
20
11.473622047244046
42
0
10
87.5569328052593
20
11.473622047244046
42
-0.7853981633974483
10
87.5569328052593
20
13.084417068834089
42
0
97
1
330

75
0
76
1
47
0.4128176842155181
98
1
10
34.90568961886538
20
22.81183545379326
450
0
451
0
460
0
461
0
452
1
462
1
453
2
463
0
63
5
421
255
463
1
63
7
421
16777215
470
LINEAR
1001
ACAD
1010
0
1020
0
1030
0
  0
CIRCLE
  5
a54
330
1F
100
AcDbEntity
  8
Multi-Layer
100
AcDbCircle
 10
87.78409956819928
 20
12.279019558039067
 30
0.0
 40
0.4
0
HATCH
5
a5a
100
AcDbEntity
8
Multi-Layer
100
AcDbHatch
10
0
20
0
30
0
210
0
220
0
230
1
2
SOLID
70
1
71
0
91
1
92
7
72
1
73
1
93
4
10
88.0041021082045
20
13.059017018033988
42
-0.7853981633974483
10
88.0041021082045
20
11.499022098044147
42
0
10
87.56409702819428
20
11.499022098044147
42
-0.7853981633974483
10
87.56409702819428
20
13.059017018033988
42
0
97
1
330

75
0
76
1
47
0.4128176842155181
98
1
10
34.90568961886538
20
22.81183545379326
450
0
451
0
460
0
461
0
452
1
462
1
453
2
463
0
63
5
421
255
463
1
63
7
421
16777215
470
LINEAR
1001
ACAD
1010
0
1020
0
1030
0
  0
CIRCLE
  5
a5b
330
1F
100
AcDbEntity
  8
TopSolderMaskLayer
100
AcDbCircle
 10
87.78409956819928
 20
14.819024638049314
 30
0.0
 40
0.4130257094941141
0
HATCH
5
a61
100
AcDbEntity
8
TopSolderMaskLayer
100
AcDbHatch
10
0
20
0
30
0
210
0
220
0
230
1
2
SOLID
70
1
71
0
91
1
92
7
72
1
73
1
93
4
10
88.0112663311395
20
15.624422148844335
42
-0.7853981633974483
10
88.0112663311395
20
14.013627127254292
42
0
10
87.5569328052593
20
14.013627127254292
42
-0.7853981633974483
10
87.5569328052593
20
15.624422148844335
42
0
97
1
330

75
0
76
1
47
0.4128176842155181
98
1
10
34.90568961886538
20
22.81183545379326
450
0
451
0
460
0
461
0
452
1
462
1
453
2
463
0
63
5
421
255
463
1
63
7
421
16777215
470
LINEAR
1001
ACAD
1010
0
1020
0
1030
0
  0
CIRCLE
  5
a62
330
1F
100
AcDbEntity
  8
BottomSolderMaskLayer
100
AcDbCircle
 10
87.78409956819928
 20
14.819024638049314
 30
0.0
 40
0.4130257094941141
0
HATCH
5
a68
100
AcDbEntity
8
BottomSolderMaskLayer
100
AcDbHatch
10
0
20
0
30
0
210
0
220
0
230
1
2
SOLID
70
1
71
0
91
1
92
7
72
1
73
1
93
4
10
88.0112663311395
20
15.624422148844335
42
-0.7853981633974483
10
88.0112663311395
20
14.013627127254292
42
0
10
87.5569328052593
20
14.013627127254292
42
-0.7853981633974483
10
87.5569328052593
20
15.624422148844335
42
0
97
1
330

75
0
76
1
47
0.4128176842155181
98
1
10
34.90568961886538
20
22.81183545379326
450
0
451
0
460
0
461
0
452
1
462
1
453
2
463
0
63
5
421
255
463
1
63
7
421
16777215
470
LINEAR
1001
ACAD
1010
0
1020
0
1030
0
  0
CIRCLE
  5
a69
330
1F
100
AcDbEntity
  8
Multi-Layer
100
AcDbCircle
 10
87.78409956819928
 20
14.819024638049314
 30
0.0
 40
0.4
0
HATCH
5
a6f
100
AcDbEntity
8
Multi-Layer
100
AcDbHatch
10
0
20
0
30
0
210
0
220
0
230
1
2
SOLID
70
1
71
0
91
1
92
7
72
1
73
1
93
4
10
88.0041021082045
20
15.599022098044234
42
-0.7853981633974483
10
88.0041021082045
20
14.039027178054393
42
0
10
87.56409702819428
20
14.039027178054393
42
-0.7853981633974483
10
87.56409702819428
20
15.599022098044234
42
0
97
1
330

75
0
76
1
47
0.4128176842155181
98
1
10
34.90568961886538
20
22.81183545379326
450
0
451
0
460
0
461
0
452
1
462
1
453
2
463
0
63
5
421
255
463
1
63
7
421
16777215
470
LINEAR
1001
ACAD
1010
0
1020
0
1030
0
  0
CIRCLE
  5
a70
330
1F
100
AcDbEntity
  8
TopSolderMaskLayer
100
AcDbCircle
 10
15.012954025908357
 20
60.539116078232155
 30
0.0
 40
0.41282381099695525
0
HATCH
5
a76
100
AcDbEntity
8
TopSolderMaskLayer
100
AcDbHatch
10
0
20
0
30
0
210
0
220
0
230
1
2
SOLID
70
1
71
0
91
1
92
7
72
1
73
1
93
4
10
15.817957835915976
20
60.76462007875614
42
-0.7853981633974483
10
14.207950215900738
20
60.76462007875614
42
0
10
14.207950215900738
20
60.31361207770817
42
-0.7853981633974483
10
15.817957835915976
20
60.31361207770817
42
0
97
1
330

75
0
76
1
47
0.4128176842155181
98
1
10
34.90568961886538
20
22.81183545379326
450
0
451
0
460
0
461
0
452
1
462
1
453
2
463
0
63
5
421
255
463
1
63
7
421
16777215
470
LINEAR
1001
ACAD
1010
0
1020
0
1030
0
  0
CIRCLE
  5
a77
330
1F
100
AcDbEntity
  8
BottomSolderMaskLayer
100
AcDbCircle
 10
15.012954025908357
 20
60.539116078232155
 30
0.0
 40
0.41282381099695525
0
HATCH
5
a7d
100
AcDbEntity
8
BottomSolderMaskLayer
100
AcDbHatch
10
0
20
0
30
0
210
0
220
0
230
1
2
SOLID
70
1
71
0
91
1
92
7
72
1
73
1
93
4
10
15.817957835915976
20
60.76462007875614
42
-0.7853981633974483
10
14.207950215900738
20
60.76462007875614
42
0
10
14.207950215900738
20
60.31361207770817
42
-0.7853981633974483
10
15.817957835915976
20
60.31361207770817
42
0
97
1
330

75
0
76
1
47
0.4128176842155181
98
1
10
34.90568961886538
20
22.81183545379326
450
0
451
0
460
0
461
0
452
1
462
1
453
2
463
0
63
5
421
255
463
1
63
7
421
16777215
470
LINEAR
1001
ACAD
1010
0
1020
0
1030
0
  0
CIRCLE
  5
a7e
330
1F
100
AcDbEntity
  8
Multi-Layer
100
AcDbCircle
 10
15.012954025908357
 20
60.539116078232155
 30
0.0
 40
0.4
0
HATCH
5
a84
100
AcDbEntity
8
Multi-Layer
100
AcDbHatch
10
0
20
0
30
0
210
0
220
0
230
1
2
SOLID
70
1
71
0
91
1
92
7
72
1
73
1
93
4
10
15.792951485903277
20
60.75911861823715
42
-0.7853981633974483
10
14.232956565913437
20
60.75911861823715
42
0
10
14.232956565913437
20
60.31911353822716
42
-0.7853981633974483
10
15.792951485903277
20
60.31911353822716
42
0
97
1
330

75
0
76
1
47
0.4128176842155181
98
1
10
34.90568961886538
20
22.81183545379326
450
0
451
0
460
0
461
0
452
1
462
1
453
2
463
0
63
5
421
255
463
1
63
7
421
16777215
470
LINEAR
1001
ACAD
1010
0
1020
0
1030
0
  0
CIRCLE
  5
a85
330
1F
100
AcDbEntity
  8
TopSolderMaskLayer
100
AcDbCircle
 10
17.55295910591849
 20
60.539116078232155
 30
0.0
 40
0.41282381099695525
0
HATCH
5
a8b
100
AcDbEntity
8
TopSolderMaskLayer
100
AcDbHatch
10
0
20
0
30
0
210
0
220
0
230
1
2
SOLID
70
1
71
0
91
1
92
7
72
1
73
1
93
4
10
18.35796291592611
20
60.76462007875614
42
-0.7853981633974483
10
16.74795529591087
20
60.76462007875614
42
0
10
16.74795529591087
20
60.31361207770817
42
-0.7853981633974483
10
18.35796291592611
20
60.31361207770817
42
0
97
1
330

75
0
76
1
47
0.4128176842155181
98
1
10
34.90568961886538
20
22.81183545379326
450
0
451
0
460
0
461
0
452
1
462
1
453
2
463
0
63
5
421
255
463
1
63
7
421
16777215
470
LINEAR
1001
ACAD
1010
0
1020
0
1030
0
  0
CIRCLE
  5
a8c
330
1F
100
AcDbEntity
  8
BottomSolderMaskLayer
100
AcDbCircle
 10
17.55295910591849
 20
60.539116078232155
 30
0.0
 40
0.41282381099695525
0
HATCH
5
a92
100
AcDbEntity
8
BottomSolderMaskLayer
100
AcDbHatch
10
0
20
0
30
0
210
0
220
0
230
1
2
SOLID
70
1
71
0
91
1
92
7
72
1
73
1
93
4
10
18.35796291592611
20
60.76462007875614
42
-0.7853981633974483
10
16.74795529591087
20
60.76462007875614
42
0
10
16.74795529591087
20
60.31361207770817
42
-0.7853981633974483
10
18.35796291592611
20
60.31361207770817
42
0
97
1
330

75
0
76
1
47
0.4128176842155181
98
1
10
34.90568961886538
20
22.81183545379326
450
0
451
0
460
0
461
0
452
1
462
1
453
2
463
0
63
5
421
255
463
1
63
7
421
16777215
470
LINEAR
1001
ACAD
1010
0
1020
0
1030
0
  0
CIRCLE
  5
a93
330
1F
100
AcDbEntity
  8
Multi-Layer
100
AcDbCircle
 10
17.55295910591849
 20
60.539116078232155
 30
0.0
 40
0.4
0
HATCH
5
a99
100
AcDbEntity
8
Multi-Layer
100
AcDbHatch
10
0
20
0
30
0
210
0
220
0
230
1
2
SOLID
70
1
71
0
91
1
92
7
72
1
73
1
93
4
10
18.33295656591341
20
60.75911861823715
42
-0.7853981633974483
10
16.77296164592357
20
60.75911861823715
42
0
10
16.77296164592357
20
60.31911353822716
42
-0.7853981633974483
10
18.33295656591341
20
60.31911353822716
42
0
97
1
330

75
0
76
1
47
0.4128176842155181
98
1
10
34.90568961886538
20
22.81183545379326
450
0
451
0
460
0
461
0
452
1
462
1
453
2
463
0
63
5
421
255
463
1
63
7
421
16777215
470
LINEAR
1001
ACAD
1010
0
1020
0
1030
0
  0
CIRCLE
  5
a9a
330
1F
100
AcDbEntity
  8
TopSolderMaskLayer
100
AcDbCircle
 10
20.092964185928622
 20
60.539116078232155
 30
0.0
 40
0.41282381099695525
0
HATCH
5
aa0
100
AcDbEntity
8
TopSolderMaskLayer
100
AcDbHatch
10
0
20
0
30
0
210
0
220
0
230
1
2
SOLID
70
1
71
0
91
1
92
7
72
1
73
1
93
4
10
20.89796799593624
20
60.76462007875614
42
-0.7853981633974483
10
19.287960375921003
20
60.76462007875614
42
0
10
19.287960375921003
20
60.31361207770817
42
-0.7853981633974483
10
20.89796799593624
20
60.31361207770817
42
0
97
1
330

75
0
76
1
47
0.4128176842155181
98
1
10
34.90568961886538
20
22.81183545379326
450
0
451
0
460
0
461
0
452
1
462
1
453
2
463
0
63
5
421
255
463
1
63
7
421
16777215
470
LINEAR
1001
ACAD
1010
0
1020
0
1030
0
  0
CIRCLE
  5
aa1
330
1F
100
AcDbEntity
  8
BottomSolderMaskLayer
100
AcDbCircle
 10
20.092964185928622
 20
60.539116078232155
 30
0.0
 40
0.41282381099695525
0
HATCH
5
aa7
100
AcDbEntity
8
BottomSolderMaskLayer
100
AcDbHatch
10
0
20
0
30
0
210
0
220
0
230
1
2
SOLID
70
1
71
0
91
1
92
7
72
1
73
1
93
4
10
20.89796799593624
20
60.76462007875614
42
-0.7853981633974483
10
19.287960375921003
20
60.76462007875614
42
0
10
19.287960375921003
20
60.31361207770817
42
-0.7853981633974483
10
20.89796799593624
20
60.31361207770817
42
0
97
1
330

75
0
76
1
47
0.4128176842155181
98
1
10
34.90568961886538
20
22.81183545379326
450
0
451
0
460
0
461
0
452
1
462
1
453
2
463
0
63
5
421
255
463
1
63
7
421
16777215
470
LINEAR
1001
ACAD
1010
0
1020
0
1030
0
  0
CIRCLE
  5
aa8
330
1F
100
AcDbEntity
  8
Multi-Layer
100
AcDbCircle
 10
20.092964185928622
 20
60.539116078232155
 30
0.0
 40
0.4
0
HATCH
5
aae
100
AcDbEntity
8
Multi-Layer
100
AcDbHatch
10
0
20
0
30
0
210
0
220
0
230
1
2
SOLID
70
1
71
0
91
1
92
7
72
1
73
1
93
4
10
20.872961645923542
20
60.75911861823715
42
-0.7853981633974483
10
19.312966725933702
20
60.75911861823715
42
0
10
19.312966725933702
20
60.31911353822716
42
-0.7853981633974483
10
20.872961645923542
20
60.31911353822716
42
0
97
1
330

75
0
76
1
47
0.4128176842155181
98
1
10
34.90568961886538
20
22.81183545379326
450
0
451
0
460
0
461
0
452
1
462
1
453
2
463
0
63
5
421
255
463
1
63
7
421
16777215
470
LINEAR
1001
ACAD
1010
0
1020
0
1030
0
  0
CIRCLE
  5
aaf
330
1F
100
AcDbEntity
  8
TopSolderMaskLayer
100
AcDbCircle
 10
22.632969265938755
 20
60.539116078232155
 30
0.0
 40
0.41282381099695525
0
HATCH
5
ab5
100
AcDbEntity
8
TopSolderMaskLayer
100
AcDbHatch
10
0
20
0
30
0
210
0
220
0
230
1
2
SOLID
70
1
71
0
91
1
92
7
72
1
73
1
93
4
10
23.437973075946374
20
60.76462007875614
42
-0.7853981633974483
10
21.827965455931135
20
60.76462007875614
42
0
10
21.827965455931135
20
60.31361207770817
42
-0.7853981633974483
10
23.437973075946374
20
60.31361207770817
42
0
97
1
330

75
0
76
1
47
0.4128176842155181
98
1
10
34.90568961886538
20
22.81183545379326
450
0
451
0
460
0
461
0
452
1
462
1
453
2
463
0
63
5
421
255
463
1
63
7
421
16777215
470
LINEAR
1001
ACAD
1010
0
1020
0
1030
0
  0
CIRCLE
  5
ab6
330
1F
100
AcDbEntity
  8
BottomSolderMaskLayer
100
AcDbCircle
 10
22.632969265938755
 20
60.539116078232155
 30
0.0
 40
0.41282381099695525
0
HATCH
5
abc
100
AcDbEntity
8
BottomSolderMaskLayer
100
AcDbHatch
10
0
20
0
30
0
210
0
220
0
230
1
2
SOLID
70
1
71
0
91
1
92
7
72
1
73
1
93
4
10
23.437973075946374
20
60.76462007875614
42
-0.7853981633974483
10
21.827965455931135
20
60.76462007875614
42
0
10
21.827965455931135
20
60.31361207770817
42
-0.7853981633974483
10
23.437973075946374
20
60.31361207770817
42
0
97
1
330

75
0
76
1
47
0.4128176842155181
98
1
10
34.90568961886538
20
22.81183545379326
450
0
451
0
460
0
461
0
452
1
462
1
453
2
463
0
63
5
421
255
463
1
63
7
421
16777215
470
LINEAR
1001
ACAD
1010
0
1020
0
1030
0
  0
CIRCLE
  5
abd
330
1F
100
AcDbEntity
  8
Multi-Layer
100
AcDbCircle
 10
22.632969265938755
 20
60.539116078232155
 30
0.0
 40
0.4
0
HATCH
5
ac3
100
AcDbEntity
8
Multi-Layer
100
AcDbHatch
10
0
20
0
30
0
210
0
220
0
230
1
2
SOLID
70
1
71
0
91
1
92
7
72
1
73
1
93
4
10
23.412966725933675
20
60.75911861823715
42
-0.7853981633974483
10
21.852971805943834
20
60.75911861823715
42
0
10
21.852971805943834
20
60.31911353822716
42
-0.7853981633974483
10
23.412966725933675
20
60.31911353822716
42
0
97
1
330

75
0
76
1
47
0.4128176842155181
98
1
10
34.90568961886538
20
22.81183545379326
450
0
451
0
460
0
461
0
452
1
462
1
453
2
463
0
63
5
421
255
463
1
63
7
421
16777215
470
LINEAR
1001
ACAD
1010
0
1020
0
1030
0
  0
CIRCLE
  5
af1
330
1F
100
AcDbEntity
  8
TopSolderMaskLayer
100
AcDbCircle
 10
113.24025908051817
 20
66.50812801625602
 30
0.0
 40
0.4092363821091278
0
HATCH
5
af3
100
AcDbEntity
8
TopSolderMaskLayer
100
AcDbHatch
10
0
20
0
30
0
210
0
220
0
230
1
2
SOLID
70
1
71
0
91
1
92
7
72
0
73
1
93
4
10
112.11475449695808
20
67.63352806705609
10
114.36555459855822
20
67.63352806705609
10
114.36555459855822
20
65.38272796545596
10
112.11475449695808
20
65.38272796545596
97
1
330

75
0
76
1
47
0.4128176842155181
98
1
10
34.90568961886538
20
22.81183545379326
450
0
451
0
460
0
461
0
452
1
462
1
453
2
463
0
63
5
421
255
463
1
63
7
421
16777215
470
LINEAR
1001
ACAD
1010
0
1020
0
1030
0
  0
CIRCLE
  5
af4
330
1F
100
AcDbEntity
  8
BottomSolderMaskLayer
100
AcDbCircle
 10
113.24025908051817
 20
66.50812801625602
 30
0.0
 40
0.4092363821091278
0
HATCH
5
af6
100
AcDbEntity
8
BottomSolderMaskLayer
100
AcDbHatch
10
0
20
0
30
0
210
0
220
0
230
1
2
SOLID
70
1
71
0
91
1
92
7
72
0
73
1
93
4
10
112.11475449695808
20
67.63352806705609
10
114.36555459855822
20
67.63352806705609
10
114.36555459855822
20
65.38272796545596
10
112.11475449695808
20
65.38272796545596
97
1
330

75
0
76
1
47
0.4128176842155181
98
1
10
34.90568961886538
20
22.81183545379326
450
0
451
0
460
0
461
0
452
1
462
1
453
2
463
0
63
5
421
255
463
1
63
7
421
16777215
470
LINEAR
1001
ACAD
1010
0
1020
0
1030
0
  0
CIRCLE
  5
af7
330
1F
100
AcDbEntity
  8
Multi-Layer
100
AcDbCircle
 10
113.24025908051817
 20
66.50812801625602
 30
0.0
 40
0.4
0
HATCH
5
af9
100
AcDbEntity
8
Multi-Layer
100
AcDbHatch
10
0
20
0
30
0
210
0
220
0
230
1
2
SOLID
70
1
71
0
91
1
92
7
72
0
73
1
93
4
10
112.14015748031511
20
67.60812801625605
10
114.34015748031516
20
67.60812801625605
10
114.34015748031516
20
65.408128016256
10
112.14015748031511
20
65.408128016256
97
1
330

75
0
76
1
47
0.4128176842155181
98
1
10
34.90568961886538
20
22.81183545379326
450
0
451
0
460
0
461
0
452
1
462
1
453
2
463
0
63
5
421
255
463
1
63
7
421
16777215
470
LINEAR
1001
ACAD
1010
0
1020
0
1030
0
  0
CIRCLE
  5
b0c
330
1F
100
AcDbEntity
  8
TopSolderMaskLayer
100
AcDbCircle
 10
74.06807213614456
 20
34.37706375412745
 30
0.0
 40
0.4145190562613431
0
HATCH
5
b0e
100
AcDbEntity
8
TopSolderMaskLayer
100
AcDbHatch
10
0
20
0
30
0
210
0
220
0
230
1
2
SOLID
70
1
71
0
91
1
92
7
72
0
73
1
93
4
10
73.3429006858014
20
35.10223520447039
10
74.79324358648728
20
35.10223520447039
10
74.79324358648728
20
33.65189230378462
10
73.3429006858014
20
33.65189230378462
97
1
330

75
0
76
1
47
0.4128176842155181
98
1
10
34.90568961886538
20
22.81183545379326
450
0
451
0
460
0
461
0
452
1
462
1
453
2
463
0
63
5
421
255
463
1
63
7
421
16777215
470
LINEAR
1001
ACAD
1010
0
1020
0
1030
0
  0
CIRCLE
  5
b0f
330
1F
100
AcDbEntity
  8
BottomSolderMaskLayer
100
AcDbCircle
 10
74.06807213614456
 20
34.37706375412745
 30
0.0
 40
0.4145190562613431
0
HATCH
5
b11
100
AcDbEntity
8
BottomSolderMaskLayer
100
AcDbHatch
10
0
20
0
30
0
210
0
220
0
230
1
2
SOLID
70
1
71
0
91
1
92
7
72
0
73
1
93
4
10
73.3429006858014
20
35.10223520447039
10
74.79324358648728
20
35.10223520447039
10
74.79324358648728
20
33.65189230378462
10
73.3429006858014
20
33.65189230378462
97
1
330

75
0
76
1
47
0.4128176842155181
98
1
10
34.90568961886538
20
22.81183545379326
450
0
451
0
460
0
461
0
452
1
462
1
453
2
463
0
63
5
421
255
463
1
63
7
421
16777215
470
LINEAR
1001
ACAD
1010
0
1020
0
1030
0
  0
CIRCLE
  5
b12
330
1F
100
AcDbEntity
  8
Multi-Layer
100
AcDbCircle
 10
74.06807213614456
 20
34.37706375412745
 30
0.0
 40
0.4
0
HATCH
5
b14
100
AcDbEntity
8
Multi-Layer
100
AcDbHatch
10
0
20
0
30
0
210
0
220
0
230
1
2
SOLID
70
1
71
0
91
1
92
7
72
0
73
1
93
4
10
73.36830073660167
20
35.076835153670345
10
74.767843535687
20
35.076835153670345
10
74.767843535687
20
33.677292354584665
10
73.36830073660167
20
33.677292354584665
97
1
330

75
0
76
1
47
0.4128176842155181
98
1
10
34.90568961886538
20
22.81183545379326
450
0
451
0
460
0
461
0
452
1
462
1
453
2
463
0
63
5
421
255
463
1
63
7
421
16777215
470
LINEAR
1001
ACAD
1010
0
1020
0
1030
0
  0
CIRCLE
  5
b15
330
1F
100
AcDbEntity
  8
TopSolderMaskLayer
100
AcDbCircle
 10
74.06807213614456
 20
31.837058674117316
 30
0.0
 40
0.4101600203200406
0
HATCH
5
b1b
100
AcDbEntity
8
TopSolderMaskLayer
100
AcDbHatch
10
0
20
0
30
0
210
0
220
0
230
1
2
SOLID
70
1
71
0
91
1
92
7
72
1
73
1
93
4
10
73.84248152044711
20
31.031661163322294
42
-0.7853981633974483
10
73.84248152044711
20
32.64245618491234
42
0
10
74.29366275184202
20
32.64245618491234
42
-0.7853981633974483
10
74.29366275184202
20
31.031661163322294
42
0
97
1
330

75
0
76
1
47
0.4128176842155181
98
1
10
34.90568961886538
20
22.81183545379326
450
0
451
0
460
0
461
0
452
1
462
1
453
2
463
0
63
5
421
255
463
1
63
7
421
16777215
470
LINEAR
1001
ACAD
1010
0
1020
0
1030
0
  0
CIRCLE
  5
b1c
330
1F
100
AcDbEntity
  8
BottomSolderMaskLayer
100
AcDbCircle
 10
74.06807213614456
 20
31.837058674117316
 30
0.0
 40
0.4101600203200406
0
HATCH
5
b22
100
AcDbEntity
8
BottomSolderMaskLayer
100
AcDbHatch
10
0
20
0
30
0
210
0
220
0
230
1
2
SOLID
70
1
71
0
91
1
92
7
72
1
73
1
93
4
10
73.84248152044711
20
31.031661163322294
42
-0.7853981633974483
10
73.84248152044711
20
32.64245618491234
42
0
10
74.29366275184202
20
32.64245618491234
42
-0.7853981633974483
10
74.29366275184202
20
31.031661163322294
42
0
97
1
330

75
0
76
1
47
0.4128176842155181
98
1
10
34.90568961886538
20
22.81183545379326
450
0
451
0
460
0
461
0
452
1
462
1
453
2
463
0
63
5
421
255
463
1
63
7
421
16777215
470
LINEAR
1001
ACAD
1010
0
1020
0
1030
0
  0
CIRCLE
  5
b23
330
1F
100
AcDbEntity
  8
Multi-Layer
100
AcDbCircle
 10
74.06807213614456
 20
31.837058674117316
 30
0.0
 40
0.4
0
HATCH
5
b29
100
AcDbEntity
8
Multi-Layer
100
AcDbHatch
10
0
20
0
30
0
210
0
220
0
230
1
2
SOLID
70
1
71
0
91
1
92
7
72
1
73
1
93
4
10
73.84806959613957
20
31.057061214122395
42
-0.7853981633974483
10
73.84806959613957
20
32.61705613411223
42
0
10
74.28807467614956
20
32.61705613411223
42
-0.7853981633974483
10
74.28807467614956
20
31.057061214122395
42
0
97
1
330

75
0
76
1
47
0.4128176842155181
98
1
10
34.90568961886538
20
22.81183545379326
450
0
451
0
460
0
461
0
452
1
462
1
453
2
463
0
63
5
421
255
463
1
63
7
421
16777215
470
LINEAR
1001
ACAD
1010
0
1020
0
1030
0
  0
CIRCLE
  5
b2a
330
1F
100
AcDbEntity
  8
TopSolderMaskLayer
100
AcDbCircle
 10
74.06807213614456
 20
29.297053594107183
 30
0.0
 40
0.4101600203200406
0
HATCH
5
b30
100
AcDbEntity
8
TopSolderMaskLayer
100
AcDbHatch
10
0
20
0
30
0
210
0
220
0
230
1
2
SOLID
70
1
71
0
91
1
92
7
72
1
73
1
93
4
10
73.84248152044711
20
28.49165608331216
42
-0.7853981633974483
10
73.84248152044711
20
30.102451104902205
42
0
10
74.29366275184202
20
30.102451104902205
42
-0.7853981633974483
10
74.29366275184202
20
28.49165608331216
42
0
97
1
330

75
0
76
1
47
0.4128176842155181
98
1
10
34.90568961886538
20
22.81183545379326
450
0
451
0
460
0
461
0
452
1
462
1
453
2
463
0
63
5
421
255
463
1
63
7
421
16777215
470
LINEAR
1001
ACAD
1010
0
1020
0
1030
0
  0
CIRCLE
  5
b31
330
1F
100
AcDbEntity
  8
BottomSolderMaskLayer
100
AcDbCircle
 10
74.06807213614456
 20
29.297053594107183
 30
0.0
 40
0.4101600203200406
0
HATCH
5
b37
100
AcDbEntity
8
BottomSolderMaskLayer
100
AcDbHatch
10
0
20
0
30
0
210
0
220
0
230
1
2
SOLID
70
1
71
0
91
1
92
7
72
1
73
1
93
4
10
73.84248152044711
20
28.49165608331216
42
-0.7853981633974483
10
73.84248152044711
20
30.102451104902205
42
0
10
74.29366275184202
20
30.102451104902205
42
-0.7853981633974483
10
74.29366275184202
20
28.49165608331216
42
0
97
1
330

75
0
76
1
47
0.4128176842155181
98
1
10
34.90568961886538
20
22.81183545379326
450
0
451
0
460
0
461
0
452
1
462
1
453
2
463
0
63
5
421
255
463
1
63
7
421
16777215
470
LINEAR
1001
ACAD
1010
0
1020
0
1030
0
  0
CIRCLE
  5
b38
330
1F
100
AcDbEntity
  8
Multi-Layer
100
AcDbCircle
 10
74.06807213614456
 20
29.297053594107183
 30
0.0
 40
0.4
0
HATCH
5
b3e
100
AcDbEntity
8
Multi-Layer
100
AcDbHatch
10
0
20
0
30
0
210
0
220
0
230
1
2
SOLID
70
1
71
0
91
1
92
7
72
1
73
1
93
4
10
73.84806959613957
20
28.517056134112263
42
-0.7853981633974483
10
73.84806959613957
20
30.077051054102103
42
0
10
74.28807467614956
20
30.077051054102103
42
-0.7853981633974483
10
74.28807467614956
20
28.517056134112263
42
0
97
1
330

75
0
76
1
47
0.4128176842155181
98
1
10
34.90568961886538
20
22.81183545379326
450
0
451
0
460
0
461
0
452
1
462
1
453
2
463
0
63
5
421
255
463
1
63
7
421
16777215
470
LINEAR
1001
ACAD
1010
0
1020
0
1030
0
  0
CIRCLE
  5
b3f
330
1F
100
AcDbEntity
  8
TopSolderMaskLayer
100
AcDbCircle
 10
74.06807213614456
 20
26.75704851409705
 30
0.0
 40
0.4101600203200406
0
HATCH
5
b45
100
AcDbEntity
8
TopSolderMaskLayer
100
AcDbHatch
10
0
20
0
30
0
210
0
220
0
230
1
2
SOLID
70
1
71
0
91
1
92
7
72
1
73
1
93
4
10
73.84248152044711
20
25.95165100330203
42
-0.7853981633974483
10
73.84248152044711
20
27.562446024892072
42
0
10
74.29366275184202
20
27.562446024892072
42
-0.7853981633974483
10
74.29366275184202
20
25.95165100330203
42
0
97
1
330

75
0
76
1
47
0.4128176842155181
98
1
10
34.90568961886538
20
22.81183545379326
450
0
451
0
460
0
461
0
452
1
462
1
453
2
463
0
63
5
421
255
463
1
63
7
421
16777215
470
LINEAR
1001
ACAD
1010
0
1020
0
1030
0
  0
CIRCLE
  5
b46
330
1F
100
AcDbEntity
  8
BottomSolderMaskLayer
100
AcDbCircle
 10
74.06807213614456
 20
26.75704851409705
 30
0.0
 40
0.4101600203200406
0
HATCH
5
b4c
100
AcDbEntity
8
BottomSolderMaskLayer
100
AcDbHatch
10
0
20
0
30
0
210
0
220
0
230
1
2
SOLID
70
1
71
0
91
1
92
7
72
1
73
1
93
4
10
73.84248152044711
20
25.95165100330203
42
-0.7853981633974483
10
73.84248152044711
20
27.562446024892072
42
0
10
74.29366275184202
20
27.562446024892072
42
-0.7853981633974483
10
74.29366275184202
20
25.95165100330203
42
0
97
1
330

75
0
76
1
47
0.4128176842155181
98
1
10
34.90568961886538
20
22.81183545379326
450
0
451
0
460
0
461
0
452
1
462
1
453
2
463
0
63
5
421
255
463
1
63
7
421
16777215
470
LINEAR
1001
ACAD
1010
0
1020
0
1030
0
  0
CIRCLE
  5
b4d
330
1F
100
AcDbEntity
  8
Multi-Layer
100
AcDbCircle
 10
74.06807213614456
 20
26.75704851409705
 30
0.0
 40
0.4
0
HATCH
5
b53
100
AcDbEntity
8
Multi-Layer
100
AcDbHatch
10
0
20
0
30
0
210
0
220
0
230
1
2
SOLID
70
1
71
0
91
1
92
7
72
1
73
1
93
4
10
73.84806959613957
20
25.97705105410213
42
-0.7853981633974483
10
73.84806959613957
20
27.53704597409197
42
0
10
74.28807467614956
20
27.53704597409197
42
-0.7853981633974483
10
74.28807467614956
20
25.97705105410213
42
0
97
1
330

75
0
76
1
47
0.4128176842155181
98
1
10
34.90568961886538
20
22.81183545379326
450
0
451
0
460
0
461
0
452
1
462
1
453
2
463
0
63
5
421
255
463
1
63
7
421
16777215
470
LINEAR
1001
ACAD
1010
0
1020
0
1030
0
  0
CIRCLE
  5
b78
330
1F
100
AcDbEntity
  8
TopSolderMaskLayer
100
AcDbCircle
 10
124.4871729743461
 20
26.630048260096487
 30
0.0
 40
0.4130257094941141
0
HATCH
5
b7e
100
AcDbEntity
8
TopSolderMaskLayer
100
AcDbHatch
10
0
20
0
30
0
210
0
220
0
230
1
2
SOLID
70
1
71
0
91
1
92
7
72
1
73
1
93
4
10
125.29257048514111
20
26.40445764439926
42
-0.7853981633974483
10
123.68177546355108
20
26.40445764439926
42
0
10
123.68177546355108
20
26.85563887579383
42
-0.7853981633974483
10
125.29257048514111
20
26.85563887579383
42
0
97
1
330

75
0
76
1
47
0.4128176842155181
98
1
10
34.90568961886538
20
22.81183545379326
450
0
451
0
460
0
461
0
452
1
462
1
453
2
463
0
63
5
421
255
463
1
63
7
421
16777215
470
LINEAR
1001
ACAD
1010
0
1020
0
1030
0
  0
CIRCLE
  5
b7f
330
1F
100
AcDbEntity
  8
BottomSolderMaskLayer
100
AcDbCircle
 10
124.4871729743461
 20
26.630048260096487
 30
0.0
 40
0.4130257094941141
0
HATCH
5
b85
100
AcDbEntity
8
BottomSolderMaskLayer
100
AcDbHatch
10
0
20
0
30
0
210
0
220
0
230
1
2
SOLID
70
1
71
0
91
1
92
7
72
1
73
1
93
4
10
125.29257048514111
20
26.40445764439926
42
-0.7853981633974483
10
123.68177546355108
20
26.40445764439926
42
0
10
123.68177546355108
20
26.85563887579383
42
-0.7853981633974483
10
125.29257048514111
20
26.85563887579383
42
0
97
1
330

75
0
76
1
47
0.4128176842155181
98
1
10
34.90568961886538
20
22.81183545379326
450
0
451
0
460
0
461
0
452
1
462
1
453
2
463
0
63
5
421
255
463
1
63
7
421
16777215
470
LINEAR
1001
ACAD
1010
0
1020
0
1030
0
  0
CIRCLE
  5
b86
330
1F
100
AcDbEntity
  8
Multi-Layer
100
AcDbCircle
 10
124.4871729743461
 20
26.630048260096487
 30
0.0
 40
0.4
0
HATCH
5
b8c
100
AcDbEntity
8
Multi-Layer
100
AcDbHatch
10
0
20
0
30
0
210
0
220
0
230
1
2
SOLID
70
1
71
0
91
1
92
7
72
1
73
1
93
4
10
125.26717043434101
20
26.41004572009149
42
-0.7853981633974483
10
123.70717551435118
20
26.41004572009149
42
0
10
123.70717551435118
20
26.8500508001016
42
-0.7853981633974483
10
125.26717043434101
20
26.8500508001016
42
0
97
1
330

75
0
76
1
47
0.4128176842155181
98
1
10
34.90568961886538
20
22.81183545379326
450
0
451
0
460
0
461
0
452
1
462
1
453
2
463
0
63
5
421
255
463
1
63
7
421
16777215
470
LINEAR
1001
ACAD
1010
0
1020
0
1030
0
  0
CIRCLE
  5
b8d
330
1F
100
AcDbEntity
  8
TopSolderMaskLayer
100
AcDbCircle
 10
126.90017780035578
 20
26.63284226568453
 30
0.0
 40
0.4130257094941141
0
HATCH
5
b93
100
AcDbEntity
8
TopSolderMaskLayer
100
AcDbHatch
10
0
20
0
30
0
210
0
220
0
230
1
2
SOLID
70
1
71
0
91
1
92
7
72
1
73
1
93
4
10
127.7055753111508
20
26.407251649987188
42
-0.7853981633974483
10
126.09478028956076
20
26.407251649987188
42
0
10
126.09478028956076
20
26.85843288138176
42
-0.7853981633974483
10
127.7055753111508
20
26.85843288138176
42
0
97
1
330

75
0
76
1
47
0.4128176842155181
98
1
10
34.90568961886538
20
22.81183545379326
450
0
451
0
460
0
461
0
452
1
462
1
453
2
463
0
63
5
421
255
463
1
63
7
421
16777215
470
LINEAR
1001
ACAD
1010
0
1020
0
1030
0
  0
CIRCLE
  5
b94
330
1F
100
AcDbEntity
  8
BottomSolderMaskLayer
100
AcDbCircle
 10
126.90017780035578
 20
26.63284226568453
 30
0.0
 40
0.4130257094941141
0
HATCH
5
b9a
100
AcDbEntity
8
BottomSolderMaskLayer
100
AcDbHatch
10
0
20
0
30
0
210
0
220
0
230
1
2
SOLID
70
1
71
0
91
1
92
7
72
1
73
1
93
4
10
127.7055753111508
20
26.407251649987188
42
-0.7853981633974483
10
126.09478028956076
20
26.407251649987188
42
0
10
126.09478028956076
20
26.85843288138176
42
-0.7853981633974483
10
127.7055753111508
20
26.85843288138176
42
0
97
1
330

75
0
76
1
47
0.4128176842155181
98
1
10
34.90568961886538
20
22.81183545379326
450
0
451
0
460
0
461
0
452
1
462
1
453
2
463
0
63
5
421
255
463
1
63
7
421
16777215
470
LINEAR
1001
ACAD
1010
0
1020
0
1030
0
  0
CIRCLE
  5
b9b
330
1F
100
AcDbEntity
  8
Multi-Layer
100
AcDbCircle
 10
126.90017780035578
 20
26.63284226568453
 30
0.0
 40
0.4
0
HATCH
5
ba1
100
AcDbEntity
8
Multi-Layer
100
AcDbHatch
10
0
20
0
30
0
210
0
220
0
230
1
2
SOLID
70
1
71
0
91
1
92
7
72
1
73
1
93
4
10
127.6801752603507
20
26.412839725679532
42
-0.7853981633974483
10
126.12018034036086
20
26.412839725679532
42
0
10
126.12018034036086
20
26.85284480568953
42
-0.7853981633974483
10
127.6801752603507
20
26.85284480568953
42
0
97
1
330

75
0
76
1
47
0.4128176842155181
98
1
10
34.90568961886538
20
22.81183545379326
450
0
451
0
460
0
461
0
452
1
462
1
453
2
463
0
63
5
421
255
463
1
63
7
421
16777215
470
LINEAR
1001
ACAD
1010
0
1020
0
1030
0
  0
CIRCLE
  5
ba2
330
1F
100
AcDbEntity
  8
TopSolderMaskLayer
100
AcDbCircle
 10
129.4401828803659
 20
26.630048260096487
 30
0.0
 40
0.4130257094941141
0
HATCH
5
ba8
100
AcDbEntity
8
TopSolderMaskLayer
100
AcDbHatch
10
0
20
0
30
0
210
0
220
0
230
1
2
SOLID
70
1
71
0
91
1
92
7
72
1
73
1
93
4
10
130.24558039116093
20
26.40445764439926
42
-0.7853981633974483
10
128.6347853695709
20
26.40445764439926
42
0
10
128.6347853695709
20
26.85563887579383
42
-0.7853981633974483
10
130.24558039116093
20
26.85563887579383
42
0
97
1
330

75
0
76
1
47
0.4128176842155181
98
1
10
34.90568961886538
20
22.81183545379326
450
0
451
0
460
0
461
0
452
1
462
1
453
2
463
0
63
5
421
255
463
1
63
7
421
16777215
470
LINEAR
1001
ACAD
1010
0
1020
0
1030
0
  0
CIRCLE
  5
ba9
330
1F
100
AcDbEntity
  8
BottomSolderMaskLayer
100
AcDbCircle
 10
129.4401828803659
 20
26.630048260096487
 30
0.0
 40
0.4130257094941141
0
HATCH
5
baf
100
AcDbEntity
8
BottomSolderMaskLayer
100
AcDbHatch
10
0
20
0
30
0
210
0
220
0
230
1
2
SOLID
70
1
71
0
91
1
92
7
72
1
73
1
93
4
10
130.24558039116093
20
26.40445764439926
42
-0.7853981633974483
10
128.6347853695709
20
26.40445764439926
42
0
10
128.6347853695709
20
26.85563887579383
42
-0.7853981633974483
10
130.24558039116093
20
26.85563887579383
42
0
97
1
330

75
0
76
1
47
0.4128176842155181
98
1
10
34.90568961886538
20
22.81183545379326
450
0
451
0
460
0
461
0
452
1
462
1
453
2
463
0
63
5
421
255
463
1
63
7
421
16777215
470
LINEAR
1001
ACAD
1010
0
1020
0
1030
0
  0
CIRCLE
  5
bb0
330
1F
100
AcDbEntity
  8
Multi-Layer
100
AcDbCircle
 10
129.4401828803659
 20
26.630048260096487
 30
0.0
 40
0.4
0
HATCH
5
bb6
100
AcDbEntity
8
Multi-Layer
100
AcDbHatch
10
0
20
0
30
0
210
0
220
0
230
1
2
SOLID
70
1
71
0
91
1
92
7
72
1
73
1
93
4
10
130.22018034036083
20
26.41004572009149
42
-0.7853981633974483
10
128.660185420371
20
26.41004572009149
42
0
10
128.660185420371
20
26.8500508001016
42
-0.7853981633974483
10
130.22018034036083
20
26.8500508001016
42
0
97
1
330

75
0
76
1
47
0.4128176842155181
98
1
10
34.90568961886538
20
22.81183545379326
450
0
451
0
460
0
461
0
452
1
462
1
453
2
463
0
63
5
421
255
463
1
63
7
421
16777215
470
LINEAR
1001
ACAD
1010
0
1020
0
1030
0
  0
CIRCLE
  5
bb7
330
1F
100
AcDbEntity
  8
TopSolderMaskLayer
100
AcDbCircle
 10
116.35915671831367
 20
35.1390652781306
 30
0.0
 40
0.4130257094941141
0
HATCH
5
bbd
100
AcDbEntity
8
TopSolderMaskLayer
100
AcDbHatch
10
0
20
0
30
0
210
0
220
0
230
1
2
SOLID
70
1
71
0
91
1
92
7
72
1
73
1
93
4
10
117.16455422910869
20
34.91347466243326
42
-0.7853981633974483
10
115.55375920751865
20
34.91347466243326
42
0
10
115.55375920751865
20
35.36465589382783
42
-0.7853981633974483
10
117.16455422910869
20
35.36465589382783
42
0
97
1
330

75
0
76
1
47
0.4128176842155181
98
1
10
34.90568961886538
20
22.81183545379326
450
0
451
0
460
0
461
0
452
1
462
1
453
2
463
0
63
5
421
255
463
1
63
7
421
16777215
470
LINEAR
1001
ACAD
1010
0
1020
0
1030
0
  0
CIRCLE
  5
bbe
330
1F
100
AcDbEntity
  8
BottomSolderMaskLayer
100
AcDbCircle
 10
116.35915671831367
 20
35.1390652781306
 30
0.0
 40
0.4130257094941141
0
HATCH
5
bc4
100
AcDbEntity
8
BottomSolderMaskLayer
100
AcDbHatch
10
0
20
0
30
0
210
0
220
0
230
1
2
SOLID
70
1
71
0
91
1
92
7
72
1
73
1
93
4
10
117.16455422910869
20
34.91347466243326
42
-0.7853981633974483
10
115.55375920751865
20
34.91347466243326
42
0
10
115.55375920751865
20
35.36465589382783
42
-0.7853981633974483
10
117.16455422910869
20
35.36465589382783
42
0
97
1
330

75
0
76
1
47
0.4128176842155181
98
1
10
34.90568961886538
20
22.81183545379326
450
0
451
0
460
0
461
0
452
1
462
1
453
2
463
0
63
5
421
255
463
1
63
7
421
16777215
470
LINEAR
1001
ACAD
1010
0
1020
0
1030
0
  0
CIRCLE
  5
bc5
330
1F
100
AcDbEntity
  8
Multi-Layer
100
AcDbCircle
 10
116.35915671831367
 20
35.1390652781306
 30
0.0
 40
0.4
0
HATCH
5
bcb
100
AcDbEntity
8
Multi-Layer
100
AcDbHatch
10
0
20
0
30
0
210
0
220
0
230
1
2
SOLID
70
1
71
0
91
1
92
7
72
1
73
1
93
4
10
117.13915417830859
20
34.91906273812549
42
-0.7853981633974483
10
115.57915925831875
20
34.91906273812549
42
0
10
115.57915925831875
20
35.3590678181356
42
-0.7853981633974483
10
117.13915417830859
20
35.3590678181356
42
0
97
1
330

75
0
76
1
47
0.4128176842155181
98
1
10
34.90568961886538
20
22.81183545379326
450
0
451
0
460
0
461
0
452
1
462
1
453
2
463
0
63
5
421
255
463
1
63
7
421
16777215
470
LINEAR
1001
ACAD
1010
0
1020
0
1030
0
  0
CIRCLE
  5
bcc
330
1F
100
AcDbEntity
  8
TopSolderMaskLayer
100
AcDbCircle
 10
118.77216154432335
 20
35.14185928371853
 30
0.0
 40
0.4130257094941141
0
HATCH
5
bd2
100
AcDbEntity
8
TopSolderMaskLayer
100
AcDbHatch
10
0
20
0
30
0
210
0
220
0
230
1
2
SOLID
70
1
71
0
91
1
92
7
72
1
73
1
93
4
10
119.57755905511837
20
34.9162686680213
42
-0.7853981633974483
10
117.96676403352834
20
34.9162686680213
42
0
10
117.96676403352834
20
35.367449899415874
42
-0.7853981633974483
10
119.57755905511837
20
35.367449899415874
42
0
97
1
330

75
0
76
1
47
0.4128176842155181
98
1
10
34.90568961886538
20
22.81183545379326
450
0
451
0
460
0
461
0
452
1
462
1
453
2
463
0
63
5
421
255
463
1
63
7
421
16777215
470
LINEAR
1001
ACAD
1010
0
1020
0
1030
0
  0
CIRCLE
  5
bd3
330
1F
100
AcDbEntity
  8
BottomSolderMaskLayer
100
AcDbCircle
 10
118.77216154432335
 20
35.14185928371853
 30
0.0
 40
0.4130257094941141
0
HATCH
5
bd9
100
AcDbEntity
8
BottomSolderMaskLayer
100
AcDbHatch
10
0
20
0
30
0
210
0
220
0
230
1
2
SOLID
70
1
71
0
91
1
92
7
72
1
73
1
93
4
10
119.57755905511837
20
34.9162686680213
42
-0.7853981633974483
10
117.96676403352834
20
34.9162686680213
42
0
10
117.96676403352834
20
35.367449899415874
42
-0.7853981633974483
10
119.57755905511837
20
35.367449899415874
42
0
97
1
330

75
0
76
1
47
0.4128176842155181
98
1
10
34.90568961886538
20
22.81183545379326
450
0
451
0
460
0
461
0
452
1
462
1
453
2
463
0
63
5
421
255
463
1
63
7
421
16777215
470
LINEAR
1001
ACAD
1010
0
1020
0
1030
0
  0
CIRCLE
  5
bda
330
1F
100
AcDbEntity
  8
Multi-Layer
100
AcDbCircle
 10
118.77216154432335
 20
35.14185928371853
 30
0.0
 40
0.4
0
HATCH
5
be0
100
AcDbEntity
8
Multi-Layer
100
AcDbHatch
10
0
20
0
30
0
210
0
220
0
230
1
2
SOLID
70
1
71
0
91
1
92
7
72
1
73
1
93
4
10
119.55215900431827
20
34.92185674371353
42
-0.7853981633974483
10
117.99216408432844
20
34.92185674371353
42
0
10
117.99216408432844
20
35.36186182372364
42
-0.7853981633974483
10
119.55215900431827
20
35.36186182372364
42
0
97
1
330

75
0
76
1
47
0.4128176842155181
98
1
10
34.90568961886538
20
22.81183545379326
450
0
451
0
460
0
461
0
452
1
462
1
453
2
463
0
63
5
421
255
463
1
63
7
421
16777215
470
LINEAR
1001
ACAD
1010
0
1020
0
1030
0
  0
CIRCLE
  5
be1
330
1F
100
AcDbEntity
  8
TopSolderMaskLayer
100
AcDbCircle
 10
121.31216662433349
 20
35.1390652781306
 30
0.0
 40
0.4130257094941141
0
HATCH
5
be7
100
AcDbEntity
8
TopSolderMaskLayer
100
AcDbHatch
10
0
20
0
30
0
210
0
220
0
230
1
2
SOLID
70
1
71
0
91
1
92
7
72
1
73
1
93
4
10
122.1175641351285
20
34.91347466243326
42
-0.7853981633974483
10
120.50676911353847
20
34.91347466243326
42
0
10
120.50676911353847
20
35.36465589382783
42
-0.7853981633974483
10
122.1175641351285
20
35.36465589382783
42
0
97
1
330

75
0
76
1
47
0.4128176842155181
98
1
10
34.90568961886538
20
22.81183545379326
450
0
451
0
460
0
461
0
452
1
462
1
453
2
463
0
63
5
421
255
463
1
63
7
421
16777215
470
LINEAR
1001
ACAD
1010
0
1020
0
1030
0
  0
CIRCLE
  5
be8
330
1F
100
AcDbEntity
  8
BottomSolderMaskLayer
100
AcDbCircle
 10
121.31216662433349
 20
35.1390652781306
 30
0.0
 40
0.4130257094941141
0
HATCH
5
bee
100
AcDbEntity
8
BottomSolderMaskLayer
100
AcDbHatch
10
0
20
0
30
0
210
0
220
0
230
1
2
SOLID
70
1
71
0
91
1
92
7
72
1
73
1
93
4
10
122.1175641351285
20
34.91347466243326
42
-0.7853981633974483
10
120.50676911353847
20
34.91347466243326
42
0
10
120.50676911353847
20
35.36465589382783
42
-0.7853981633974483
10
122.1175641351285
20
35.36465589382783
42
0
97
1
330

75
0
76
1
47
0.4128176842155181
98
1
10
34.90568961886538
20
22.81183545379326
450
0
451
0
460
0
461
0
452
1
462
1
453
2
463
0
63
5
421
255
463
1
63
7
421
16777215
470
LINEAR
1001
ACAD
1010
0
1020
0
1030
0
  0
CIRCLE
  5
bef
330
1F
100
AcDbEntity
  8
Multi-Layer
100
AcDbCircle
 10
121.31216662433349
 20
35.1390652781306
 30
0.0
 40
0.4
0
HATCH
5
bf5
100
AcDbEntity
8
Multi-Layer
100
AcDbHatch
10
0
20
0
30
0
210
0
220
0
230
1
2
SOLID
70
1
71
0
91
1
92
7
72
1
73
1
93
4
10
122.0921640843284
20
34.91906273812549
42
-0.7853981633974483
10
120.53216916433857
20
34.91906273812549
42
0
10
120.53216916433857
20
35.3590678181356
42
-0.7853981633974483
10
122.0921640843284
20
35.3590678181356
42
0
97
1
330

75
0
76
1
47
0.4128176842155181
98
1
10
34.90568961886538
20
22.81183545379326
450
0
451
0
460
0
461
0
452
1
462
1
453
2
463
0
63
5
421
255
463
1
63
7
421
16777215
470
LINEAR
1001
ACAD
1010
0
1020
0
1030
0
  0
CIRCLE
  5
c26
330
1F
100
AcDbEntity
  8
Multi-Layer
100
AcDbCircle
 10
40.54000508001036
 20
8.215011430022855
 30
0.0
 40
0.31000762001524007
  0
CIRCLE
  5
c27
330
1F
100
AcDbEntity
  8
Hole
100
AcDbCircle
 10
40.54000508001036
 20
8.215011430022855
 30
0.0
 40
0.15499110998222
  0
CIRCLE
  5
c28
330
1F
100
AcDbEntity
  8
Multi-Layer
100
AcDbCircle
 10
28.9829819659642
 20
8.342011684023305
 30
0.0
 40
0.31000762001524007
  0
CIRCLE
  5
c29
330
1F
100
AcDbEntity
  8
Hole
100
AcDbCircle
 10
28.9829819659642
 20
8.342011684023305
 30
0.0
 40
0.15499110998222
  0
CIRCLE
  5
c2a
330
1F
100
AcDbEntity
  8
Multi-Layer
100
AcDbCircle
 10
69.7508255016512
 20
8.215011430022855
 30
0.0
 40
0.31000762001524007
  0
CIRCLE
  5
c2b
330
1F
100
AcDbEntity
  8
Hole
100
AcDbCircle
 10
69.7508255016512
 20
8.215011430022855
 30
0.0
 40
0.15499110998222
  0
CIRCLE
  5
c2c
330
1F
100
AcDbEntity
  8
Multi-Layer
100
AcDbCircle
 10
69.87706375412768
 20
16.343027686055393
 30
0.0
 40
0.31000762001524007
  0
CIRCLE
  5
c2d
330
1F
100
AcDbEntity
  8
Hole
100
AcDbCircle
 10
69.87706375412768
 20
16.343027686055393
 30
0.0
 40
0.15499110998222
  0
CIRCLE
  5
c2e
330
1F
100
AcDbEntity
  8
Multi-Layer
100
AcDbCircle
 10
75.97307594615222
 20
18.50203200406395
 30
0.0
 40
0.31000762001524007
  0
CIRCLE
  5
c2f
330
1F
100
AcDbEntity
  8
Hole
100
AcDbCircle
 10
75.97307594615222
 20
18.50203200406395
 30
0.0
 40
0.15499110998222
  0
CIRCLE
  5
c30
330
1F
100
AcDbEntity
  8
Multi-Layer
100
AcDbCircle
 10
34.062992125984465
 20
6.056007112014186
 30
0.0
 40
0.31000762001524007
  0
CIRCLE
  5
c31
330
1F
100
AcDbEntity
  8
Hole
100
AcDbCircle
 10
34.062992125984465
 20
6.056007112014186
 30
0.0
 40
0.15499110998222
  0
CIRCLE
  5
c32
330
1F
100
AcDbEntity
  8
Multi-Layer
100
AcDbCircle
 10
45.7470154940313
 20
6.056007112014186
 30
0.0
 40
0.31000762001524007
  0
CIRCLE
  5
c33
330
1F
100
AcDbEntity
  8
Hole
100
AcDbCircle
 10
45.7470154940313
 20
6.056007112014186
 30
0.0
 40
0.15499110998222
  0
CIRCLE
  5
c34
330
1F
100
AcDbEntity
  8
Multi-Layer
100
AcDbCircle
 10
75.84607569215154
 20
10.374015748031525
 30
0.0
 40
0.31000762001524007
  0
CIRCLE
  5
c35
330
1F
100
AcDbEntity
  8
Hole
100
AcDbCircle
 10
75.84607569215154
 20
10.374015748031525
 30
0.0
 40
0.15499110998222
  0
CIRCLE
  5
c36
330
1F
100
AcDbEntity
  8
Multi-Layer
100
AcDbCircle
 10
78.51308102616235
 20
10.628016256032538
 30
0.0
 40
0.31000762001524007
  0
CIRCLE
  5
c37
330
1F
100
AcDbEntity
  8
Hole
100
AcDbCircle
 10
78.51308102616235
 20
10.628016256032538
 30
0.0
 40
0.15499110998222
  0
CIRCLE
  5
c38
330
1F
100
AcDbEntity
  8
Multi-Layer
100
AcDbCircle
 10
78.51308102616235
 20
18.3750317500635
 30
0.0
 40
0.31000762001524007
  0
CIRCLE
  5
c39
330
1F
100
AcDbEntity
  8
Hole
100
AcDbCircle
 10
78.51308102616235
 20
18.3750317500635
 30
0.0
 40
0.15499110998222
  0
CIRCLE
  5
c3a
330
1F
100
AcDbEntity
  8
Multi-Layer
100
AcDbCircle
 10
80.80010160020333
 20
49.61633223266438
 30
0.0
 40
0.31000762001524007
  0
CIRCLE
  5
c3b
330
1F
100
AcDbEntity
  8
Hole
100
AcDbCircle
 10
80.80010160020333
 20
49.61633223266438
 30
0.0
 40
0.15499110998222
  0
CIRCLE
  5
c3c
330
1F
100
AcDbEntity
  8
Multi-Layer
100
AcDbCircle
 10
84.35509271018577
 20
49.61709423418847
 30
0.0
 40
0.31000762001524007
  0
CIRCLE
  5
c3d
330
1F
100
AcDbEntity
  8
Hole
100
AcDbCircle
 10
84.35509271018577
 20
49.61709423418847
 30
0.0
 40
0.15499110998222
  0
CIRCLE
  5
c3e
330
1F
100
AcDbEntity
  8
Multi-Layer
100
AcDbCircle
 10
80.80010160020333
 20
41.99707899415796
 30
0.0
 40
0.31000762001524007
  0
CIRCLE
  5
c3f
330
1F
100
AcDbEntity
  8
Hole
100
AcDbCircle
 10
80.80010160020333
 20
41.99707899415796
 30
0.0
 40
0.15499110998222
  0
CIRCLE
  5
c40
330
1F
100
AcDbEntity
  8
Multi-Layer
100
AcDbCircle
 10
84.35509271018577
 20
41.99707899415796
 30
0.0
 40
0.31000762001524007
  0
CIRCLE
  5
c41
330
1F
100
AcDbEntity
  8
Hole
100
AcDbCircle
 10
84.35509271018577
 20
41.99707899415796
 30
0.0
 40
0.15499110998222
  0
CIRCLE
  5
c42
330
1F
100
AcDbEntity
  8
Multi-Layer
100
AcDbCircle
 10
105.18313436626909
 20
64.34912369824735
 30
0.0
 40
0.31000762001524007
  0
CIRCLE
  5
c43
330
1F
100
AcDbEntity
  8
Hole
100
AcDbCircle
 10
105.18313436626909
 20
64.34912369824735
 30
0.0
 40
0.15499110998222
  0
CIRCLE
  5
c44
330
1F
100
AcDbEntity
  8
Multi-Layer
100
AcDbCircle
 10
105.18313436626909
 20
49.36309372618746
 30
0.0
 40
0.31000762001524007
  0
CIRCLE
  5
c45
330
1F
100
AcDbEntity
  8
Hole
100
AcDbCircle
 10
105.18313436626909
 20
49.36309372618746
 30
0.0
 40
0.15499110998222
  0
CIRCLE
  5
c46
330
1F
100
AcDbEntity
  8
Multi-Layer
100
AcDbCircle
 10
118.77216154432335
 20
39.45707391414783
 30
0.0
 40
0.31000762001524007
  0
CIRCLE
  5
c47
330
1F
100
AcDbEntity
  8
Hole
100
AcDbCircle
 10
118.77216154432335
 20
39.45707391414783
 30
0.0
 40
0.15499110998222
  0
CIRCLE
  5
c48
330
1F
100
AcDbEntity
  8
Multi-Layer
100
AcDbCircle
 10
124.74117348234722
 20
39.45707391414783
 30
0.0
 40
0.31000762001524007
  0
CIRCLE
  5
c49
330
1F
100
AcDbEntity
  8
Hole
100
AcDbCircle
 10
124.74117348234722
 20
39.45707391414783
 30
0.0
 40
0.15499110998222
  0
CIRCLE
  5
c4a
330
1F
100
AcDbEntity
  8
Multi-Layer
100
AcDbCircle
 10
79.7830835661673
 20
6.056007112014186
 30
0.0
 40
0.31000762001524007
  0
CIRCLE
  5
c4b
330
1F
100
AcDbEntity
  8
Hole
100
AcDbCircle
 10
79.7830835661673
 20
6.056007112014186
 30
0.0
 40
0.15499110998222
  0
CIRCLE
  5
c4c
330
1F
100
AcDbEntity
  8
Multi-Layer
100
AcDbCircle
 10
62.25704851409728
 20
8.088011176022292
 30
0.0
 40
0.31000762001524007
  0
CIRCLE
  5
c4d
330
1F
100
AcDbEntity
  8
Hole
100
AcDbCircle
 10
62.25704851409728
 20
8.088011176022292
 30
0.0
 40
0.15499110998222
  0
CIRCLE
  5
c4e
330
1F
100
AcDbEntity
  8
Multi-Layer
100
AcDbCircle
 10
7.17297434594866
 20
59.97904495808996
 30
0.0
 40
1.2500127000254
  0
CIRCLE
  5
c4f
330
1F
100
AcDbEntity
  8
Multi-Layer
100
AcDbCircle
 10
30.472948945898224
 20
59.97904495808996
 30
0.0
 40
1.2500127000254
  0
CIRCLE
  5
c50
330
1F
100
AcDbEntity
  8
Multi-Layer
100
AcDbCircle
 10
7.17297434594866
 20
36.17919735839473
 30
0.0
 40
1.2500127000254
  0
CIRCLE
  5
c51
330
1F
100
AcDbEntity
  8
Multi-Layer
100
AcDbCircle
 10
30.472948945898224
 20
36.17919735839473
 30
0.0
 40
1.2500127000254
0
HATCH
5
c53
100
AcDbEntity
8
BottomLayer
100
AcDbHatch
10
0
20
0
30
0
210
0
220
0
230
1
2
SOLID
70
1
71
0
91
1
92
7
72
0
73
1
93
5
10
114.83515367030759
20
67.65113030226064
10
109.5011430022862
20
67.65113030226064
10
109.5011430022862
20
55.20510541021076
10
109.37414274828575
20
55.07810515621031
10
114.83515367030759
20
55.07810515621031
97
1
330

75
0
76
1
47
0.4128176842155181
98
1
10
34.90568961886538
20
22.81183545379326
450
0
451
0
460
0
461
0
452
1
462
1
453
2
463
0
63
5
421
255
463
1
63
7
421
16777215
470
LINEAR
1001
ACAD
1010
0
1020
0
1030
0
0
HATCH
5
c55
100
AcDbEntity
8
BottomLayer
100
AcDbHatch
10
0
20
0
30
0
210
0
220
0
230
1
2
SOLID
70
1
71
0
91
1
92
7
72
0
73
1
93
4
10
119.53416306832628
20
67.77813055626109
10
119.53416306832628
20
55.07810515621031
10
124.61417322834677
20
55.07810515621031
10
124.61417322834677
20
67.77813055626109
97
1
330

75
0
76
1
47
0.4128176842155181
98
1
10
34.90568961886538
20
22.81183545379326
450
0
451
0
460
0
461
0
452
1
462
1
453
2
463
0
63
5
421
255
463
1
63
7
421
16777215
470
LINEAR
1001
ACAD
1010
0
1020
0
1030
0
0
HATCH
5
c57
100
AcDbEntity
8
BottomLayer
100
AcDbHatch
10
0
20
0
30
0
210
0
220
0
230
1
2
SOLID
70
1
71
0
91
1
92
7
72
0
73
1
93
5
10
116.10515621031277
20
67.77813055626109
10
118.39116078232178
20
67.77813055626109
10
118.39116078232178
20
53.9351028702057
10
116.23215646431322
20
53.9351028702057
10
116.10515621031277
20
54.06210312420626
97
1
330

75
0
76
1
47
0.4128176842155181
98
1
10
34.90568961886538
20
22.81183545379326
450
0
451
0
460
0
461
0
452
1
462
1
453
2
463
0
63
5
421
255
463
1
63
7
421
16777215
470
LINEAR
1001
ACAD
1010
0
1020
0
1030
0
0
HATCH
5
c59
100
AcDbEntity
8
BottomLayer
100
AcDbHatch
10
0
20
0
30
0
210
0
220
0
230
1
2
SOLID
70
1
71
0
91
1
92
7
72
0
73
1
93
9
10
114.58115316230646
20
52.53810007620018
10
114.58115316230646
20
52.792100584201194
10
116.10515621031277
20
54.31610363220727
10
118.39116078232178
20
54.31610363220727
10
118.39116078232178
20
53.68110236220468
10
119.53416306832628
20
52.53810007620018
10
119.53416306832628
20
44.791084582169105
10
114.96215392430804
20
44.791084582169105
10
114.58115316230646
20
45.17208534417068
97
1
330

75
0
76
1
47
0.4128176842155181
98
1
10
34.90568961886538
20
22.81183545379326
450
0
451
0
460
0
461
0
452
1
462
1
453
2
463
0
63
5
421
255
463
1
63
7
421
16777215
470
LINEAR
1001
ACAD
1010
0
1020
0
1030
0
0
HATCH
5
c5b
100
AcDbEntity
8
BottomLayer
100
AcDbHatch
10
0
20
0
30
0
210
0
220
0
230
1
2
SOLID
70
1
71
0
91
1
92
7
72
0
73
1
93
5
10
62.38404876809773
20
31.456057912115853
10
66.44805689611394
20
31.456057912115853
10
66.44805689611394
20
29.932054864109773
10
66.19405638811304
20
29.67805435610876
10
62.38404876809773
20
29.67805435610876
97
1
330

75
0
76
1
47
0.4128176842155181
98
1
10
34.90568961886538
20
22.81183545379326
450
0
451
0
460
0
461
0
452
1
462
1
453
2
463
0
63
5
421
255
463
1
63
7
421
16777215
470
LINEAR
1001
ACAD
1010
0
1020
0
1030
0
0
HATCH
5
c5d
100
AcDbEntity
8
BottomLayer
100
AcDbHatch
10
0
20
0
30
0
210
0
220
0
230
1
2
SOLID
70
1
71
0
91
1
92
7
72
0
73
1
93
4
10
69.11506223012475
20
19.13703327406654
10
70.3850647701297
20
19.13703327406654
10
70.3850647701297
20
15.708026416052803
10
69.11506223012475
20
15.708026416052803
97
1
330

75
0
76
1
47
0.4128176842155181
98
1
10
34.90568961886538
20
22.81183545379326
450
0
451
0
460
0
461
0
452
1
462
1
453
2
463
0
63
5
421
255
463
1
63
7
421
16777215
470
LINEAR
1001
ACAD
1010
0
1020
0
1030
0
0
HATCH
5
c5f
100
AcDbEntity
8
Document
100
AcDbHatch
10
0
20
0
30
0
210
0
220
0
230
1
2
SOLID
70
1
71
0
91
1
92
7
72
0
73
1
93
12
10
91.18445516891029
20
7.929006858013736
10
91.18445516891029
20
7.739014478029048
10
89.66446532893065
20
7.739014478029048
10
89.59446278892574
20
7.809017018034069
10
89.59446278892574
20
9.129006858013668
10
89.66446532893065
20
9.199009398018802
10
91.17444754889516
20
9.199009398018802
10
91.17444754889516
20
9.009017018034115
10
89.79446278892578
20
9.009017018034115
10
89.78445516891065
20
8.999009398018757
10
89.78445516891065
20
7.9390144780288665
10
89.79446278892578
20
7.929006858013736
97
1
330

75
0
76
1
47
0.4128176842155181
98
1
10
34.90568961886538
20
22.81183545379326
450
0
451
0
460
0
461
0
452
1
462
1
453
2
463
0
63
5
421
255
463
1
63
7
421
16777215
470
LINEAR
1001
ACAD
1010
0
1020
0
1030
0
0
HATCH
5
c61
100
AcDbEntity
8
Document
100
AcDbHatch
10
0
20
0
30
0
210
0
220
0
230
1
2
SOLID
70
1
71
0
91
1
92
7
72
0
73
1
93
12
10
91.18445516891029
20
10.469138938277865
10
91.18445516891029
20
10.279146558293064
10
89.66446532893065
20
10.279146558293064
10
89.59446278892574
20
10.349123698247354
10
89.59446278892574
20
11.669088138176221
10
89.66446532893065
20
11.739141478282932
10
91.17444754889516
20
11.739141478282932
10
91.17444754889516
20
11.54914909829813
10
89.79446278892578
20
11.54914909829813
10
89.78445516891065
20
11.539141478283
10
89.78445516891065
20
10.47914655829311
10
89.79446278892578
20
10.469138938277865
97
1
330

75
0
76
1
47
0.4128176842155181
98
1
10
34.90568961886538
20
22.81183545379326
450
0
451
0
460
0
461
0
452
1
462
1
453
2
463
0
63
5
421
255
463
1
63
7
421
16777215
470
LINEAR
1001
ACAD
1010
0
1020
0
1030
0
0
HATCH
5
c63
100
AcDbEntity
8
Document
100
AcDbHatch
10
0
20
0
30
0
210
0
220
0
230
1
2
SOLID
70
1
71
0
91
1
92
7
72
0
73
1
93
12
10
91.18445516891029
20
13.00906781813569
10
91.18445516891029
20
12.819050038100045
10
89.66446532893065
20
12.819050038100045
10
89.59446278892574
20
12.889027178054334
10
89.59446278892574
20
14.209042418084891
10
89.66446532893065
20
14.279070358140757
10
91.17444754889516
20
14.279070358140757
10
91.17444754889516
20
14.089052578105111
10
89.79446278892578
20
14.089052578105111
10
89.78445516891065
20
14.079044958089867
10
89.78445516891065
20
13.019075438150821
10
89.79446278892578
20
13.00906781813569
97
1
330

75
0
76
1
47
0.4128176842155181
98
1
10
34.90568961886538
20
22.81183545379326
450
0
451
0
460
0
461
0
452
1
462
1
453
2
463
0
63
5
421
255
463
1
63
7
421
16777215
470
LINEAR
1001
ACAD
1010
0
1020
0
1030
0
0
HATCH
5
c65
100
AcDbEntity
8
Document
100
AcDbHatch
10
0
20
0
30
0
210
0
220
0
230
1
2
SOLID
70
1
71
0
91
1
92
7
72
0
73
1
93
16
10
91.18445516891029
20
4.829006858013713
10
85.5544577089156
20
4.829006858013713
10
85.5544577089156
20
17.199009398018802
10
91.18445516891029
20
17.199009398018802
10
91.18445516891029
20
4.979019558039113
10
91.38445516891034
20
4.979019558039113
10
91.38445516891034
20
17.349022098044202
10
91.29446278892578
20
17.439014478028867
10
85.42446024892047
20
17.439014478028867
10
85.3144526289052
20
17.329006858013713
10
85.3144526289052
20
4.689027178054289
10
85.41445262890534
20
4.58902717805438
10
91.32446024892079
20
4.58902717805438
10
91.38445516891034
20
4.649022098044156
10
91.38445516891034
20
4.969011938023868
10
91.18445516891029
20
4.969011938023868
97
1
330

75
0
76
1
47
0.4128176842155181
98
1
10
34.90568961886538
20
22.81183545379326
450
0
451
0
460
0
461
0
452
1
462
1
453
2
463
0
63
5
421
255
463
1
63
7
421
16777215
470
LINEAR
1001
ACAD
1010
0
1020
0
1030
0
0
HATCH
5
c67
100
AcDbEntity
8
Document
100
AcDbHatch
10
0
20
0
30
0
210
0
220
0
230
1
2
SOLID
70
1
71
0
91
1
92
7
72
0
73
1
93
135
10
25.322961645923442
20
34.05212090424175
10
25.306384786357512
20
34.053207409020274
10
25.290091561455256
20
34.05644833295787
10
25.27436075281139
20
34.061788222947484
10
25.259461518923217
20
34.06913571199084
10
25.245648789813686
20
34.07836508251319
10
25.233158905107075
20
34.08931841742606
10
25.22220557019409
20
34.10180830213244
10
25.212976199671857
20
34.11562103124197
10
25.205628710628616
20
34.13052026513003
10
25.20028882063889
20
34.146251073774124
10
25.197047896701406
20
34.16254429867661
10
25.195961391922765
20
34.17912115824231
10
25.195961391922765
20
37.80213360426717
10
12.599974599949292
20
37.80213360426717
10
12.599974599949292
20
34.17912115824231
10
12.598888095170878
20
34.16254429867661
10
12.595647171233168
20
34.146251073774124
10
12.59030728124344
20
34.13052026513003
10
12.5829597922002
20
34.11562103124197
10
12.573730421677965
20
34.10180830213244
10
12.562777086764982
20
34.08931841742606
10
12.550287202058598
20
34.07836508251319
10
12.536474472949067
20
34.06913571199084
10
12.521575239060894
20
34.061788222947484
10
12.505844430417028
20
34.05644833295787
10
12.489551205514545
20
34.053207409020274
10
12.472974345948842
20
34.05212090424175
10
5.222961645923533
20
34.05212090424175
10
5.20638478635783
20
34.053207409020274
10
5.190091561455347
20
34.05644833295787
10
5.174360752811481
20
34.061788222947484
10
5.159461518923308
20
34.06913571199084
10
5.145648789813777
20
34.07836508251319
10
5.133158905107393
20
34.08931841742606
10
5.122205570194183
20
34.10180830213244
10
5.112976199671948
20
34.11562103124197
10
5.105628710628707
20
34.13052026513003
10
5.100288820639207
20
34.146251073774124
10
5.097047896701497
20
34.16254429867661
10
5.095961391923083
20
34.17912115824231
10
5.095961391923083
20
61.979121158242265
10
5.097047896701497
20
61.99569801780797
10
5.100288820639207
20
62.01199124271045
10
5.105628710628707
20
62.027722051354544
10
5.112976199671948
20
62.0426212852426
10
5.122205570194183
20
62.056434014352135
10
5.133158905107393
20
62.06892389905852
10
5.145648789813777
20
62.07987723397139
10
5.159461518923308
20
62.089106604493736
10
5.174360752811481
20
62.09645409353709
10
5.190091561455347
20
62.101793983526704
10
5.20638478635783
20
62.1050349074643
10
5.222961645923533
20
62.10612141224283
10
5.239538505489236
20
62.1050349074643
10
5.255831730391719
20
62.101793983526704
10
5.271562539035585
20
62.09645409353709
10
5.286461772923758
20
62.089106604493736
10
5.3002745020332895
20
62.07987723397139
10
5.312764386739673
20
62.06892389905852
10
5.323717721652656
20
62.056434014352135
10
5.332947092174891
20
62.0426212852426
10
5.340294581218359
20
62.027722051354544
10
5.345634471207859
20
62.01199124271045
10
5.348875395145569
20
61.99569801780797
10
5.349961899923983
20
61.979121158242265
10
5.349961899923983
20
34.30612141224276
10
12.345974091948165
20
34.30612141224276
10
12.345974091948165
20
37.92913385826773
10
12.347060596726806
20
37.94571071783332
10
12.350301520664289
20
37.96200394273592
10
12.355641410654016
20
37.9777347513799
10
12.362988899697257
20
37.99263398526796
10
12.372218270219491
20
38.0064467143776
10
12.383171605132475
20
38.01893659908387
10
12.395661489839085
20
38.029889933996856
10
12.40947421894839
20
38.039119304519204
10
12.424373452836562
20
38.046466793562445
10
12.440104261480656
20
38.05180668355206
10
12.456397486382912
20
38.055047607489655
10
12.472974345948842
20
38.05613411226818
10
25.322961645923442
20
38.05613411226818
10
25.339538505489145
20
38.055047607489655
10
25.35583173039163
20
38.05180668355206
10
25.371562539035494
20
38.046466793562445
10
25.386461772923667
20
38.039119304519204
10
25.4002745020332
20
38.029889933996856
10
25.412764386739582
20
38.01893659908387
10
25.423717721652565
20
38.0064467143776
10
25.4329470921748
20
37.99263398526796
10
25.44029458121804
20
37.9777347513799
10
25.445634471207768
20
37.96200394273592
10
25.44887539514548
20
37.94571071783332
10
25.449961899923892
20
37.92913385826773
10
25.449961899923892
20
34.30612141224276
10
32.2959613919229
20
34.30612141224276
10
32.2959613919229
20
61.979121158242265
10
32.297047896701315
20
61.99569801780797
10
32.300288820639025
20
62.01199124271045
10
32.305628710628525
20
62.027722051354544
10
32.312976199671766
20
62.0426212852426
10
32.322205570194
20
62.056434014352135
10
32.33315890510721
20
62.06892389905852
10
32.345648789813595
20
62.07987723397139
10
32.359461518923126
20
62.089106604493736
10
32.3743607528113
20
62.09645409353709
10
32.390091561455165
20
62.101793983526704
10
32.40638478635765
20
62.1050349074643
10
32.42296164592335
20
62.10612141224283
10
32.439538505489054
20
62.1050349074643
10
32.45583173039154
20
62.101793983526704
10
32.4715625390354
20
62.09645409353709
10
32.486461772923576
20
62.089106604493736
10
32.50027450203311
20
62.07987723397139
10
32.51276438673949
20
62.06892389905852
10
32.523717721652474
20
62.056434014352135
10
32.53294709217471
20
62.0426212852426
10
32.54029458121818
20
62.027722051354544
10
32.54563447120768
20
62.01199124271045
10
32.54887539514539
20
61.99569801780797
10
32.5499618999238
20
61.979121158242265
10
32.5499618999238
20
34.17912115824231
10
32.54887539514539
20
34.16254429867661
10
32.54563447120768
20
34.146251073774124
10
32.54029458121818
20
34.13052026513003
10
32.53294709217471
20
34.11562103124197
10
32.523717721652474
20
34.10180830213244
10
32.51276438673949
20
34.08931841742606
10
32.50027450203311
20
34.07836508251319
10
32.486461772923576
20
34.06913571199084
10
32.4715625390354
20
34.061788222947484
10
32.45583173039154
20
34.05644833295787
10
32.439538505489054
20
34.053207409020274
10
32.42296164592335
20
34.05212090424175
10
25.322961645923442
20
34.05212090424175
97
1
330

75
0
76
1
47
0.4128176842155181
98
1
10
34.90568961886538
20
22.81183545379326
450
0
451
0
460
0
461
0
452
1
462
1
453
2
463
0
63
5
421
255
463
1
63
7
421
16777215
470
LINEAR
1001
ACAD
1010
0
1020
0
1030
0
0
HATCH
5
c69
100
AcDbEntity
8
Document
100
AcDbHatch
10
0
20
0
30
0
210
0
220
0
230
1
2
SOLID
70
1
71
0
91
1
92
7
72
0
73
1
93
51
10
32.42296164592335
20
61.852120904241815
10
5.222961645923533
20
61.852120904241815
10
5.20638478635783
20
61.85320740902034
10
5.190091561455347
20
61.85644833295794
10
5.174360752811481
20
61.86178822294755
10
5.159461518923308
20
61.86913571199079
10
5.145648789813777
20
61.87836508251314
10
5.133158905107393
20
61.889318417426125
10
5.122205570194183
20
61.90180830213251
10
5.112976199671948
20
61.91562103124204
10
5.105628710628707
20
61.9305202651301
10
5.100288820639207
20
61.94625107377419
10
5.097047896701497
20
61.962544298676676
10
5.095961391923083
20
61.979121158242265
10
5.097047896701497
20
61.99569801780797
10
5.100288820639207
20
62.01199124271045
10
5.105628710628707
20
62.027722051354544
10
5.112976199671948
20
62.0426212852426
10
5.122205570194183
20
62.056434014352135
10
5.133158905107393
20
62.06892389905852
10
5.145648789813777
20
62.07987723397139
10
5.159461518923308
20
62.089106604493736
10
5.174360752811481
20
62.09645409353709
10
5.190091561455347
20
62.101793983526704
10
5.20638478635783
20
62.1050349074643
10
5.222961645923533
20
62.10612141224283
10
32.42296164592335
20
62.10612141224283
10
32.439538505489054
20
62.1050349074643
10
32.45583173039154
20
62.101793983526704
10
32.4715625390354
20
62.09645409353709
10
32.486461772923576
20
62.089106604493736
10
32.50027450203311
20
62.07987723397139
10
32.51276438673949
20
62.06892389905852
10
32.523717721652474
20
62.056434014352135
10
32.53294709217471
20
62.0426212852426
10
32.54029458121818
20
62.027722051354544
10
32.54563447120768
20
62.01199124271045
10
32.54887539514539
20
61.99569801780797
10
32.5499618999238
20
61.979121158242265
10
32.54887539514539
20
61.962544298676676
10
32.54563447120768
20
61.94625107377419
10
32.54029458121818
20
61.9305202651301
10
32.53294709217471
20
61.91562103124204
10
32.523717721652474
20
61.90180830213251
10
32.51276438673949
20
61.889318417426125
10
32.50027450203311
20
61.87836508251314
10
32.486461772923576
20
61.86913571199079
10
32.4715625390354
20
61.86178822294755
10
32.45583173039154
20
61.85644833295794
10
32.439538505489054
20
61.85320740902034
10
32.42296164592335
20
61.852120904241815
97
1
330

75
0
76
1
47
0.4128176842155181
98
1
10
34.90568961886538
20
22.81183545379326
450
0
451
0
460
0
461
0
452
1
462
1
453
2
463
0
63
5
421
255
463
1
63
7
421
16777215
470
LINEAR
1001
ACAD
1010
0
1020
0
1030
0
0
HATCH
5
c6b
100
AcDbEntity
8
Document
100
AcDbHatch
10
0
20
0
30
0
210
0
220
0
230
1
2
SOLID
70
1
71
0
91
1
92
7
72
0
73
1
93
93
10
123.34417068834159
20
45.014046228092525
10
111.40614681229385
20
45.014046228092525
10
111.38956995272815
20
45.01513273287105
10
111.37327672782567
20
45.01837365680865
10
111.3575459191818
20
45.02371354679826
10
111.34264668529363
20
45.0310610358415
10
111.3288339561841
20
45.04029040636385
10
111.31634407147772
20
45.051243741276835
10
111.30539073656473
20
45.063733625983105
10
111.2961613660425
20
45.07754635509275
10
111.28881387699903
20
45.09244558898081
10
111.28347398700953
20
45.10817639762479
10
111.28023306307182
20
45.124469622527386
10
111.2791465582934
20
45.141046482092975
10
111.2791465582934
20
60.381076962154
10
111.28023306307182
20
60.39765382171959
10
111.28347398700953
20
60.413947046622184
10
111.28881387699903
20
60.42967785526616
10
111.2961613660425
20
60.44457708915422
10
111.30539073656473
20
60.45838981826387
10
111.31634407147772
20
60.47087970297014
10
111.3288339561841
20
60.48183303788312
10
111.34264668529363
20
60.49106240840547
10
111.3575459191818
20
60.49840989744871
10
111.37327672782567
20
60.50374978743832
10
111.38956995272815
20
60.50699071137592
10
111.40614681229385
20
60.50807721615445
10
123.34417068834159
20
60.50807721615445
10
123.3607475479073
20
60.50699071137592
10
123.37704077280978
20
60.50374978743832
10
123.39277158145364
20
60.49840989744871
10
123.40767081534182
20
60.49106240840547
10
123.42148354445135
20
60.48183303788312
10
123.43397342915773
20
60.47087970297014
10
123.44492676407094
20
60.45838981826387
10
123.45415613459318
20
60.44457708915422
10
123.46150362363642
20
60.42967785526616
10
123.46684351362592
20
60.413947046622184
10
123.47008443756363
20
60.39765382171959
10
123.47117094234204
20
60.381076962154
10
123.47117094234204
20
45.52204724409455
10
123.47008443756363
20
45.50547038452885
10
123.46684351362592
20
45.489177159626365
10
123.46150362363642
20
45.473446350982385
10
123.45415613459318
20
45.45854711709433
10
123.44492676407094
20
45.44473438798468
10
123.43397342915773
20
45.4322445032783
10
123.42148354445135
20
45.42129116836543
10
123.40767081534182
20
45.41206179784308
10
123.39277158145364
20
45.404714308799726
10
123.37704077280978
20
45.399374418810226
10
123.3607475479073
20
45.39613349487263
10
123.34417068834159
20
45.39504699009399
10
123.32759382877589
20
45.39613349487263
10
123.3113006038734
20
45.399374418810226
10
123.29556979522954
20
45.404714308799726
10
123.28067056134137
20
45.41206179784308
10
123.26685783223184
20
45.42129116836543
10
123.25436794752545
20
45.4322445032783
10
123.24341461261247
20
45.44473438798468
10
123.23418524209023
20
45.45854711709433
10
123.22683775304677
20
45.473446350982385
10
123.22149786305727
20
45.489177159626365
10
123.21825693911956
20
45.50547038452885
10
123.21717043434114
20
45.52204724409455
10
123.21717043434114
20
60.254076708153434
10
111.5331470662943
20
60.254076708153434
10
111.5331470662943
20
45.26804673609354
10
123.34417068834159
20
45.26804673609354
10
123.3607475479073
20
45.2669602313149
10
123.37704077280978
20
45.263719307377414
10
123.39277158145364
20
45.2583794173878
10
123.40767081534182
20
45.251031928344446
10
123.42148354445135
20
45.2418025578221
10
123.43397342915773
20
45.23084922290923
10
123.44492676407094
20
45.218359338202845
10
123.45415613459318
20
45.20454660909331
10
123.46150362363642
20
45.189647375205254
10
123.46684351362592
20
45.17391656656116
10
123.47008443756363
20
45.15762334165868
10
123.47117094234204
20
45.141046482092975
10
123.47008443756363
20
45.124469622527386
10
123.46684351362592
20
45.10817639762479
10
123.46150362363642
20
45.09244558898081
10
123.45415613459318
20
45.07754635509275
10
123.44492676407094
20
45.063733625983105
10
123.43397342915773
20
45.051243741276835
10
123.42148354445135
20
45.04029040636385
10
123.40767081534182
20
45.0310610358415
10
123.39277158145364
20
45.02371354679826
10
123.37704077280978
20
45.01837365680865
10
123.3607475479073
20
45.01513273287105
10
123.34417068834159
20
45.014046228092525
97
1
330

75
0
76
1
47
0.4128176842155181
98
1
10
34.90568961886538
20
22.81183545379326
450
0
451
0
460
0
461
0
452
1
462
1
453
2
463
0
63
5
421
255
463
1
63
7
421
16777215
470
LINEAR
1001
ACAD
1010
0
1020
0
1030
0
0
HATCH
5
c6d
100
AcDbEntity
8
Document
100
AcDbHatch
10
0
20
0
30
0
210
0
220
0
230
1
2
SOLID
70
1
71
0
91
1
92
7
72
0
73
1
93
4
10
127.39405638811286
20
19.372237744475456
10
129.17205994412006
20
19.372237744475456
10
129.17205994412006
20
18.86423672847343
10
127.39405638811286
20
18.86423672847343
97
1
330

75
0
76
1
47
0.4128176842155181
98
1
10
34.90568961886538
20
22.81183545379326
450
0
451
0
460
0
461
0
452
1
462
1
453
2
463
0
63
5
421
255
463
1
63
7
421
16777215
470
LINEAR
1001
ACAD
1010
0
1020
0
1030
0
0
HATCH
5
c6f
100
AcDbEntity
8
Document
100
AcDbHatch
10
0
20
0
30
0
210
0
220
0
230
1
2
SOLID
70
1
71
0
91
1
92
7
72
0
73
1
93
4
10
128.02435864871745
20
18.205715011430016
10
128.02435864871745
20
19.98371856743711
10
128.53235966471948
20
19.98371856743711
10
128.53235966471948
20
18.205715011430016
97
1
330

75
0
76
1
47
0.4128176842155181
98
1
10
34.90568961886538
20
22.81183545379326
450
0
451
0
460
0
461
0
452
1
462
1
453
2
463
0
63
5
421
255
463
1
63
7
421
16777215
470
LINEAR
1001
ACAD
1010
0
1020
0
1030
0
0
HATCH
5
c71
100
AcDbEntity
8
Document
100
AcDbHatch
10
0
20
0
30
0
210
0
220
0
230
1
2
SOLID
70
1
71
0
91
1
92
7
72
0
73
1
93
4
10
118.87686055372137
20
19.064312928625895
10
120.65486410972835
20
19.064312928625895
10
120.65486410972835
20
18.55631191262387
10
118.87686055372137
20
18.55631191262387
97
1
330

75
0
76
1
47
0.4128176842155181
98
1
10
34.90568961886538
20
22.81183545379326
450
0
451
0
460
0
461
0
452
1
462
1
453
2
463
0
63
5
421
255
463
1
63
7
421
16777215
470
LINEAR
1001
ACAD
1010
0
1020
0
1030
0
0
HATCH
5
c73
100
AcDbEntity
8
Document
100
AcDbHatch
10
0
20
0
30
0
210
0
220
0
230
1
2
SOLID
70
1
71
0
91
1
92
7
72
0
73
1
93
4
10
120.91704343408696
20
44.391287782575546
10
122.69504699009417
20
44.391287782575546
10
122.69504699009417
20
43.88328676657352
10
120.91704343408696
20
43.88328676657352
97
1
330

75
0
76
1
47
0.4128176842155181
98
1
10
34.90568961886538
20
22.81183545379326
450
0
451
0
460
0
461
0
452
1
462
1
453
2
463
0
63
5
421
255
463
1
63
7
421
16777215
470
LINEAR
1001
ACAD
1010
0
1020
0
1030
0
0
HATCH
5
c75
100
AcDbEntity
8
Document
100
AcDbHatch
10
0
20
0
30
0
210
0
220
0
230
1
2
SOLID
70
1
71
0
91
1
92
7
72
0
73
1
93
4
10
121.54734569469156
20
43.224765049530106
10
121.54734569469156
20
45.0027686055372
10
122.05534671069358
20
45.0027686055372
10
122.05534671069358
20
43.224765049530106
97
1
330

75
0
76
1
47
0.4128176842155181
98
1
10
34.90568961886538
20
22.81183545379326
450
0
451
0
460
0
461
0
452
1
462
1
453
2
463
0
63
5
421
255
463
1
63
7
421
16777215
470
LINEAR
1001
ACAD
1010
0
1020
0
1030
0
0
HATCH
5
c77
100
AcDbEntity
8
Document
100
AcDbHatch
10
0
20
0
30
0
210
0
220
0
230
1
2
SOLID
70
1
71
0
91
1
92
7
72
0
73
1
93
4
10
112.39984759969548
20
44.083362966725986
10
114.17785115570246
20
44.083362966725986
10
114.17785115570246
20
43.57536195072396
10
112.39984759969548
20
43.57536195072396
97
1
330

75
0
76
1
47
0.4128176842155181
98
1
10
34.90568961886538
20
22.81183545379326
450
0
451
0
460
0
461
0
452
1
462
1
453
2
463
0
63
5
421
255
463
1
63
7
421
16777215
470
LINEAR
1001
ACAD
1010
0
1020
0
1030
0
  0
ENDSEC
  0
SECTION
  2
OBJECTS
  0
DICTIONARY
  5
C
330
0
100
AcDbDictionary
281
     1
  3
ACAD_CIP_PREVIOUS_PRODUCT_INFO
350
216
  3
ACAD_COLOR
350
6B
  3
ACAD_DETAILVIEWSTYLE
350
21B
  3
ACAD_GROUP
350
D
  3
ACAD_LAYOUT
350
1A
  3
ACAD_MATERIAL
350
6A
  3
ACAD_MLEADERSTYLE
350
12D
  3
ACAD_MLINESTYLE
350
17
  3
ACAD_PLOTSETTINGS
350
19
  3
ACAD_PLOTSTYLENAME
350
E
  3
ACAD_SCALELIST
350
10C
  3
ACAD_SECTIONVIEWSTYLE
350
219
  3
ACAD_TABLESTYLE
350
7E
  3
ACAD_VISUALSTYLE
350
EF
  3
ACDB_RECOMPOSE_DATA
350
27D
  3
AcDbVariableDictionary
350
5E
  3
AcDsDecomposeData
350
283
  0
DICTIONARY
  5
1FF
330
2
100
AcDbDictionary
280
     1
281
     1
  3
ACAD_LAYERSTATES
360
200
  0
DICTIONARY
  5
13C
330
10
100
AcDbDictionary
280
     1
281
     1
  0
DICTIONARY
  5
1CE
330
1F
100
AcDbDictionary
280
     1
281
     1
  0
XRECORD
  5
216
102
{ACAD_REACTORS
330
C
102
}
330
C
100
AcDbXrecord
280
     1
300
ACD
300
2017
300
ACD_F_S
  0
DICTIONARY
  5
6B
102
{ACAD_REACTORS
330
C
102
}
330
C
100
AcDbDictionary
281
     1
  0
DICTIONARY
  5
21B
102
{ACAD_REACTORS
330
C
102
}
330
C
100
AcDbDictionary
281
     1
  3
Metric50
350
21C
  0
DICTIONARY
  5
D
102
{ACAD_REACTORS
330
C
102
}
330
C
100
AcDbDictionary
281
     1
  0
DICTIONARY
  5
1A
102
{ACAD_REACTORS
330
C
102
}
330
C
100
AcDbDictionary
281
     1
  3
Model
350
22
  3
布局1
350
D3
  3
布局2
350
D7
  0
DICTIONARY
  5
6A
102
{ACAD_REACTORS
330
C
102
}
330
C
100
AcDbDictionary
281
     1
  3
ByBlock
350
ED
  3
ByLayer
350
EC
  3
Global
350
EE
  0
DICTIONARY
  5
12D
102
{ACAD_REACTORS
330
C
102
}
330
C
100
AcDbDictionary
281
     1
  3
Annotative
350
13B
  3
Standard
350
12E
  0
DICTIONARY
  5
17
102
{ACAD_REACTORS
330
C
102
}
330
C
100
AcDbDictionary
281
     1
  3
Standard
350
18
  0
DICTIONARY
  5
19
102
{ACAD_REACTORS
330
C
102
}
330
C
100
AcDbDictionary
281
     1
  0
ACDBDICTIONARYWDFLT
  5
E
102
{ACAD_REACTORS
330
C
102
}
330
C
100
AcDbDictionary
281
     1
  3
Normal
350
F
100
AcDbDictionaryWithDefault
340
F
  0
DICTIONARY
  5
10C
102
{ACAD_REACTORS
330
C
102
}
330
C
100
AcDbDictionary
281
     1
  3
A0
350
10D
  3
A1
350
1BE
  3
A2
350
1BF
  3
A3
350
1C0
  3
A4
350
1C1
  3
A5
350
1C2
  3
A6
350
1C3
  3
A7
350
1C4
  3
A8
350
1C5
  3
A9
350
1C6
  3
B0
350
1C7
  3
B1
350
1C8
  3
B2
350
1C9
  3
B3
350
1CA
  3
B4
350
1CB
  3
B5
350
1CC
  3
B6
350
1CD
  0
DICTIONARY
  5
219
102
{ACAD_REACTORS
330
C
102
}
330
C
100
AcDbDictionary
281
     1
  3
Metric50
350
21A
  0
DICTIONARY
  5
7E
102
{ACAD_REACTORS
330
C
102
}
330
C
100
AcDbDictionary
281
     1
  3
Standard
350
7F
  0
DICTIONARY
  5
EF
102
{ACAD_REACTORS
330
C
102
}
330
C
100
AcDbDictionary
281
     1
  3
2dWireframe
350
F5
  3
Basic
350
F4
  3
Brighten
350
FB
  3
ColorChange
350
FF
  3
Conceptual
350
F8
  3
Dim
350
FA
  3
EdgeColorOff
350
1E6
  3
Facepattern
350
FE
  3
Flat
350
F0
  3
FlatWithEdges
350
F1
  3
Gouraud
350
F2
  3
GouraudWithEdges
350
F3
  3
Hidden
350
F7
  3
JitterOff
350
1E4
  3
Linepattern
350
FD
  3
OverhangOff
350
1E5
  3
Realistic
350
F9
  3
Shaded
350
1F3
  3
Shaded with edges
350
1F2
  3
Shades of Gray
350
1EF
  3
Sketchy
350
1F0
  3
Thicken
350
FC
  3
Wireframe
350
F6
  3
X-Ray
350
1F1
  0
XRECORD
  5
27D
102
{ACAD_REACTORS
330
C
102
}
330
C
100
AcDbXrecord
280
     1
 90
        1
330
7F
  0
DICTIONARY
  5
5E
102
{ACAD_REACTORS
330
C
102
}
330
C
100
AcDbDictionary
281
     1
  3
CANNOSCALE
350
146
  3
CENTEREXE
350
259
  3
CENTERLTYPEFILE
350
25A
  3
CMLEADERSTYLE
350
145
  3
CTABLESTYLE
350
84
  3
CVIEWDETAILSTYLE
350
227
  3
CVIEWSECTIONSTYLE
350
228
  3
DIMASSOC
350
5F
  3
HIDETEXT
350
63
  3
LAYEREVAL
350
1AE
  3
LAYERNOTIFY
350
1AF
  3
XCLIPFRAME
350
27B
  0
DICTIONARY
  5
283
102
{ACAD_REACTORS
330
C
102
}
330
C
100
AcDbDictionary
281
     1
  3
AcDsRecords
350
285
  3
AcDsSchemas
350
284
1001
ACAD
1070
     2
  0
DICTIONARY
  5
200
102
{ACAD_REACTORS
330
1FF
102
}
330
1FF
100
AcDbDictionary
281
     1
  0
ACDBDETAILVIEWSTYLE
  5
21C
102
{ACAD_XDICTIONARY
360
236
102
}
102
{ACAD_REACTORS
330
21B
102
}
330
21B
100
AcDbModelDocViewStyle
 70
     0
  3
Metric50
290
     0
100
AcDbDetailViewStyle
 70
     0
 71
     0
 90
        3
 71
     1
340
11
 62
   256
 40
5.0
340
0
 62
   256
 40
5.0
300

 40
0.0
280
     1
 71
     2
340
16
 90
       25
 62
   256
 71
     3
340
11
 62
   256
 40
5.0
 90
        0
 40
15.0
 90
        1
300
%<AcVar ViewDetailId>% (%<AcVar ViewScale  "%sn">%)
 71
     4
340
16
 90
       25
 62
   256
340
16
 90
       25
 62
   256
280
     0
  0
LAYOUT
  5
22
102
{ACAD_XDICTIONARY
360
205
102
}
102
{ACAD_REACTORS
330
1A
102
}
330
1A
100
AcDbPlotSettings
  1

  2
none_device
  4
ISO_A4_(210.00_x_297.00_MM)
  6

 40
7.5
 41
20.0
 42
7.5
 43
20.0
 44
210.0
 45
297.0
 46
11.54999923706054
 47
-13.65000009536743
 48
0.0
 49
0.0
140
0.0
141
0.0
142
1.0
143
8.704084754739808
 70
 11952
 72
     1
 73
     0
 74
     0
  7

 75
     0
147
0.1148885871608098
 76
     0
 77
     2
 78
   300
148
0.0
149
0.0
100
AcDbLayout
  1
Model
 70
     1
 71
     0
 10
0.0
 20
0.0
 11
12.0
 21
9.0
 12
0.0
 22
0.0
 32
0.0
 14
0.0
 24
0.0
 34
0.0
 15
0.0
 25
0.0
 35
0.0
146
0.0
 13
0.0
 23
0.0
 33
0.0
 16
1.0
 26
0.0
 36
0.0
 17
0.0
 27
1.0
 37
0.0
 76
     0
330
1F
331
EA
1001
ACAD_PSEXT
1000
None
1000
None
1000
Not applicable
1000
The layout will not be plotted unless a new plotter configuration name is selected.
1070
     0
  0
LAYOUT
  5
D3
102
{ACAD_REACTORS
330
1A
102
}
330
1A
100
AcDbPlotSettings
  1

  2
C:Documents and SettingsasasApplication DataAutodeskAutoCAD 2005R16.1enuplottersDefault Windows System Printer.pc3
  4

  6

 40
0.0
 41
0.0
 42
0.0
 43
0.0
 44
0.0
 45
0.0
 46
0.0
 47
0.0
 48
0.0
 49
0.0
140
0.0
141
0.0
142
1.0
143
1.0
 70
   688
 72
     0
 73
     0
 74
     5
  7

 75
    16
147
1.0
 76
     0
 77
     2
 78
   300
148
0.0
149
0.0
100
AcDbLayout
  1
布局1
 70
     1
 71
     1
 10
0.0
 20
0.0
 11
12.0
 21
9.0
 12
0.0
 22
0.0
 32
0.0
 14
0.0
 24
0.0
 34
0.0
 15
0.0
 25
0.0
 35
0.0
146
0.0
 13
0.0
 23
0.0
 33
0.0
 16
1.0
 26
0.0
 36
0.0
 17
0.0
 27
1.0
 37
0.0
 76
     0
330
D2
  0
LAYOUT
  5
D7
102
{ACAD_REACTORS
330
1A
102
}
330
1A
100
AcDbPlotSettings
  1

  2
C:Documents and SettingsasasApplication DataAutodeskAutoCAD 2005R16.1enuplottersDefault Windows System Printer.pc3
  4

  6

 40
0.0
 41
0.0
 42
0.0
 43
0.0
 44
0.0
 45
0.0
 46
0.0
 47
0.0
 48
0.0
 49
0.0
140
0.0
141
0.0
142
1.0
143
1.0
 70
   688
 72
     0
 73
     0
 74
     5
  7

 75
    16
147
1.0
 76
     0
 77
     2
 78
   300
148
0.0
149
0.0
100
AcDbLayout
  1
布局2
 70
     1
 71
     2
 10
0.0
 20
0.0
 11
12.0
 21
9.0
 12
0.0
 22
0.0
 32
0.0
 14
0.0
 24
0.0
 34
0.0
 15
0.0
 25
0.0
 35
0.0
146
0.0
 13
0.0
 23
0.0
 33
0.0
 16
1.0
 26
0.0
 36
0.0
 17
0.0
 27
1.0
 37
0.0
 76
     0
330
D6
  0
MATERIAL
  5
ED
102
{ACAD_XDICTIONARY
360
1F9
102
}
102
{ACAD_REACTORS
330
6A
102
}
330
6A
100
AcDbMaterial
  1
ByBlock
 94
       63
  0
MATERIAL
  5
EC
102
{ACAD_XDICTIONARY
360
1F7
102
}
102
{ACAD_REACTORS
330
6A
102
}
330
6A
100
AcDbMaterial
  1
ByLayer
 94
       63
  0
MATERIAL
  5
EE
102
{ACAD_XDICTIONARY
360
173
102
}
102
{ACAD_REACTORS
330
6A
102
}
330
6A
100
AcDbMaterial
  1
Global
 43
0.0007999999797903
 43
0.0
 43
0.0
 43
0.0
 43
0.0
 43
0.0007999999797903
 43
0.0
 43
0.0
 43
0.0
 43
0.0
 43
1.0
 43
0.0
 43
0.0
 43
0.0
 43
0.0
 43
1.0
 49
0.0007999999797903
 49
0.0
 49
0.0
 49
0.0
 49
0.0
 49
0.0007999999797903
 49
0.0
 49
0.0
 49
0.0
 49
0.0
 49
1.0
 49
0.0
 49
0.0
 49
0.0
 49
0.0
 49
1.0
142
0.0007999999797903
142
0.0
142
0.0
142
0.0
142
0.0
142
0.0007999999797903
142
0.0
142
0.0
142
0.0
142
0.0
142
1.0
142
0.0
142
0.0
142
0.0
142
0.0
142
1.0
144
0.0007999999797903
144
0.0
144
0.0
144
0.0
144
0.0
144
0.0007999999797903
144
0.0
144
0.0
144
0.0
144
0.0
144
1.0
144
0.0
144
0.0
144
0.0
144
0.0
144
1.0
 94
       63
1001
ACAD
1070
    -1
1070
     3
1070
     0
1000

1071
        0
1070
     0
  0
MLEADERSTYLE
  5
13B
102
{ACAD_REACTORS
330
12D
102
}
330
12D
100
AcDbMLeaderStyle
170
     2
171
     1
172
     0
 90
        2
 40
0.0
 41
0.0
173
     1
 91
-1056964608
340
14
 92
       -2
290
     1
 42
2.0
291
     1
 43
8.0
  3
Standard
 44
4.0
300

342
11
174
     1
178
     1
175
     1
176
     0
 93
-1056964608
 45
4.0
292
     0
297
     0
 46
4.0
 94
-1056964608
 47
1.0
 49
1.0
140
1.0
293
     1
141
0.0
294
     1
177
     0
142
1.0
295
     0
296
     1
143
3.75
1001
ACAD_MLEADERVER
1070
     2
  0
MLEADERSTYLE
  5
12E
102
{ACAD_REACTORS
330
12D
102
}
330
12D
100
AcDbMLeaderStyle
170
     2
171
     1
172
     0
 90
        2
 40
0.0
 41
0.0
173
     1
 91
-1056964608
340
14
 92
       -2
290
     1
 42
2.0
291
     1
 43
8.0
  3
Standard
 44
4.0
300

342
11
174
     1
178
     1
175
     1
176
     0
 93
-1056964608
 45
4.0
292
     0
297
     0
 46
4.0
 94
-1056964608
 47
1.0
 49
1.0
140
1.0
293
     1
141
0.0
294
     1
177
     0
142
1.0
295
     0
296
     0
143
3.75
1001
ACAD_MLEADERVER
1070
     2
  0
MLINESTYLE
  5
18
102
{ACAD_REACTORS
330
17
102
}
330
17
100
AcDbMlineStyle
  2
STANDARD
 70
     0
  3

 62
   256
 51
90.0
 52
90.0
 71
     2
 49
0.5
 62
   256
  6
BYLAYER
 49
-0.5
 62
   256
  6
BYLAYER
  0
ACDBPLACEHOLDER
  5
F
102
{ACAD_REACTORS
330
E
102
}
330
E
  0
SCALE
  5
10D
102
{ACAD_REACTORS
330
10C
102
}
330
10C
100
AcDbScale
 70
     0
300
1:1
140
1.0
141
1.0
290
     1
  0
SCALE
  5
1BE
102
{ACAD_REACTORS
330
10C
102
}
330
10C
100
AcDbScale
 70
     0
300
1:2
140
1.0
141
2.0
290
     0
  0
SCALE
  5
1BF
102
{ACAD_REACTORS
330
10C
102
}
330
10C
100
AcDbScale
 70
     0
300
1:4
140
1.0
141
4.0
290
     0
  0
SCALE
  5
1C0
102
{ACAD_REACTORS
330
10C
102
}
330
10C
100
AcDbScale
 70
     0
300
1:5
140
1.0
141
5.0
290
     0
  0
SCALE
  5
1C1
102
{ACAD_REACTORS
330
10C
102
}
330
10C
100
AcDbScale
 70
     0
300
1:8
140
1.0
141
8.0
290
     0
  0
SCALE
  5
1C2
102
{ACAD_REACTORS
330
10C
102
}
330
10C
100
AcDbScale
 70
     0
300
1:10
140
1.0
141
10.0
290
     0
  0
SCALE
  5
1C3
102
{ACAD_REACTORS
330
10C
102
}
330
10C
100
AcDbScale
 70
     0
300
1:16
140
1.0
141
16.0
290
     0
  0
SCALE
  5
1C4
102
{ACAD_REACTORS
330
10C
102
}
330
10C
100
AcDbScale
 70
     0
300
1:20
140
1.0
141
20.0
290
     0
  0
SCALE
  5
1C5
102
{ACAD_REACTORS
330
10C
102
}
330
10C
100
AcDbScale
 70
     0
300
1:30
140
1.0
141
30.0
290
     0
  0
SCALE
  5
1C6
102
{ACAD_REACTORS
330
10C
102
}
330
10C
100
AcDbScale
 70
     0
300
1:40
140
1.0
141
40.0
290
     0
  0
SCALE
  5
1C7
102
{ACAD_REACTORS
330
10C
102
}
330
10C
100
AcDbScale
 70
     0
300
1:50
140
1.0
141
50.0
290
     0
  0
SCALE
  5
1C8
102
{ACAD_REACTORS
330
10C
102
}
330
10C
100
AcDbScale
 70
     0
300
1:100
140
1.0
141
100.0
290
     0
  0
SCALE
  5
1C9
102
{ACAD_REACTORS
330
10C
102
}
330
10C
100
AcDbScale
 70
     0
300
2:1
140
2.0
141
1.0
290
     0
  0
SCALE
  5
1CA
102
{ACAD_REACTORS
330
10C
102
}
330
10C
100
AcDbScale
 70
     0
300
4:1
140
4.0
141
1.0
290
     0
  0
SCALE
  5
1CB
102
{ACAD_REACTORS
330
10C
102
}
330
10C
100
AcDbScale
 70
     0
300
8:1
140
8.0
141
1.0
290
     0
  0
SCALE
  5
1CC
102
{ACAD_REACTORS
330
10C
102
}
330
10C
100
AcDbScale
 70
     0
300
10:1
140
10.0
141
1.0
290
     0
  0
SCALE
  5
1CD
102
{ACAD_REACTORS
330
10C
102
}
330
10C
100
AcDbScale
 70
     0
300
100:1
140
100.0
141
1.0
290
     0
  0
ACDBSECTIONVIEWSTYLE
  5
21A
102
{ACAD_XDICTIONARY
360
234
102
}
102
{ACAD_REACTORS
330
219
102
}
330
219
100
AcDbModelDocViewStyle
 70
     0
  3
Metric50
290
     0
100
AcDbSectionViewStyle
 70
     0
 71
     0
 90
      102
 71
     1
340
11
 62
   256
 40
5.0
340
0
340
0
 62
   256
 40
5.0
300
I, O, Q, S, X, Z
 40
10.0
 90
        0
 40
2.5
 90
        0
 71
     2
340
16
 90
       25
 62
   256
340
16
 90
       50
 62
   256
 40
5.0
 40
2.5
 40
5.0
 71
     3
340
11
 62
   256
 40
5.0
 90
        0
 40
15.0
 90
        1
300
%<AcVar ViewSectionStartId>%-%<AcVar ViewSectionEndId>% (%<AcVar ViewScale  "%sn">%)
 71
     4
 62
   256
 62
   257
300
ANSI31
 40
1.0
 90
        0
290
     0
290
     0
 90
        6
 40
0.0
 40
1.570796326794896
 40
0.2617993877991494
 40
1.308996938995747
 40
-0.2617993877991494
 40
1.832595714594046
  0
TABLESTYLE
  5
7F
102
{ACAD_XDICTIONARY
360
162
102
}
102
{ACAD_REACTORS
330
7E
102
}
330
7E
100
AcDbTableStyle
  3
Standard
 70
     0
 71
     0
 40
1.5
 41
1.5
280
     0
281
     0
  7
Standard
140
4.5
170
     2
 62
     0
 63
     7
283
     0
 90
      512
 91
        0
  1

274
    -2
284
     1
 64
     0
275
    -2
285
     1
 65
     0
276
    -2
286
     1
 66
     0
277
    -2
287
     1
 67
     0
278
    -2
288
     1
 68
     0
279
    -2
289
     1
 69
     0
  7
Standard
140
6.0
170
     5
 62
     0
 63
     7
283
     0
 90
      512
 91
        0
  1

274
    -2
284
     1
 64
     0
275
    -2
285
     1
 65
     0
276
    -2
286
     1
 66
     0
277
    -2
287
     1
 67
     0
278
    -2
288
     1
 68
     0
279
    -2
289
     1
 69
     0
  7
Standard
140
4.5
170
     5
 62
     0
 63
     7
283
     0
 90
      512
 91
        0
  1

274
    -2
284
     1
 64
     0
275
    -2
285
     1
 65
     0
276
    -2
286
     1
 66
     0
277
    -2
287
     1
 67
     0
278
    -2
288
     1
 68
     0
279
    -2
289
     1
 69
     0
  0
VISUALSTYLE
  5
F5
102
{ACAD_XDICTIONARY
360
290
102
}
102
{ACAD_REACTORS
330
EF
102
}
330
EF
100
AcDbVisualStyle
  2
2dWireframe
 70
     4
 71
     0
 72
     2
 73
     1
 90
        0
 40
-0.6
 41
-30.0
 62
     5
 63
     7
421
 16777215
 74
     1
 91
        4
 64
     7
 65
   257
 75
     1
175
     1
 42
1.0
 92
        0
 66
   257
 43
1.0
 76
     1
 77
     6
 78
     2
 67
     7
 79
     5
170
     0
171
     0
290
     0
174
     0
 93
        1
 44
0.0
173
     0
291
     0
 45
0.0
1001
ACAD
1000
AcDbSavedByObjectVersion
1070
     0
  0
VISUALSTYLE
  5
F4
102
{ACAD_XDICTIONARY
360
28E
102
}
102
{ACAD_REACTORS
330
EF
102
}
330
EF
100
AcDbVisualStyle
  2
Basic
 70
     7
 71
     1
 72
     0
 73
     1
 90
        0
 40
-0.6
 41
-30.0
 62
     5
 63
     7
421
 16777215
 74
     0
 91
        4
 64
     7
 65
   257
 75
     1
175
     1
 42
1.0
 92
        8
 66
     7
 43
1.0
 76
     1
 77
     6
 78
     2
 67
     7
 79
     5
170
     0
171
     0
290
     0
174
     0
 93
        1
 44
0.0
173
     0
291
     1
 45
0.0
1001
ACAD
1000
AcDbSavedByObjectVersion
1070
     0
  0
VISUALSTYLE
  5
FB
102
{ACAD_XDICTIONARY
360
29C
102
}
102
{ACAD_REACTORS
330
EF
102
}
330
EF
100
AcDbVisualStyle
  2
Brighten
 70
    12
 71
     2
 72
     2
 73
     1
 90
        0
 40
-0.6
 41
-30.0
 62
     5
 63
     7
421
 16777215
 74
     1
 91
        4
 64
     7
 65
   257
 75
     1
175
     1
 42
1.0
 92
        8
 66
     7
 43
1.0
 76
     1
 77
     6
 78
     2
 67
     7
 79
     5
170
     0
171
     0
290
     0
174
     0
 93
        1
 44
50.0
173
     0
291
     1
 45
0.0
1001
ACAD
1000
AcDbSavedByObjectVersion
1070
     0
  0
VISUALSTYLE
  5
FF
102
{ACAD_XDICTIONARY
360
2A4
102
}
102
{ACAD_REACTORS
330
EF
102
}
330
EF
100
AcDbVisualStyle
  2
ColorChange
 70
    16
 71
     2
 72
     2
 73
     3
 90
        0
 40
-0.6
 41
-30.0
 62
     5
 63
     8
421
  8421504
 74
     1
 91
        4
 64
     7
 65
   257
 75
     1
175
     1
 42
1.0
 92
        8
 66
     8
424
  8421504
 43
1.0
 76
     1
 77
     6
 78
     2
 67
     7
 79
     5
170
     0
171
     0
290
     0
174
     0
 93
        1
 44
0.0
173
     0
291
     1
 45
0.0
1001
ACAD
1000
AcDbSavedByObjectVersion
1070
     0
  0
VISUALSTYLE
  5
F8
102
{ACAD_XDICTIONARY
360
296
102
}
102
{ACAD_REACTORS
330
EF
102
}
330
EF
100
AcDbVisualStyle
  2
Conceptual
 70
     9
 71
     3
 72
     2
 73
     1
 90
        0
 40
-0.6
 41
-30.0
 62
     5
 63
     7
421
 16777215
 74
     2
 91
        2
 64
     7
 65
   257
 75
     1
175
     1
 42
40.0
 92
        8
 66
     7
 43
1.0
 76
     1
 77
     6
 78
     2
 67
     7
 79
     3
170
     0
171
     0
290
     0
174
     0
 93
        1
 44
0.0
173
     0
291
     0
 45
0.0
1001
ACAD
1000
AcDbSavedByObjectVersion
1070
     0
  0
VISUALSTYLE
  5
FA
102
{ACAD_XDICTIONARY
360
29A
102
}
102
{ACAD_REACTORS
330
EF
102
}
330
EF
100
AcDbVisualStyle
  2
Dim
 70
    11
 71
     2
 72
     2
 73
     1
 90
        0
 40
-0.6
 41
-30.0
 62
     5
 63
     7
421
 16777215
 74
     1
 91
        4
 64
     7
 65
   257
 75
     1
175
     1
 42
1.0
 92
        8
 66
     7
 43
1.0
 76
     1
 77
     6
 78
     2
 67
     7
 79
     5
170
     0
171
     0
290
     0
174
     0
 93
        1
 44
-50.0
173
     0
291
     1
 45
0.0
1001
ACAD
1000
AcDbSavedByObjectVersion
1070
     0
  0
VISUALSTYLE
  5
1E6
102
{ACAD_XDICTIONARY
360
2AA
102
}
102
{ACAD_REACTORS
330
EF
102
}
330
EF
100
AcDbVisualStyle
  2
EdgeColorOff
 70
    22
 71
     2
 72
     2
 73
     0
 90
        0
 40
-0.6
 41
-30.0
 62
     5
 63
     7
421
 16777215
 74
     1
 91
        4
 64
     7
 65
   257
 75
     1
175
     1
 42
1.0
 92
        8
 66
     7
 43
1.0
 76
     1
 77
     6
 78
     2
 67
     7
 79
     5
170
     0
171
     0
290
     0
174
     0
 93
        1
 44
0.0
173
     0
291
     1
 45
0.0
1001
ACAD
1000
AcDbSavedByObjectVersion
1070
     0
  0
VISUALSTYLE
  5
FE
102
{ACAD_XDICTIONARY
360
2A2
102
}
102
{ACAD_REACTORS
330
EF
102
}
330
EF
100
AcDbVisualStyle
  2
Facepattern
 70
    15
 71
     2
 72
     2
 73
     1
 90
        0
 40
-0.6
 41
-30.0
 62
     5
 63
     7
421
 16777215
 74
     1
 91
        4
 64
     7
 65
   257
 75
     1
175
     1
 42
1.0
 92
        8
 66
     7
 43
1.0
 76
     1
 77
     6
 78
     2
 67
     7
 79
     5
170
     0
171
     0
290
     0
174
     0
 93
        1
 44
0.0
173
     0
291
     1
 45
0.0
1001
ACAD
1000
AcDbSavedByObjectVersion
1070
     0
  0
VISUALSTYLE
  5
F0
102
{ACAD_XDICTIONARY
360
286
102
}
102
{ACAD_REACTORS
330
EF
102
}
330
EF
100
AcDbVisualStyle
  2
Flat
 70
     0
 71
     2
 72
     1
 73
     1
 90
        2
 40
-0.6
 41
30.0
 62
     5
 63
     7
421
 16777215
 74
     0
 91
        0
 64
     7
 65
   257
 75
     1
175
     1
 42
1.0
 92
        8
 66
     7
 43
1.0
 76
     1
 77
     6
 78
     2
 67
     7
 79
     5
170
     0
171
     0
290
     0
174
     0
 93
       13
 44
0.0
173
     0
291
     1
 45
0.0
1001
ACAD
1000
AcDbSavedByObjectVersion
1070
     0
  0
VISUALSTYLE
  5
F1
102
{ACAD_XDICTIONARY
360
288
102
}
102
{ACAD_REACTORS
330
EF
102
}
330
EF
100
AcDbVisualStyle
  2
FlatWithEdges
 70
     1
 71
     2
 72
     1
 73
     1
 90
        2
 40
-0.6
 41
30.0
 62
     5
 63
     7
421
 16777215
 74
     1
 91
        0
 64
     7
 65
   257
 75
     1
175
     1
 42
1.0
 92
        0
 66
   257
 43
1.0
 76
     1
 77
     6
 78
     2
 67
     7
 79
     5
170
     0
171
     0
290
     0
174
     0
 93
       13
 44
0.0
173
     0
291
     1
 45
0.0
1001
ACAD
1000
AcDbSavedByObjectVersion
1070
     0
  0
VISUALSTYLE
  5
F2
102
{ACAD_XDICTIONARY
360
28A
102
}
102
{ACAD_REACTORS
330
EF
102
}
330
EF
100
AcDbVisualStyle
  2
Gouraud
 70
     2
 71
     2
 72
     2
 73
     1
 90
        2
 40
-0.6
 41
30.0
 62
     5
 63
     7
421
 16777215
 74
     0
 91
        0
 64
     7
 65
   257
 75
     1
175
     1
 42
1.0
 92
        0
 66
     7
 43
1.0
 76
     1
 77
     6
 78
     2
 67
     7
 79
     5
170
     0
171
     0
290
     0
174
     0
 93
       13
 44
0.0
173
     0
291
     1
 45
0.0
1001
ACAD
1000
AcDbSavedByObjectVersion
1070
     0
  0
VISUALSTYLE
  5
F3
102
{ACAD_XDICTIONARY
360
28C
102
}
102
{ACAD_REACTORS
330
EF
102
}
330
EF
100
AcDbVisualStyle
  2
GouraudWithEdges
 70
     3
 71
     2
 72
     2
 73
     1
 90
        2
 40
-0.6
 41
30.0
 62
     5
 63
     7
421
 16777215
 74
     1
 91
        0
 64
     7
 65
   257
 75
     1
175
     1
 42
1.0
 92
        0
 66
   257
 43
1.0
 76
     1
 77
     6
 78
     2
 67
     7
 79
     5
170
     0
171
     0
290
     0
174
     0
 93
       13
 44
0.0
173
     0
291
     1
 45
0.0
1001
ACAD
1000
AcDbSavedByObjectVersion
1070
     0
  0
VISUALSTYLE
  5
F7
102
{ACAD_XDICTIONARY
360
294
102
}
102
{ACAD_REACTORS
330
EF
102
}
330
EF
100
AcDbVisualStyle
  2
Hidden
 70
     6
 71
     1
 72
     2
 73
     2
 90
        0
 40
-0.6
 41
-30.0
 62
     5
 63
     7
421
 16777215
 74
     2
 91
        2
 64
     7
 65
   257
 75
     2
175
     1
 42
40.0
 92
        0
 66
   257
 43
1.0
 76
     1
 77
     6
 78
     2
 67
     7
 79
     3
170
     0
171
     0
290
     0
174
     0
 93
        1
 44
0.0
173
     0
291
     0
 45
0.0
1001
ACAD
1000
AcDbSavedByObjectVersion
1070
     0
  0
VISUALSTYLE
  5
1E4
102
{ACAD_XDICTIONARY
360
2A6
102
}
102
{ACAD_REACTORS
330
EF
102
}
330
EF
100
AcDbVisualStyle
  2
JitterOff
 70
    20
 71
     2
 72
     2
 73
     0
 90
        0
 40
-0.6
 41
-30.0
 62
     5
 63
     7
421
 16777215
 74
     1
 91
        4
 64
     7
 65
   257
 75
     1
175
     1
 42
1.0
 92
       10
 66
     7
 43
1.0
 76
     1
 77
     6
 78
     2
 67
     7
 79
     5
170
     0
171
     0
290
     0
174
     0
 93
        1
 44
0.0
173
     0
291
     1
 45
0.0
1001
ACAD
1000
AcDbSavedByObjectVersion
1070
     0
  0
VISUALSTYLE
  5
FD
102
{ACAD_XDICTIONARY
360
2A0
102
}
102
{ACAD_REACTORS
330
EF
102
}
330
EF
100
AcDbVisualStyle
  2
Linepattern
 70
    14
 71
     2
 72
     2
 73
     1
 90
        0
 40
-0.6
 41
-30.0
 62
     5
 63
     7
421
 16777215
 74
     1
 91
        4
 64
     7
 65
   257
 75
     7
175
     7
 42
1.0
 92
        8
 66
     7
 43
1.0
 76
     1
 77
     6
 78
     2
 67
     7
 79
     5
170
     0
171
     0
290
     0
174
     0
 93
        1
 44
0.0
173
     0
291
     1
 45
0.0
1001
ACAD
1000
AcDbSavedByObjectVersion
1070
     0
  0
VISUALSTYLE
  5
1E5
102
{ACAD_XDICTIONARY
360
2A8
102
}
102
{ACAD_REACTORS
330
EF
102
}
330
EF
100
AcDbVisualStyle
  2
OverhangOff
 70
    21
 71
     2
 72
     2
 73
     0
 90
        0
 40
-0.6
 41
-30.0
 62
     5
 63
     7
421
 16777215
 74
     1
 91
        4
 64
     7
 65
   257
 75
     1
175
     1
 42
1.0
 92
        9
 66
     7
 43
1.0
 76
     1
 77
     6
 78
     2
 67
     7
 79
     5
170
     0
171
     0
290
     0
174
     0
 93
        1
 44
0.0
173
     0
291
     1
 45
0.0
1001
ACAD
1000
AcDbSavedByObjectVersion
1070
     0
  0
VISUALSTYLE
  5
F9
102
{ACAD_XDICTIONARY
360
298
102
}
102
{ACAD_REACTORS
330
EF
102
}
330
EF
100
AcDbVisualStyle
  2
Realistic
 70
     8
 71
     2
 72
     3
 73
     0
 90
        2
 40
-0.6
 41
30.0
 62
     5
 63
     7
421
 16777215
 74
     0
 91
        0
 64
     7
 65
   257
 75
     1
175
     1
 42
1.0
 92
        8
 66
   257
 43
1.0
 76
     1
 77
     6
 78
     2
 67
     7
 79
     3
170
     0
171
     0
290
     0
174
     0
 93
       13
 44
0.0
173
     0
291
     0
 45
0.0
1001
ACAD
1000
AcDbSavedByObjectVersion
1070
     0
  0
VISUALSTYLE
  5
1F3
102
{ACAD_XDICTIONARY
360
2B4
102
}
102
{ACAD_REACTORS
330
EF
102
}
330
EF
100
AcDbVisualStyle
  2
Shaded
 70
    27
 71
     2
 72
     2
 73
     1
 90
        2
 40
-0.6
 41
30.0
 62
     5
 63
     7
421
 16777215
 74
     0
 91
        4
 64
     7
 65
   257
 75
     1
175
     1
 42
1.0
 92
        8
 66
   257
 43
1.0
 76
     1
 77
     6
 78
     2
 67
     8
425
  7895160
 79
     3
170
     0
171
     0
290
     0
174
     0
 93
        5
 44
0.0
173
     0
291
     0
 45
0.0
1001
ACAD
1000
AcDbSavedByObjectVersion
1070
     0
  0
VISUALSTYLE
  5
1F2
102
{ACAD_XDICTIONARY
360
2B2
102
}
102
{ACAD_REACTORS
330
EF
102
}
330
EF
100
AcDbVisualStyle
  2
Shaded with edges
 70
    26
 71
     2
 72
     2
 73
     1
 90
        2
 40
-0.6
 41
30.0
 62
     5
 63
     7
421
 16777215
 74
     1
 91
        2
 64
     7
 65
   257
 75
     2
175
     1
 42
1.0
 92
        8
 66
   257
 43
1.0
 76
     1
 77
     6
 78
     2
 67
     7
 79
     3
170
     0
171
     0
290
     0
174
     0
 93
        5
 44
0.0
173
     0
291
     0
 45
0.0
1001
ACAD
1000
AcDbSavedByObjectVersion
1070
     0
  0
VISUALSTYLE
  5
1EF
102
{ACAD_XDICTIONARY
360
2AC
102
}
102
{ACAD_REACTORS
330
EF
102
}
330
EF
100
AcDbVisualStyle
  2
Shades of Gray
 70
    23
 71
     2
 72
     2
 73
     3
 90
        0
 40
-0.6
 41
-30.0
 62
     5
 63
     7
421
 16777215
 74
     2
 91
        2
 64
     7
 65
     7
 75
     1
175
     1
 42
40.0
 92
        8
 66
     7
 43
1.0
 76
     1
 77
     6
 78
     2
 67
     7
 79
     3
170
     0
171
     0
290
     0
174
     0
 93
        1
 44
0.0
173
     0
291
     0
 45
0.0
1001
ACAD
1000
AcDbSavedByObjectVersion
1070
     0
  0
VISUALSTYLE
  5
1F0
102
{ACAD_XDICTIONARY
360
2AE
102
}
102
{ACAD_REACTORS
330
EF
102
}
330
EF
100
AcDbVisualStyle
  2
Sketchy
 70
    24
 71
     1
 72
     2
 73
     2
 90
        0
 40
-0.6
 41
-30.0
 62
     5
 63
     7
421
 16777215
 74
     2
 91
        2
 64
     7
 65
     7
 75
     1
175
     1
 42
40.0
 92
       11
 66
     7
 43
1.0
 76
     1
 77
     6
 78
     2
 67
     7
 79
     6
170
     0
171
     0
290
     0
174
     0
 93
        1
 44
0.0
173
     0
291
     0
 45
0.0
1001
ACAD
1000
AcDbSavedByObjectVersion
1070
     0
  0
VISUALSTYLE
  5
FC
102
{ACAD_XDICTIONARY
360
29E
102
}
102
{ACAD_REACTORS
330
EF
102
}
330
EF
100
AcDbVisualStyle
  2
Thicken
 70
    13
 71
     2
 72
     2
 73
     1
 90
        0
 40
-0.6
 41
-30.0
 62
     5
 63
     7
421
 16777215
 74
     1
 91
        4
 64
     7
 65
   257
 75
     1
175
     1
 42
1.0
 92
       12
 66
     7
 43
1.0
 76
     1
 77
     6
 78
     2
 67
     7
 79
     5
170
     0
171
     0
290
     0
174
     0
 93
        1
 44
0.0
173
     0
291
     1
 45
0.0
1001
ACAD
1000
AcDbSavedByObjectVersion
1070
     0
  0
VISUALSTYLE
  5
F6
102
{ACAD_XDICTIONARY
360
292
102
}
102
{ACAD_REACTORS
330
EF
102
}
330
EF
100
AcDbVisualStyle
  2
Wireframe
 70
     5
 71
     0
 72
     2
 73
     0
 90
        0
 40
-0.6
 41
-30.0
 62
     5
 63
     7
421
 16777215
 74
     1
 91
        4
 64
     7
 65
   257
 75
     1
175
     1
 42
1.0
 92
        0
 66
   257
 43
1.0
 76
     1
 77
     6
 78
     2
 67
     7
 79
     3
170
     0
171
     0
290
     0
174
     0
 93
        1
 44
0.0
173
     0
291
     0
 45
0.0
1001
ACAD
1000
AcDbSavedByObjectVersion
1070
     0
  0
VISUALSTYLE
  5
1F1
102
{ACAD_XDICTIONARY
360
2B0
102
}
102
{ACAD_REACTORS
330
EF
102
}
330
EF
100
AcDbVisualStyle
  2
X-Ray
 70
    25
 71
     2
 72
     2
 73
     1
 90
        1
 40
0.5
 41
-30.0
 62
     5
 63
     7
421
 16777215
 74
     1
 91
        0
 64
     7
 65
   257
 75
     1
175
     1
 42
1.0
 92
        8
 66
     7
 43
1.0
 76
     1
 77
     6
 78
     2
 67
     7
 79
     3
170
     0
171
     0
290
     0
174
     0
 93
       13
 44
0.0
173
     0
291
     0
 45
0.0
1001
ACAD
1000
AcDbSavedByObjectVersion
1070
     0
  0
DICTIONARYVAR
  5
146
102
{ACAD_REACTORS
330
5E
102
}
330
5E
100
DictionaryVariables
280
     0
  1
1:1
  0
DICTIONARYVAR
  5
259
102
{ACAD_REACTORS
330
5E
102
}
330
5E
100
DictionaryVariables
280
     0
  1
3.500000
  0
DICTIONARYVAR
  5
25A
102
{ACAD_REACTORS
330
5E
102
}
330
5E
100
DictionaryVariables
280
     0
  1
acadiso.lin
  0
DICTIONARYVAR
  5
145
102
{ACAD_REACTORS
330
5E
102
}
330
5E
100
DictionaryVariables
280
     0
  1
STANDARD
  0
DICTIONARYVAR
  5
84
102
{ACAD_REACTORS
330
5E
102
}
330
5E
100
DictionaryVariables
280
     0
  1
STANDARD
  0
DICTIONARYVAR
  5
227
102
{ACAD_REACTORS
330
5E
102
}
330
5E
100
DictionaryVariables
280
     0
  1
Metric50
  0
DICTIONARYVAR
  5
228
102
{ACAD_REACTORS
330
5E
102
}
330
5E
100
DictionaryVariables
280
     0
  1
Metric50
  0
DICTIONARYVAR
  5
5F
102
{ACAD_REACTORS
330
5E
102
}
330
5E
100
DictionaryVariables
280
     0
  1
2
  0
DICTIONARYVAR
  5
63
102
{ACAD_REACTORS
330
5E
102
}
330
5E
100
DictionaryVariables
280
     0
  1
1
  0
DICTIONARYVAR
  5
1AE
102
{ACAD_REACTORS
330
5E
102
}
330
5E
100
DictionaryVariables
280
     0
  1
0
  0
DICTIONARYVAR
  5
1AF
102
{ACAD_REACTORS
330
5E
102
}
330
5E
100
DictionaryVariables
280
     0
  1
0
  0
DICTIONARYVAR
  5
27B
102
{ACAD_REACTORS
330
5E
102
}
330
5E
100
DictionaryVariables
280
     0
  1
2
  0
DICTIONARY
  5
285
102
{ACAD_REACTORS
330
283
102
}
330
283
100
AcDbDictionary
281
     1
  0
DICTIONARY
  5
284
102
{ACAD_REACTORS
330
283
102
}
330
283
100
AcDbDictionary
281
     1
  3
1923465580128
350
27E
  3
1923465580144
350
27F
  3
1923465580160
350
280
  3
1923465580176
350
281
  3
1923465580192
350
282
  0
DICTIONARY
  5
236
330
21C
100
AcDbDictionary
280
     1
281
     1
  3
ACAD_XREC_ROUNDTRIP
360
2B7
  0
DICTIONARY
  5
205
330
22
100
AcDbDictionary
280
     1
281
     1
  0
DICTIONARY
  5
1F9
330
ED
100
AcDbDictionary
280
     1
281
     1
  3
FBXASSET
360
1FA
  0
DICTIONARY
  5
1F7
330
EC
100
AcDbDictionary
280
     1
281
     1
  3
FBXASSET
360
1F8
  0
DICTIONARY
  5
173
330
EE
100
AcDbDictionary
280
     1
281
     1
  3
BUMPTILE
360
175
  3
DIFFUSETILE
360
174
  3
FBXASSET
360
1FB
  3
OPACITYTILE
360
176
  3
REFLECTIONTILE
360
177
  0
DICTIONARY
  5
234
330
21A
100
AcDbDictionary
280
     1
281
     1
  3
ACAD_XREC_ROUNDTRIP
360
2B6
  0
DICTIONARY
  5
162
330
7F
100
AcDbDictionary
280
     1
281
     1
  3
ACAD_ROUNDTRIP_2008_TABLESTYLE_CELLSTYLEMAP
360
27C
  0
DICTIONARY
  5
290
330
F5
100
AcDbDictionary
280
     1
281
     1
  3
ACAD_XREC_ROUNDTRIP
360
291
  0
DICTIONARY
  5
28E
330
F4
100
AcDbDictionary
280
     1
281
     1
  3
ACAD_XREC_ROUNDTRIP
360
28F
  0
DICTIONARY
  5
29C
330
FB
100
AcDbDictionary
280
     1
281
     1
  3
ACAD_XREC_ROUNDTRIP
360
29D
  0
DICTIONARY
  5
2A4
330
FF
100
AcDbDictionary
280
     1
281
     1
  3
ACAD_XREC_ROUNDTRIP
360
2A5
  0
DICTIONARY
  5
296
330
F8
100
AcDbDictionary
280
     1
281
     1
  3
ACAD_XREC_ROUNDTRIP
360
297
  0
DICTIONARY
  5
29A
330
FA
100
AcDbDictionary
280
     1
281
     1
  3
ACAD_XREC_ROUNDTRIP
360
29B
  0
DICTIONARY
  5
2AA
330
1E6
100
AcDbDictionary
280
     1
281
     1
  3
ACAD_XREC_ROUNDTRIP
360
2AB
  0
DICTIONARY
  5
2A2
330
FE
100
AcDbDictionary
280
     1
281
     1
  3
ACAD_XREC_ROUNDTRIP
360
2A3
  0
DICTIONARY
  5
286
330
F0
100
AcDbDictionary
280
     1
281
     1
  3
ACAD_XREC_ROUNDTRIP
360
287
  0
DICTIONARY
  5
288
330
F1
100
AcDbDictionary
280
     1
281
     1
  3
ACAD_XREC_ROUNDTRIP
360
289
  0
DICTIONARY
  5
28A
330
F2
100
AcDbDictionary
280
     1
281
     1
  3
ACAD_XREC_ROUNDTRIP
360
28B
  0
DICTIONARY
  5
28C
330
F3
100
AcDbDictionary
280
     1
281
     1
  3
ACAD_XREC_ROUNDTRIP
360
28D
  0
DICTIONARY
  5
294
330
F7
100
AcDbDictionary
280
     1
281
     1
  3
ACAD_XREC_ROUNDTRIP
360
295
  0
DICTIONARY
  5
2A6
330
1E4
100
AcDbDictionary
280
     1
281
     1
  3
ACAD_XREC_ROUNDTRIP
360
2A7
  0
DICTIONARY
  5
2A0
330
FD
100
AcDbDictionary
280
     1
281
     1
  3
ACAD_XREC_ROUNDTRIP
360
2A1
  0
DICTIONARY
  5
2A8
330
1E5
100
AcDbDictionary
280
     1
281
     1
  3
ACAD_XREC_ROUNDTRIP
360
2A9
  0
DICTIONARY
  5
298
330
F9
100
AcDbDictionary
280
     1
281
     1
  3
ACAD_XREC_ROUNDTRIP
360
299
  0
DICTIONARY
  5
2B4
330
1F3
100
AcDbDictionary
280
     1
281
     1
  3
ACAD_XREC_ROUNDTRIP
360
2B5
  0
DICTIONARY
  5
2B2
330
1F2
100
AcDbDictionary
280
     1
281
     1
  3
ACAD_XREC_ROUNDTRIP
360
2B3
  0
DICTIONARY
  5
2AC
330
1EF
100
AcDbDictionary
280
     1
281
     1
  3
ACAD_XREC_ROUNDTRIP
360
2AD
  0
DICTIONARY
  5
2AE
330
1F0
100
AcDbDictionary
280
     1
281
     1
  3
ACAD_XREC_ROUNDTRIP
360
2AF
  0
DICTIONARY
  5
29E
330
FC
100
AcDbDictionary
280
     1
281
     1
  3
ACAD_XREC_ROUNDTRIP
360
29F
  0
DICTIONARY
  5
292
330
F6
100
AcDbDictionary
280
     1
281
     1
  3
ACAD_XREC_ROUNDTRIP
360
293
  0
DICTIONARY
  5
2B0
330
1F1
100
AcDbDictionary
280
     1
281
     1
  3
ACAD_XREC_ROUNDTRIP
360
2B1
  0
XRECORD
  5
27E
102
{ACAD_REACTORS
330
284
102
}
330
284
100
AcDbXrecord
280
     1
  1
AcDb_Thumbnail_Schema
102
{ATTRRECORD
341
27F
  2
AcDbDs::TreatedAsObjectData
280
     1
291
     1
102
ATTRRECORD}
102
{ATTRRECORD
341
280
  2
AcDbDs::Legacy
280
     1
291
     1
102
ATTRRECORD}
  2
AcDbDs::ID
280
    10
 91
        8
102
{ATTRRECORD
341
281
  2
AcDs:Indexable
280
     1
291
     1
102
ATTRRECORD}
102
{ATTRRECORD
341
282
  2
AcDbDs::HandleAttribute
280
     7
282
     1
102
ATTRRECORD}
  2
Thumbnail_Data
280
    15
 91
        0
  0
XRECORD
  5
27F
102
{ACAD_REACTORS
330
284
102
}
330
284
100
AcDbXrecord
280
     1
  1
AcDbDs::TreatedAsObjectDataSchema
  2
AcDbDs::TreatedAsObjectData
280
     1
 91
        0
  0
XRECORD
  5
280
102
{ACAD_REACTORS
330
284
102
}
330
284
100
AcDbXrecord
280
     1
  1
AcDbDs::LegacySchema
  2
AcDbDs::Legacy
280
     1
 91
        0
  0
XRECORD
  5
281
102
{ACAD_REACTORS
330
284
102
}
330
284
100
AcDbXrecord
280
     1
  1
AcDbDs::IndexedPropertySchema
  2
AcDs:Indexable
280
     1
 91
        0
  0
XRECORD
  5
282
102
{ACAD_REACTORS
330
284
102
}
330
284
100
AcDbXrecord
280
     1
  1
AcDbDs::HandleAttributeSchema
  2
AcDbDs::HandleAttribute
280
     7
 91
        1
284
     1
  0
XRECORD
  5
2B7
102
{ACAD_REACTORS
330
236
102
}
330
236
100
AcDbXrecord
280
     1
102
DISPLAYNAME
  1
Metric50
102
FLAGS
 90
        0
  0
XRECORD
  5
1FA
102
{ACAD_REACTORS
330
1F9
102
}
330
1F9
100
AcDbXrecord
280
     1
 70
     1
 90
429727718
  1
D62C5603-E3A1-4AEA-B7FB-FE5D8D0755AF
310
504B03040A0000080000CC70623B3DEE336E79000000790000001B0000006175746F6465736B2D64657369676E2D7061636B6167652E786D6C3C3F786D6C2076657273696F6E3D22312E302220656E636F64696E673D227574662D3822203F3E3C666F726D6174733E3C666F726D61743E687474703A2F2F736368656D612E
310
6175746F6465736B2E636F6D2F64657369676E2D7061636B6167652F323030393C2F666F726D61743E3C2F666F726D6174733E504B0304140006080800CC70623BD486FD9CA0000000F4000000130000005B436F6E74656E745F54797065735D2E786D6C7D8EC10E82300C865F65E91D8A1E8C310C0EEA1BF002731658846E
310
D98AC1B77784ABF1D8FE5FBFBF75BBCE937A534CCEB38643598122B6FEE978D0B0485F9C41B54DDD7D022595594E1A469170414C76A4D9A4D207E29CF43ECE46F218070CC6BECC4078ACAA135ACF422C856C0E68EA1BF5669944DDD7BCDE7B1F8E415D77AECB980613C2E4AC91FC167A2B244592486606FC29C8FD7F045B9A
310
EF7053A7E60B504B0304140006080800CC70623B853B8169EB0000007C01000008000000636F72652E786D6C8D90416EC3201045AF62CDB6C206821CC7C244919D9CA01740401C94182C03558F5F9C3852BBEB6A467FFE9B197D7EFC9E1EC5975982F5AE035262288C535E5B377690E21535501C055FBC8FBF6C503839990E
310
5619041F179FE64D52DE45E362569DD7661365082642A11EB9E920A89B99642953CC8E702F67A9EE7234257977194EC9EAE275C4EABCCF5EAD5940D4AC6F0E35A568B8F43562CD7046CD199FD07E60174276A7BE677B5EADB0E0D14EEFFB6A31321A0D82627C4084204C3F096B71DD52F6819B16635EADF63F509AF53FA164
310
5DDCD1EDDD17164090FCC8732078B56691CB33A85CD7DCC40F504B0304140006080800CC70623B55019EA25F0000007C00000007000000636E782E786D6C4DCB3B0E80201045D1AD90E915ED2CF8AC45050C11660C8261F98AB1B07AC9C97D42D718D865D3E909258CFD00CCE24AC6E326A164D74DC0B4128928FF32603847
310
2BA13128B1252AC747C6BAB984FC68F0B87FE8960A5C09FE86CFB69FBA01504B0304140006080800CC70623BDBABAAF470010000D40300000C0000006662782F636F72652E786D6CC553D16E823014FD95A6AF4B694182CC941A83FA05FB810A9511A125A5257EFE2E82712ECEB8A7F100CD39F7F69E734AF9FADC366850B6
310
AF8DCE7018308C942E4C59EB2AC3DE1D498AD15A706B8CFB56869196ADCAF00863C12B6B7C374385D14E6907A836A59A41D9F7CA615434B0C8705F7CAA5606D23BA8E84F41278B93AC54100640439DE0BDB320004D43C63716C7C399D30917DCFBBA9CD9BA8469F5B156168B24CED3F7248AC8769F27244EB73B92EED8862C
310
B7F13E0C179B3C8F979C8ECD82BBBABDAA2BAC924E9558448CBD9330242CFA08E3154B5651FCC6D215639C8EE5774DBE2B5F6CF2B5768B68963BB5F5588420E442FC700B1139D4CB01F450C1E918227C2E09DF070D8140C84E1E9AAB8F1340832A9CB13130A5F1376A908D57309505ECF2A0DF179C4E9D30F5B239B87E3823
310
7A79C6F31DE1A8A5AEC08474B03C7837EAE4938639B44E5932B833D2C6B6B279CDC613877FA26EE21F4A2A4C63EC7F29A2F301D1F9F7A0E37D145F504B0304140006080800CC70623B9C113CC27E0000009D0000000B0000006662782F636E782E786D6C4DCCDF0A83201C86E15B91DFB94BFB330DD428C8FB886521330DA7
310
6397BF1A1DECE883878F57749FCDA1B7892F1BBC047A23808C7F84D9FA55424E0BE6803A256208E9EF06C84F9B91703228B1C690F78B66B34CD9A5439DF5CF0BFBF65E35BCA1B8D6A5C6F540381E886698B5741C695F9503EBA150A2F8958E3DC3EA0B504B0304140006080800CC70623B7DF2F77C2A010000120200003100
310
00006662782F41393633353835312D344632462D344230382D423046372D3739314545314133324237412F636F72652E786D6C8D51DB8EC22014FC15C2939B0D2DB4B45643319AE817EC0F6041255A68B86CFCFC856D4D76DF7CE190393373060EDB3DC707F856CE6B6B7A480A0C81328395DA5C7B18C3057510EC3873D686
310
3F34088C18550F330C39BB3A1BA7051AAC09CA84841A2BD5020AEF55806078A44B0FFD7053A328440C89E1EFC52486BBB8AA8214A99D789CF9E05200300FC927E4FB4D5B375D43103D5527440FB843077C5AA3F5861C8F645F5787F59E95B390B318B55CE45AA638FAA2957BD7248B390B7A7CC51F9C124149C82B8C378810
310
84AB2F42B7B8DD56F413775B8C5999E9FF4471926F8AA236A1AE96B8B3CC434E5839373893369E1FAF30EA395917409EB7F26AF8801C171837A4A6AC9C89E9F9C9B1A58BA30FD6A5EF5DDDCF894B9AD9B6A59C957943A9FCAE2FD5BC4DFE03504B0304140006080800CC70623BAD7543B64E01000033030000300000006662
310
782F41393633353835312D344632462D344230382D423046372D3739314545314133324237412F636E782E786D6CD593CD6EC32010845F0571AD6CE3D48AD20813A9873E410FBD12D82434182C7EAAE6EDBB2424CD25871E7B41D6EC30B3FA84F9E67BB2E40B4234DE8DB46F1925E094D7C6ED479AD3AE5951B2113C789FEE
310
6C943839C1488B4C05DF079FE72A69D8C96C13AAD6B8631503449F83828872B949AC57D26200B826A308D316B4064D6E46FCDA41C05550DC9E483A00797BFD207EFB092A45DE9514C1BBD22178396BD39D891265658C238DEA00936C654E5E433CB65A26D9F6EDB5EBC14EBF49A45CB856E66048291F6939A9A81BB5C89177
310
38143CA680F4AA299D66A042CEB3354A2684DC9D8D178FE0D9B8B41CAAD720F880EE7EF93C0C18769E099ECC04D5A102C8049A8A05632F4DDF376CF1DE0F6BB65C2F8627B65A33C6BB62177CEBBDAD973006829F89F22E814B54F4BC2BE347F8AA8F681390B50FA73F804400B5F542E796F19FF974E7F78DB802FE05E20750
310
4B0304140006080800CC70623BE75B7789680500003C100000340000006662782F41393633353835312D344632462D344230382D423046372D3739314545314133324237412F6F626A656374732E786D6CAD575B8F9B3818FD2B887D06C22499CB8AA1CA655245D5B455A356FB305264C061D8018C6C3393D95FBFC7600890
310
A4CD5EF210B0B1BFEBF98E3F7B1FF6596ABC522E1296DF9BAE3D320D9A872C4AF2F8DE2CE5CEBA358D0FBEC719939D65A691938CDE9B6ADAF4BD98B3B2D05311DD91329583D9D5FC0F438434A7A611A644887B5384CF34233629258BA878B12322891DEFF6B66BD70BFB62634E8AE781D082709A4B588AF91C528CDA28B73F
310
1C998EEF39EABBEFA97FBD6A7C7E9553F9D3D79FE442923C3C523610337627CB87ABE99D359D4CC6D6E4FACAB5E6ABF9D2726FC6A3C5F56271377BB88362213924694B38DD99FE47C48627A1E7D49F5A8BB5E1A74C0A599ED3B0F21F1E56366B89112D681E218F0915D0D6F17AD41FBA2A369DCF6335D62ABBD39779D5DDD1
310
11D4D8DE3CBB96B2E04FB8202E41051754A1AA8E8F76B4C6DFE810B580B1547F4B84911149794252234D024EF8BBE963A95AE27B3D310A9D5C215C7960FAEE415ED75694C6AFB17BCACA5D99A60A9AA65F217B0BFC53292ACB92BF283FAD0D3621576592CB5BED907C2FA8E9DF794E35E97BEA31BED21FEB401ABB94C44839
310
DCACBF0E1C5DA8DA5B2F4DFFD32AD86F543D9E565E7056502E157C00AD2671CD534549AB752FCA9CDA00677A313F04E51B22FF19E57B300579E3C97EB29F682D92935CEC18CF901B7B54FD8C51F362B56FC72FE0B3C1EAE335EDCCBF5AEC39ADB17DC238973F804BA5E6F6BFE7AF1FB32E523BE9F3BD571418E3631DCA4D48
310
5250CF639223210A9446CA30052EDF057BD35F8329C1ECD84552BF0DC8D18BE7BCE23BFE6BD960AB4A7DE79923A103BEBD80F911CBAA2C60DB19B01CF164A5583B772EE6D3FFA56666CBCDA74DC97724A48F9A58967497E489C4D979006FD7A05E227A1EBDD0F737C623387A9C844D3709995625106D157315F8B8392CD4E0
310
A0B9A720C4BE9829CEF37EA1E13111214D53925356365ADA634861B52519DD27A00AEB808EAF0628E6F435519D446F45CF2C9CF5214F0A15B2F6D06B79DA3EE3CBF7F56780D2F4E7EF73A0F5E5B02A38D07DC852C6B7C1FBB6664213E0C39E3EBA7FF4E1AD23EA2829407C85E586727488B751B2DB9502BC7B228A3FD68B6E
310
A65A22397E690AA8D158D7E404EC8CDA235CC3B7D1898680131CEC2CDF2638C65196279577750F15884AEE19F94199155B92B13297978469D4F8D358DF0AEF7631E28DC8F0D9F437D5D39A83B2231A1D52D543813A824EF8D44BCFF2FA6A31BD1E8DAD87F1CCB526B3879935BF59CDADD5C37479BB1CDD4CA7B3556B516589
310
EF352754B706114D9C885EC9131DE6EFEB43D99AFE2391C2F958179413D7CFEF6B1B6DB1E7600F00DE6E5C67454A339A4BA2E0FBA85ED26F045D454F463DBFCE484C2F90F2E5E3666003662ED8F755951A7D1BECD5B30B550B2785C8E7320B7292A4838DDA71BBC863ED7613CAF659337A3354231D4FF4A182A54904C2898C
310
98B28C4AD0CE056CCF332A80986E571EE9DBC305BB5FEB7E509220A58D25CF042D712A806AC0AD0C657FDEF80D2D9CEAA2EE4D1C76F60BFE74219A06527D6F82DF6412526107381E55E353090704D085B52408A8913C4ED159D79BDA71BB4BC506F4831350EB6F975CD22D69BF7AC49B91A2C0A9DDA3D5CA36AD20FC478E37
310
E61844E2352865EBCB61A275A65283CAAA9DD27703B4102F5AF51EF5F573B75CBB5AD38BC845F7A49F82A0966A49C2E3EA5EA0ECD326CD965F1DB402C6FA8B51A4658C5C5E2EC9E214602E55810345408596591009A82E7E7FFACA19EEA299B14A0081A705CB3296EBC14CDF658DCD336EA6D1136881AAEB87B81AB9EE53D5
310
F5EB8BC8362082DA24122F98680A4E7930C01A0079749CEA14382A0783E5EBA5A10F8C098456A03D6A4AEB6BB881E2513747552A5DB22C7EDAF83BD5528081A365F7FF06504B0304140006080000CC70623B000000000000000000000000350000006662782F41393633353835312D344632462D344230382D423046372D37
310
39314545314133324237412F76657274696365732E62696E504B0304140006080800CC70623BF270F1330600000004000000360000006662782F41393633353835312D344632462D344230382D423046372D3739314545314133324237412F747269616E676C65732E62696E636660600000504B0304140006080000CC7062
310
3B000000000000000000000000370000006662782F41393633353835312D344632462D344230382D423046372D3739314545314133324237412F617474726962757465732E62696E504B0304140006080800CC70623B08DA0BD19000000041010000360000006662782F41393633353835312D344632462D344230382D4230
310
46372D3739314545314133324237412F6469726563746F72792E786D6C858F410AC3201045AF22B36F53E9A60B35CBEEBAE80D244E44489C6234F4F835464A48035D0DF398FF9F8AF63D0E6CC63039F212F8F9020C7D47C6792B21C5FE7403D62A1188E2E60C98D7234A5830286103A55745067B9D86B8A3CF9C7F90C11DE6
310
07FB144396D7B6A82D282E9A152AD114D5EF2CB866EEE831B8EEA07A7BB5A8D7D61A2BAAEB7FD5F70921FF497D00504B0304140006080800CC70623BEDD1DC58FD000000A00100003B0000006662782F41393633353835312D344632462D344230382D423046372D3739314545314133324237412F7265736F75726365732F
310
636F72652E786D6C8D504B6E833010BD0A9A6D65B00922041947112427E8052C33A156828DFCA97AFC9A40A576D7CDCCE87D344F8F9FBFE667F689CE6B6B3A6039850C8DB2A336530731DC4903D95970676DF82583CCC8193B5861107C72362E3BA4AC096842428D1D7107A5F7182053CF7474E0D507CE32973124857FE48B
310
540F3961CEF244279DE03EB81420DB9EAC1384436FA353E879B1B182C7A8C75DA3C7F453DF353A1075D537A7BA6464B8F535A99AE14A9A2BBD90E350DD183B5CFABE3AF262350B1EF4FC9351399401471025A527C218A1E53BAB5A5AB765F5469B96525EACF23FA6B88CFF34456DC2A1DCE36E360F82A5202F42F062ED2BAD
310
579969AFDD8A6F504B010214000A0000080000CC70623B3DEE336E79000000790000001B00000000000000000000000000000000006175746F6465736B2D64657369676E2D7061636B6167652E786D6C504B01021400140006080800CC70623BD486FD9CA0000000F40000001300000000000000000000000000B20000005B
310
436F6E74656E745F54797065735D2E786D6C504B01021400140006080800CC70623B853B8169EB0000007C010000080000000000000000000000000083010000636F72652E786D6C504B01021400140006080800CC70623B55019EA25F0000007C000000070000000000000000000000000094020000636E782E786D6C504B
310
01021400140006080800CC70623BDBABAAF470010000D40300000C00000000000000000000000000180300006662782F636F72652E786D6C504B01021400140006080800CC70623B9C113CC27E0000009D0000000B00000000000000000000000000B20400006662782F636E782E786D6C504B01021400140006080800CC70
310
623B7DF2F77C2A010000120200003100000000000000000000000000590500006662782F41393633353835312D344632462D344230382D423046372D3739314545314133324237412F636F72652E786D6C504B01021400140006080800CC70623BAD7543B64E010000330300003000000000000000000000000000D2060000
310
6662782F41393633353835312D344632462D344230382D423046372D3739314545314133324237412F636E782E786D6C504B01021400140006080800CC70623BE75B7789680500003C10000034000000000000000000000000006E0800006662782F41393633353835312D344632462D344230382D423046372D3739314545
310
314133324237412F6F626A656374732E786D6C504B01021400140006080000CC70623B0000000000000000000000003500000000000000000000000000280E00006662782F41393633353835312D344632462D344230382D423046372D3739314545314133324237412F76657274696365732E62696E504B01021400140006
310
080800CC70623BF270F133060000000400000036000000000000000000000000007B0E00006662782F41393633353835312D344632462D344230382D423046372D3739314545314133324237412F747269616E676C65732E62696E504B01021400140006080000CC70623B0000000000000000000000003700000000000000
310
000000000000D50E00006662782F41393633353835312D344632462D344230382D423046372D3739314545314133324237412F617474726962757465732E62696E504B01021400140006080800CC70623B08DA0BD1900000004101000036000000000000000000000000002A0F00006662782F41393633353835312D344632
310
462D344230382D423046372D3739314545314133324237412F6469726563746F72792E786D6C504B01021400140006080800CC70623BEDD1DC58FD000000A00100003B000000000000000000000000000E1000006662782F41393633353835312D344632462D344230382D423046372D3739314545314133324237412F7265
310
736F75726365732F636F72652E786D6C504B0506000000000E000E0080040000641100000000
  0
XRECORD
  5
1F8
102
{ACAD_REACTORS
330
1F7
102
}
330
1F7
100
AcDbXrecord
280
     1
 70
     1
 90
429727718
  1
30362254-06B7-45E0-A893-8CFA70E3D6BC
310
504B03040A0000080000CC70623B3DEE336E79000000790000001B0000006175746F6465736B2D64657369676E2D7061636B6167652E786D6C3C3F786D6C2076657273696F6E3D22312E302220656E636F64696E673D227574662D3822203F3E3C666F726D6174733E3C666F726D61743E687474703A2F2F736368656D612E
310
6175746F6465736B2E636F6D2F64657369676E2D7061636B6167652F323030393C2F666F726D61743E3C2F666F726D6174733E504B0304140006080800CC70623BD486FD9CA0000000F4000000130000005B436F6E74656E745F54797065735D2E786D6C7D8EC10E82300C865F65E91D8A1E8C310C0EEA1BF002731658846E
310
D98AC1B77784ABF1D8FE5FBFBF75BBCE937A534CCEB38643598122B6FEE978D0B0485F9C41B54DDD7D022595594E1A469170414C76A4D9A4D207E29CF43ECE46F218070CC6BECC4078ACAA135ACF422C856C0E68EA1BF5669944DDD7BCDE7B1F8E415D77AECB980613C2E4AC91FC167A2B244592486606FC29C8FD7F045B9A
310
EF7053A7E60B504B0304140006080800CC70623B1EC5D7A3EB0000007C01000008000000636F72652E786D6C8D90416EC3201045AF82665B6103C6756C6122AB4D4ED00B204C5C94182C03558F5F9C3852BBEB6A467FFE9B197D71FC9E6FE8CBACC17AD7032D0820E3B41FAD9B7A48F1820F808E52ACDEC75F36404ECDA687
310
4D0629A6D5A76597B477D1B89855E747B38B2A041301E95B6E7A08FAD3CCAA50296647B8168BD2573599823EBB0CA76447F43862C7BCCF5EAC59410E4DDD9C7973C2755553CCCFA4C603E3040F1565ED3B1FDE4E432BCA0D9622DAF9795FAF464533826484B498524CD807E51D79ED187F21878E10516EF63F505AC67F42C9
310
BA58B1FDDD071640D2FCC87D2045B96591CB3DA85CB7DCE40F504B0304140006080800CC70623B55019EA25F0000007C00000007000000636E782E786D6C4DCB3B0E80201045D1AD90E915ED2CF8AC45050C11660C8261F98AB1B07AC9C97D42D718D865D3E909258CFD00CCE24AC6E326A164D74DC0B4128928FF32603847
310
2BA13128B1252AC747C6BAB984FC68F0B87FE8960A5C09FE86CFB69FBA01504B0304140006080800CC70623B8C9102E971010000D40300000C0000006662782F636F72652E786D6CC5535B6E833010BC8AE5DF0A6C08340F1947A84D4ED00B38C6A128602363A31CBFCB234A53A551FA553EC09AD9F5CE8C31DB9E9B1AF5CA
310
7695D1198E428A91D2D214952E33ECDD315861B4E5CC1AE3BE9561A445A3323CC098B3D21ADFCE9034DA29ED00D5A6503328BA4E398C640D8B0C77F253352214DE4145770A5B214FA2546114020D759C75CE8200340D19DE981F0F6746269C33EFAB6266AB02A655C74A59CCF365BADC27CB5D902ED22848F6340DF238A141
310
BE88E2F57B92BFEDF23523433367AE6A2EEAA455C2A902F398D2751045018D3FA264435F3771F242571B4A1919CA6F9A7C5B3CD9E42BED16F12C776AEB308F40C848FC700B1139D4891EF410CEC810227CC6846F8386402064270EF5C5C709A05E49676C024C61FC95EA45ED154CA5211D1FF4FB8291A913A68E9B83EBBB33
310
E2A7673CDE118E5AE8124C0807CB8377834E366998436B950D7A7746DAD846D4CFD978E0F04FD455FC5D49D2D4C6FE9722321F10997F0F32DC47FE05504B0304140006080800CC70623BFFEA85907E0000009D0000000B0000006662782F636E782E786D6C4DCCD10A83201886E15B91FFDC95D95A811AB6F23E625948A6C3
310
E9D8E5AF46073BFAE0E1E365ED67B3E8ADC3CB78C7815C7240DA3DFC64DCC221C519D7805AC182F7F1EF06C88D9BE6703008B6049F9E274D7A1E938DBB5AE3D6131B2589BA0D3D965551E0B2EA732C9B9A624AAEB41E3A557677029960D9AFB4EF11165F504B0304140006080800CC70623B4FEEA4082C0100001202000031
310
0000006662782F39464131463745442D413632322D343644302D413938332D3331353338454246344243312F636F72652E786D6C8D515B6EC32010BC0AE2AB55850DD871ED0813254D72825EC00192A2C460F1A872FC42ED48ED5F7E00CDCECCCEB26C731F6FE05B39AFADE921293004CA082BB5B9F43086336A21D870E6AC
310
0D7F68109861543DCC30E4ECE26C9C164858139409093556AA051CBC570102714B8F1E7AF1A5C6A11862480C7F2DA6415C878B2A4891CA89C7990F2E050073937C42DE1DB7E4F87ED8A36D4329AA9B3D46DBAEAD504556557BD81DEBDD0761E52CE42C462D17B996298E3E6BE59E35C962CE821E1FF18553435012728A7187
310
0841987E927A8D9B35ADDF70BBC6989599FE4F1427F9A4286A132ABAC49D651EF234CD5CE04CDA78BA3DC2A8FB645D00B9DF8B57E215725C60BCA2A463E54C4CE327C7A65E1C7DB02E7DEFCBF594B864C5CA6CDBD49C957943E9FA5D5FBAF336F90F504B0304140006080800CC70623BAD7543B64E01000033030000300000
310
006662782F39464131463745442D413632322D343644302D413938332D3331353338454246344243312F636E782E786D6CD593CD6EC32010845F0571AD6CE3D48AD20813A9873E410FBD12D82434182C7EAAE6EDBB2424CD25871E7B41D6EC30B3FA84F9E67BB2E40B4234DE8DB46F1925E094D7C6ED479AD3AE5951B2113C
310
789FEE6C943839C1488B4C05DF079FE72A69D8C96C13AAD6B8631503449F83828872B949AC57D26200B826A308D316B4064D6E46FCDA41C05550DC9E483A00797BFD207EFB092A45DE9514C1BBD22178396BD39D891265658C238DEA00936C654E5E433CB65A26D9F6EDB5EBC14EBF49A45CB856E66048291F6939A9A81BB5
310
C8917738143CA680F4AA299D66A042CEB3354A2684DC9D8D178FE0D9B8B41CAAD720F880EE7EF93C0C18769E099ECC04D5A102C8049A8A05632F4DDF376CF1DE0F6BB65C2F8627B65A33C6BB62177CEBBDAD973006829F89F22E814B54F4BC2BE347F8AA8F681390B50FA73F804400B5F542E796F19FF974E7F78DB802FE05
310
E207504B0304140006080800CC70623B16AB87BA640500003C100000340000006662782F39464131463745442D413632322D343644302D413938332D3331353338454246344243312F6F626A656374732E786D6CAD575B6FA33818FD2B887DE6924B3BED8A326A92B68A663B534DD4D13E548A0C38942D60649B369D5FBFC7
310
600890A493BDE42160637FD7F31D7FF63E6FB3D478A55C242CBF3247B66B1A340F5994E4F19559CA8D75611A9F7D8F33263BCB4C232719BD32D5B4E97B316765A1A722BA21652A07B3B7B33F0D11D29C9A46981221AE4C113ED38CD8A4942CA2E2C58E882476BCD9DA23BB5ED8171B73523C0F841684D35CC252CCE79062D4
310
468DFA43D7747CCF51DF7D4FFDEB5593E3AB9CCA9FBEFE241792E4E19EB28198C968BAB8199F5D5A67D3E9C49A9E8F47D6EC76B6B0469F26EEFC7C3EBFBCBEB98462213924694B38DD98FE1D62C393D073EA4FADC5DAF04326852CCF6958F90F0F2B9BB5C48816348F90C7840A68EB78EDF68723159BCEE7891A6B95DDE9D3
310
BCEAEEE8086A6C6F9E5D4B59F0175C10A7A0820BAA5055C7473B5AE3CFDD452D602CD5DF12616444529E90D448938013FE6EFA58AA96F85E4F8C42275708571E98FE6827AF6B2B4AE3D7D83D64E5A64C53054DD3AF90BD06FEA9149565C94FCA0F6B834DC85599E4F2423B24DF0B6AFA979E534DFA9E7A4CC6FA631D486393
310
921829879BF5D781A373557BCB85E97FB90DB62B558F8795179C15944B051F40AB495CF35451D26A4727654E6D8033BD98EF82F21D91FF8AF2DD9982BCF1643BDD4EB516C9492E368C67C88DED563FC36D5EACF66DFF057C3658BDBFA69DF9578B3DA735B64F18C7F20770A9D45CFCF7FCF563D6456A277DBEF78A02637CA2
310
43B90A490AEAB94F72244481D24819A6C0E59B606BFA4B3025981DBB48EAB701D97BF19C577CC77F2D1B6C55A9EF3C732474C0B727303F625995056C3B02963D9EAC146BE78EC5FCEC7FA999EBC5EACBAAE41B12D27B4D2C0BBA49F244E2ECDC81B76B502F113D8F5EE8FB1BE3111CDD4FC2AA9B844CAB1288B68AB90A7CDC
310
1C166AB0D3DC5310625FCC14E779BFD0709F8890A629C9292B1B2DED31A4B0DA928CEE135085754027E3018A397D4D5427D15BD1330B677DC8934285AC3DF45A9EB68FF8F2B8FC0A509AFEECFD0FF2DE25CC6047F7214B195F07EFEB9A094D800F7BFAE8FED187B78EA8A3A400F115961BCAD1215E47C966530AF0EE8128FE
310
58CEBB996A8964FFA529A046635D9353B0336A8F700DDF46271A024E70B0B37C9DE01847591E54DED53D54202AB947E4076556AC49C6CA5C9E1226B7F1A7B1BE15DEED62C41B91E1B3E9AFAAA735036547343A925075041DF0A9979E893B391F8FCFA6967B3EFB644DCF6E5CEBFAE272625DCC6FAF3FB93793C5F90CE1EF57
310
407342756B10D1C489E8953CD1617E5CEECAD6F4EF8914CE5D5D504E5C3F1F9736DA62CFC11E00BCDDB8CC8A9466349744C1F75EBDA4DF09BA8A9E8C7A7E9991989E20E5DBDD6A6003664ED8F7A04A8DBE0DF6EAD9B9AA858342E47399053949D2C146EDB85DE4B176BB0965FBAC19BD19AA918E27FA50C1D22402E144464C
310
59462568E704B6E71915404CB72B8FF4EDE184DDAF753F284990D2C6926782963815403548A70C657FDEF80D2D9CEAA2AE4C1C76F60BFE74219A06527D6582DF6412526107381E55E353090704D085B52408D0933C4ED159D79BDA71BB4BC506F4831350EB6F979CD22D69BF7AC49B91A2C0A9DDA3D5CA36AD20FC478E37E6
310
1844E2352865EBCB6EA275A652E3836BE04EFB400BF1A2556F515F1FBB35B2AB35BD889C744FFA1004B5544B121E57F70215746DD2F5E2C1412B602CBF19455AC6C8E5E9922C4E01E65215385004546899059180EAFCF7A707CE7017CD8CDB0410789AB32C63B91E5CEBBBACB17AC6CD347A022D5075FD106377347AAABA7E
310
7D11590744509B44E205134DC1290F06580320F78E537D3D73540E06CB970B431F185308AD40BBD794D6D77003C5A36E8EAA54BA64597CD8F83BD552A080A365F7FF06504B0304140006080000CC70623B000000000000000000000000350000006662782F39464131463745442D413632322D343644302D413938332D3331
310
353338454246344243312F76657274696365732E62696E504B0304140006080800CC70623BF270F1330600000004000000360000006662782F39464131463745442D413632322D343644302D413938332D3331353338454246344243312F747269616E676C65732E62696E636660600000504B0304140006080000CC70623B
310
000000000000000000000000370000006662782F39464131463745442D413632322D343644302D413938332D3331353338454246344243312F617474726962757465732E62696E504B0304140006080800CC70623B08DA0BD19000000041010000360000006662782F39464131463745442D413632322D343644302D413938
310
332D3331353338454246344243312F6469726563746F72792E786D6C858F410AC3201045AF22B36F53E9A60B35CBEEBAE80D244E44489C6234F4F835464A48035D0DF398FF9F8AF63D0E6CC63039F212F8F9020C7D47C6792B21C5FE7403D62A1188E2E60C98D7234A5830286103A55745067B9D86B8A3CF9C7F90C11DE607
310
FB144396D7B6A82D282E9A152AD114D5EF2CB866EEE831B8EEA07A7BB5A8D7D61A2BAAEB7FD5F70921FF497D00504B0304140006080800CC70623B0D6EF93BFE000000A00100003B0000006662782F39464131463745442D413632322D343644302D413938332D3331353338454246344243312F7265736F75726365732F63
310
6F72652E786D6C8D50596E833010BD0A9ADFCA60B334011947A8694ED00B586642AC041B79A97AFC9A40A5F6AF3F33A3B7689E1E3F7DCD8FEC139DD7D6F4C0720A191A65476DA61E62B892236427C19DB5E1970C322367EC618541F0C9D9B8EC90B226A009093576C41D94DE63804C3DD2D18357379C652E63480A7FCF17A9
310
EE72C29CE5894E3AC17D702940B63D59270887DE46A7D0F36263058F518FBB468FE9A7BE6A7420864373B8D4873369AA8691FA421B3294352543C5CAF65C0F6FEF43CB8BD52C78D0F34F46E550061C419494B6843142CB0F5677F4B52BEB177AEC28E5C52AFF638ACBF84F53D42654E51E77B379102C05791282176B5F693D
310
CB4C7BED567C03504B010214000A0000080000CC70623B3DEE336E79000000790000001B00000000000000000000000000000000006175746F6465736B2D64657369676E2D7061636B6167652E786D6C504B01021400140006080800CC70623BD486FD9CA0000000F40000001300000000000000000000000000B20000005B
310
436F6E74656E745F54797065735D2E786D6C504B01021400140006080800CC70623B1EC5D7A3EB0000007C010000080000000000000000000000000083010000636F72652E786D6C504B01021400140006080800CC70623B55019EA25F0000007C000000070000000000000000000000000094020000636E782E786D6C504B
310
01021400140006080800CC70623B8C9102E971010000D40300000C00000000000000000000000000180300006662782F636F72652E786D6C504B01021400140006080800CC70623BFFEA85907E0000009D0000000B00000000000000000000000000B30400006662782F636E782E786D6C504B01021400140006080800CC70
310
623B4FEEA4082C0100001202000031000000000000000000000000005A0500006662782F39464131463745442D413632322D343644302D413938332D3331353338454246344243312F636F72652E786D6C504B01021400140006080800CC70623BAD7543B64E010000330300003000000000000000000000000000D5060000
310
6662782F39464131463745442D413632322D343644302D413938332D3331353338454246344243312F636E782E786D6C504B01021400140006080800CC70623B16AB87BA640500003C1000003400000000000000000000000000710800006662782F39464131463745442D413632322D343644302D413938332D3331353338
310
454246344243312F6F626A656374732E786D6C504B01021400140006080000CC70623B0000000000000000000000003500000000000000000000000000270E00006662782F39464131463745442D413632322D343644302D413938332D3331353338454246344243312F76657274696365732E62696E504B01021400140006
310
080800CC70623BF270F133060000000400000036000000000000000000000000007A0E00006662782F39464131463745442D413632322D343644302D413938332D3331353338454246344243312F747269616E676C65732E62696E504B01021400140006080000CC70623B0000000000000000000000003700000000000000
310
000000000000D40E00006662782F39464131463745442D413632322D343644302D413938332D3331353338454246344243312F617474726962757465732E62696E504B01021400140006080800CC70623B08DA0BD190000000410100003600000000000000000000000000290F00006662782F39464131463745442D413632
310
322D343644302D413938332D3331353338454246344243312F6469726563746F72792E786D6C504B01021400140006080800CC70623B0D6EF93BFE000000A00100003B000000000000000000000000000D1000006662782F39464131463745442D413632322D343644302D413938332D3331353338454246344243312F7265
310
736F75726365732F636F72652E786D6C504B0506000000000E000E0080040000641100000000
  0
XRECORD
  5
175
102
{ACAD_REACTORS
330
173
102
}
330
173
100
AcDbXrecord
280
     1
270
     1
271
     1
  0
XRECORD
  5
174
102
{ACAD_REACTORS
330
173
102
}
330
173
100
AcDbXrecord
280
     1
270
     1
271
     1
  0
XRECORD
  5
1FB
102
{ACAD_REACTORS
330
173
102
}
330
173
100
AcDbXrecord
280
     1
 70
     0
 90
1673772943
  1
ECE7A1D2-D628-4531-984C-D00F80459256
310
504B03040A0000080000CC70623B3DEE336E79000000790000001B0000006175746F6465736B2D64657369676E2D7061636B6167652E786D6C3C3F786D6C2076657273696F6E3D22312E302220656E636F64696E673D227574662D3822203F3E3C666F726D6174733E3C666F726D61743E687474703A2F2F736368656D612E
310
6175746F6465736B2E636F6D2F64657369676E2D7061636B6167652F323030393C2F666F726D61743E3C2F666F726D6174733E504B0304140006080800CC70623BD486FD9CA0000000F4000000130000005B436F6E74656E745F54797065735D2E786D6C7D8EC10E82300C865F65E91D8A1E8C310C0EEA1BF002731658846E
310
D98AC1B77784ABF1D8FE5FBFBF75BBCE937A534CCEB38643598122B6FEE978D0B0485F9C41B54DDD7D022595594E1A469170414C76A4D9A4D207E29CF43ECE46F218070CC6BECC4078ACAA135ACF422C856C0E68EA1BF5669944DDD7BCDE7B1F8E415D77AECB980613C2E4AC91FC167A2B244592486606FC29C8FD7F045B9A
310
EF7053A7E60B504B0304140006080800CC70623BD9DDAED0EC0000007C01000008000000636F72652E786D6C8D90416EC3201045AF82665B61836D9CD8C2444DD39CA01740405C94182C03558F5F9C3852BBEB6A467FFE9B197D7EF89E6EE8CB2CC17A37002D0820E394D7D68D03A478C17B4007C117EFE32F1B20272733C0
310
2A83E0E3E2D3BC49CABB685CCCAAF3DA6CA20CC14440EA969B0182FA34932C648AD911AEC52CD5558EA6A0CF2EC329598D1E47ACCEFBECC59A050463A7EA5833865FEBDD0E37353BE3EE8DBDE3F6786A48D375FBF6CC78B9C282473B3DEFABC5C86834888A900E538A49F5419B9EB47DD5BC907D4F082F57FB1F28CDFA9F50
310
B22ED6D5F6EE030B20687EE43E10BC5CB3C8E51E54AE6B6EE207504B0304140006080800CC70623B55019EA25F0000007C00000007000000636E782E786D6C4DCB3B0E80201045D1AD90E915ED2CF8AC45050C11660C8261F98AB1B07AC9C97D42D718D865D3E909258CFD00CCE24AC6E326A164D74DC0B4128928FF326038
310
472BA13128B1252AC747C6BAB984FC68F0B87FE8960A5C09FE86CFB69FBA01504B0304140006080800CC70623BA24EB22D72010000D40300000C0000006662782F636F72652E786D6CC5535B6E833010BC8AE5DF0A6C5E49888CA3A6694ED00B38E05014B091B1518EDFE511A5A9D228FD2A1F60CDEC7A67C6986DCE4D8D7A
310
69BA4AAB0C073EC548AA5C17952A33ECECD15B61B4E1CC686DBF9561A44423333CC098B3D268D7CE50AE9595CA02AA74216750749DB418E5352C32DCE59FB211BE70162ABA93DF8AFC244AE9073ED050C759670D0840D390E18DF9F1706664C23973AE2A66B62A605A75ACA4C13C4976E1364A12EF355A2EBD384AF65EFA96
310
BC7B8BED2EA6719AAE16FB8491A199335B351775B991C2CA02F390D2D40B028F861F41BCA68B7518BFD0D59A524686F29B26D7164F36B94AD9289CE54E6D1DE6010819891F6E21228B3AD1831EC219194284CF98F06DD01008846CC5A1BEF83801D4CBDC6A1303536877A57A513B0953A94FC707FDBE6064EA84A9E3E6E0FA
310
EE8CF0E9198F7784A316AA0413C2C2F2E0ECA0934D1AE6D05A69BCDE9E91D2A611F573361E38FC1375157F5752AE6B6DFE4B11990F88CCBF0719EE23FF02504B0304140006080800CC70623B408A7D3B7C0000009D0000000B0000006662782F636E782E786D6C4DCCD10A83201886E15B91FFDC552A92A0064DBC8F581632
310
D3703A76F9ABD1C18E3E78F878E5F0D9027ABBFCF2292AE86E2D20171F69F6715550CB827B40839639A5F2770314A7CD293819B45C73AAFB45B35BA61ACAA1C1C7E7855C58C15BC331339661262CC762340413D68D77DA5B42298546CBE6573AF60CEB2F504B0304140006080800CC70623B449FB9BD290100001202000031
310
0000006662782F36394639363044362D344446342D343946362D394244322D3234314243333846323333332F636F72652E786D6C8D515B6EC32010BC0AE22B55850D98B871848994463E412FE002495162B07854397EA176A4F62F3F2C9A9D991D587EB84F37F0AD7D30CEF6905418026DA553C65E7A98E219ED203808EE9D
310
8B7F6810D871D23D2C3014FCE25D9A57483A1BB58D19B54EE9151C43D0110279CB971E06F9A5A7B11A53CC8C70ADE6515EC78BAE4895DB992778883E0700CB907242D17643D7E2538BD869608875438BBAE38922CAC8F1BDD90DB4691A5E2F42C153326A951B95E398B3D1FE599322163C9AE9115F7A3D46ADA0A018778810
310
84E907617BDCEE297BC5BB3DC6BC2EF47FA234AB2745C9D8D8D035EE220B50105E2F0DC1954B9FB747187D9F9D8FA0CCDB042D5FA0C015C65B42DF78BD10F3F3B363CB56C7109DCFDFBBB97E662ED92EB62D13BC2E1BCAE5777DB9966D8A1F504B0304140006080800CC70623BAD7543B64E01000033030000300000006662
310
782F36394639363044362D344446342D343946362D394244322D3234314243333846323333332F636E782E786D6CD593CD6EC32010845F0571AD6CE3D48AD20813A9873E410FBD12D82434182C7EAAE6EDBB2424CD25871E7B41D6EC30B3FA84F9E67BB2E40B4234DE8DB46F1925E094D7C6ED479AD3AE5951B2113C789FEE
310
6C943839C1488B4C05DF079FE72A69D8C96C13AAD6B8631503449F83828872B949AC57D26200B826A308D316B4064D6E46FCDA41C05550DC9E483A00797BFD207EFB092A45DE9514C1BBD22178396BD39D891265658C238DEA00936C654E5E433CB65A26D9F6EDB5EBC14EBF49A45CB856E66048291F6939A9A81BB5C89177
310
38143CA680F4AA299D66A042CEB3354A2684DC9D8D178FE0D9B8B41CAAD720F880EE7EF93C0C18769E099ECC04D5A102C8049A8A05632F4DDF376CF1DE0F6BB65C2F8627B65A33C6BB62177CEBBDAD973006829F89F22E814B54F4BC2BE347F8AA8F681390B50FA73F804400B5F542E796F19FF974E7F78DB802FE05E20750
310
4B0304140006080800CC70623B8D05915C650500003B100000340000006662782F36394639363044362D344446342D343946362D394244322D3234314243333846323333332F6F626A656374732E786D6CAD575B6FA33814FE2B887D06429276DA1565D4266D158D3A339A6846FB502932E050B66023DB74D2FDF5FB190C01
310
9276B2973C046C8ECFF53B17071F77456EBD502133CEAE6CDF9DD81665314F32965ED995DA3A17B6F5310C04E7AA47665B8C14F4CAD6DB7618A48257A5D94AE89654B91AEDDEDDFC61C998326A5B714EA4BCB265FC440BE2924AF184CA6737218AB8E976E7FA6E4338649B0A523E8D98964450A6A029F619B8588D52FE7039
310
B1BD30F0F4F730D0FF866AF6369557DB33949F31A9088B0F848DD8CCFCF9F2767A76E99CCDE733677E3EF59D9BBB9BA5E37F984D16E78BC5E5F5ED25044B25C0C96822E8D60EEFE11B91C581D77CEA34368A1F5329E68CD1B8B61F16D63A1B8E092D294B10C78C4A48EB593D192E7DED9BDEE7995E1B91FDEDD3ACEA9FE831
310
6A756F9F7D4D79F4274C90A7A04248AA51D5F8C718DAE06FB2F75AC4796EBE65D22A88A22223B995679120E2D50E41AA49C260C046A35368846B0BECD0DFF3EBEB8AD4F835768F69B9ADF25C43D30E6B646F807FAA64AD59F61715C7A54127C4AACA98BA3006A9D792DAE165E0D59B61A01FB3A9F9D838D2DAE62445C86166
310
F37564E842E7DE6A69879FEEA2DD5AE7E371E1A5E025154AC307D06A03D73EB5978C58FFA4C8E9033066E0F3BD53BEC1F39F91BE7B55103791EDE6BBB991A2046172CB4581D8B893FA674DDA17A77B3B7C413D1B511FD2743BFF8A38F03A658705E3ADF8015C3A3417FF3D7E439FF591DA0B5F18BC20C1B8981957AE6392A3
310
F43C640C01D1A0B4728E2DD4F26DB4B3C3152A252A3B4E913CEC1C72F012782FF88EFF8637AA552DBEF76408E8A8DE9E50F9E1CB3A2DA0DB1B6039A893B56063DC5B3E3FFB5F72E67AB9FEB4AEC496C4F4C1149625DD662C53E89D7BF0F6151A046260D1337DFDC94502430F83B0EE07A130A224BCAD7DAE1D9FB6CD422FF6
310
920702629C4BB9AE79C12F243C6432A6794E18E5552BA56B431AAB5D91317302B2B071E86C3A42B1A02F999E24061403B5D0EB639195DA655DD3EBEAB4FB862DDF579F014AD0E73C22F99E28DA57FB98E75C6CA2D74D53086D600F4786E0FE3144B771A8A7B900F03594DB8A633CBC49B2EDB69228BB479CF863B5E807AAAB
310
23872F6DFEB4129B949CA33823F58830E86D65621E10047D9DB34D862E8EAC3C2ABC2F7B2C40D67CDFE01F5545B92105AF983AC54D93D69E56FB8E797F88913F898A9FEC705D3F9D1B54EC8426FB500D40A03BD0119B06E1B95DDC7EB8F6975367793EBD70E66733DFB9BC982F9CE564727731999F5D4ECFCE3B8D6A4DC2A0
310
6D50FD148437D110834A64C6CDDF57FBACB5C307A2A477DFE4939736CFEF2B175371E0E10CF0DD1D5C15654E0BCA14D1E87DD02FF93782A162C0A3D95F1524A52770F972BF1EE9809D13CE7DD599467F8ECE9ADD85CE85A34CD45355448C64F9E8A031DC2D596ACC6E5DD93D9B82DE2EF5CAF81363A8E47996A0DE24564A79
310
4115AACE09C55E14540231FDA13C319787134EBF34E3A022514E5B4D9E0826E25C02D5805B15ABE1BEF51B26383D445DD9E875EE33FE4C22DA16427D65A3BCA92CA6D28DD01DF5DC53330704308475351050232CCD31583787BA75774AFB06E5070DD0C8EF484E19968C5D83BA5B90B244D31E54D55A372320FE4786B7EA58
310
44E135AA5467CB7EA333A61683CC6A8C3257034C10CF46F40EF9F5BE59BE5BD30C3C72D235E95D10345C1D45445A5F0BB47E46A5EBE5570F9380B5FA629579952296A773720405982B9DE04011506178964401AA8BDF1FBF0A8EAB6861DD6580C0E38217056766716DAEB2D6FA0917D3E4116581EADB879C4E7CFFB11EFACD
310
3D641311495D92C8676CB409A72D18610D803CE8A626049E8EC1887CB5B44CC39883690DDA8399B4B9855B481E7D71D4A9D22F96E5BB73BF5793020C02137BF837504B0304140006080000CC70623B000000000000000000000000350000006662782F36394639363044362D344446342D343946362D394244322D32343142
310
43333846323333332F76657274696365732E62696E504B0304140006080800CC70623BF270F1330600000004000000360000006662782F36394639363044362D344446342D343946362D394244322D3234314243333846323333332F747269616E676C65732E62696E636660600000504B0304140006080000CC70623B0000
310
00000000000000000000370000006662782F36394639363044362D344446342D343946362D394244322D3234314243333846323333332F617474726962757465732E62696E504B0304140006080800CC70623B08DA0BD19000000041010000360000006662782F36394639363044362D344446342D343946362D394244322D
310
3234314243333846323333332F6469726563746F72792E786D6C858F410AC3201045AF22B36F53E9A60B35CBEEBAE80D244E44489C6234F4F835464A48035D0DF398FF9F8AF63D0E6CC63039F212F8F9020C7D47C6792B21C5FE7403D62A1188E2E60C98D7234A5830286103A55745067B9D86B8A3CF9C7F90C11DE607FB14
310
4396D7B6A82D282E9A152AD114D5EF2CB866EEE831B8EEA07A7BB5A8D7D61A2BAAEB7FD5F70921FF497D00504B0304140006080800CC70623BCA768048FE000000A00100003B0000006662782F36394639363044362D344446342D343946362D394244322D3234314243333846323333332F7265736F75726365732F636F72
310
652E786D6C8D50596E833010BD0A9ADFCA60D600328E9AA639412F609909B1126CE4A5EAF16B0295DABFFECC8CDEA2797AECF8353F924FB44E193D409E5248504B332A3D0D10FC95B4901C39B3C6F85F3248B49871801506CE266BC2B243D2688FDA47549B11775038871E12F988C7004EDE7016A9083E2ADC3D5D84BC8B09
310
D33C8D74D471E6BC8D0192EDC93A815B742658898E651BCB59086ADC356A8C3FD555A1055ED7E7E254D615792D0F075295F585746FF53B694EE78A565DD736979A65AB9933AFE69F8CD2A2F038022F28ED489E135A7CE4554F9BBEA85E68DB53CAB255FEC71496F19FA6A0B42F8B3DEE6673C0F318E4497096AD7DC5F52C33
310
EEB55BFE0D504B010214000A0000080000CC70623B3DEE336E79000000790000001B00000000000000000000000000000000006175746F6465736B2D64657369676E2D7061636B6167652E786D6C504B01021400140006080800CC70623BD486FD9CA0000000F40000001300000000000000000000000000B20000005B436F
310
6E74656E745F54797065735D2E786D6C504B01021400140006080800CC70623BD9DDAED0EC0000007C010000080000000000000000000000000083010000636F72652E786D6C504B01021400140006080800CC70623B55019EA25F0000007C000000070000000000000000000000000095020000636E782E786D6C504B0102
310
1400140006080800CC70623BA24EB22D72010000D40300000C00000000000000000000000000190300006662782F636F72652E786D6C504B01021400140006080800CC70623B408A7D3B7C0000009D0000000B00000000000000000000000000B50400006662782F636E782E786D6C504B01021400140006080800CC70623B
310
449FB9BD290100001202000031000000000000000000000000005A0500006662782F36394639363044362D344446342D343946362D394244322D3234314243333846323333332F636F72652E786D6C504B01021400140006080800CC70623BAD7543B64E010000330300003000000000000000000000000000D20600006662
310
782F36394639363044362D344446342D343946362D394244322D3234314243333846323333332F636E782E786D6C504B01021400140006080800CC70623B8D05915C650500003B10000034000000000000000000000000006E0800006662782F36394639363044362D344446342D343946362D394244322D32343142433338
310
46323333332F6F626A656374732E786D6C504B01021400140006080000CC70623B0000000000000000000000003500000000000000000000000000250E00006662782F36394639363044362D344446342D343946362D394244322D3234314243333846323333332F76657274696365732E62696E504B010214001400060808
310
00CC70623BF270F13306000000040000003600000000000000000000000000780E00006662782F36394639363044362D344446342D343946362D394244322D3234314243333846323333332F747269616E676C65732E62696E504B01021400140006080000CC70623B00000000000000000000000037000000000000000000
310
00000000D20E00006662782F36394639363044362D344446342D343946362D394244322D3234314243333846323333332F617474726962757465732E62696E504B01021400140006080800CC70623B08DA0BD190000000410100003600000000000000000000000000270F00006662782F36394639363044362D344446342D
310
343946362D394244322D3234314243333846323333332F6469726563746F72792E786D6C504B01021400140006080800CC70623BCA768048FE000000A00100003B000000000000000000000000000B1000006662782F36394639363044362D344446342D343946362D394244322D3234314243333846323333332F7265736F
310
75726365732F636F72652E786D6C504B0506000000000E000E0080040000621100000000
  0
XRECORD
  5
176
102
{ACAD_REACTORS
330
173
102
}
330
173
100
AcDbXrecord
280
     1
270
     1
271
     1
  0
XRECORD
  5
177
102
{ACAD_REACTORS
330
173
102
}
330
173
100
AcDbXrecord
280
     1
270
     1
271
     1
  0
XRECORD
  5
2B6
102
{ACAD_REACTORS
330
234
102
}
330
234
100
AcDbXrecord
280
     1
102
DISPLAYNAME
  1
Metric50
102
FLAGS
 90
        0
  0
CELLSTYLEMAP
  5
27C
102
{ACAD_REACTORS
330
162
102
}
330
162
100
AcDbCellStyleMap
 90
        3
300
CELLSTYLE
  1
TABLEFORMAT_BEGIN
 90
        5
170
     1
 91
        0
 92
    32768
 62
   257
 93
        1
300
CONTENTFORMAT
  1
CONTENTFORMAT_BEGIN
 90
        0
 91
        0
 92
      512
 93
        0
300

 40
0.0
140
1.0
 94
        5
 62
     0
340
11
144
6.0
309
CONTENTFORMAT_END
171
     1
301
MARGIN
  1
CELLMARGIN_BEGIN
 40
1.5
 40
1.5
 40
1.5
 40
1.5
 40
4.5
 40
4.5
309
CELLMARGIN_END
 94
        6
 95
        1
302
GRIDFORMAT
  1
GRIDFORMAT_BEGIN
 90
        0
 91
        1
 62
     0
 92
       -2
340
14
 93
        0
 40
1.125
309
GRIDFORMAT_END
 95
        2
302
GRIDFORMAT
  1
GRIDFORMAT_BEGIN
 90
        0
 91
        1
 62
     0
 92
       -2
340
14
 93
        0
 40
1.125
309
GRIDFORMAT_END
 95
        4
302
GRIDFORMAT
  1
GRIDFORMAT_BEGIN
 90
        0
 91
        1
 62
     0
 92
       -2
340
14
 93
        0
 40
1.125
309
GRIDFORMAT_END
 95
        8
302
GRIDFORMAT
  1
GRIDFORMAT_BEGIN
 90
        0
 91
        1
 62
     0
 92
       -2
340
14
 93
        0
 40
1.125
309
GRIDFORMAT_END
 95
       16
302
GRIDFORMAT
  1
GRIDFORMAT_BEGIN
 90
        0
 91
        1
 62
     0
 92
       -2
340
14
 93
        0
 40
1.125
309
GRIDFORMAT_END
 95
       32
302
GRIDFORMAT
  1
GRIDFORMAT_BEGIN
 90
        0
 91
        1
 62
     0
 92
       -2
340
14
 93
        0
 40
1.125
309
GRIDFORMAT_END
309
TABLEFORMAT_END
  1
CELLSTYLE_BEGIN
 90
        1
 91
        1
300
_TITLE
309
CELLSTYLE_END
300
CELLSTYLE
  1
TABLEFORMAT_BEGIN
 90
        5
170
     1
 91
        0
 92
        0
 62
   257
 93
        1
300
CONTENTFORMAT
  1
CONTENTFORMAT_BEGIN
 90
        0
 91
        0
 92
      512
 93
        0
300

 40
0.0
140
1.0
 94
        5
 62
     0
340
11
144
4.5
309
CONTENTFORMAT_END
171
     1
301
MARGIN
  1
CELLMARGIN_BEGIN
 40
1.5
 40
1.5
 40
1.5
 40
1.5
 40
4.5
 40
4.5
309
CELLMARGIN_END
 94
        6
 95
        1
302
GRIDFORMAT
  1
GRIDFORMAT_BEGIN
 90
        0
 91
        1
 62
     0
 92
       -2
340
14
 93
        0
 40
1.125
309
GRIDFORMAT_END
 95
        2
302
GRIDFORMAT
  1
GRIDFORMAT_BEGIN
 90
        0
 91
        1
 62
     0
 92
       -2
340
14
 93
        0
 40
1.125
309
GRIDFORMAT_END
 95
        4
302
GRIDFORMAT
  1
GRIDFORMAT_BEGIN
 90
        0
 91
        1
 62
     0
 92
       -2
340
14
 93
        0
 40
1.125
309
GRIDFORMAT_END
 95
        8
302
GRIDFORMAT
  1
GRIDFORMAT_BEGIN
 90
        0
 91
        1
 62
     0
 92
       -2
340
14
 93
        0
 40
1.125
309
GRIDFORMAT_END
 95
       16
302
GRIDFORMAT
  1
GRIDFORMAT_BEGIN
 90
        0
 91
        1
 62
     0
 92
       -2
340
14
 93
        0
 40
1.125
309
GRIDFORMAT_END
 95
       32
302
GRIDFORMAT
  1
GRIDFORMAT_BEGIN
 90
        0
 91
        1
 62
     0
 92
       -2
340
14
 93
        0
 40
1.125
309
GRIDFORMAT_END
309
TABLEFORMAT_END
  1
CELLSTYLE_BEGIN
 90
        2
 91
        1
300
_HEADER
309
CELLSTYLE_END
300
CELLSTYLE
  1
TABLEFORMAT_BEGIN
 90
        5
170
     1
 91
        0
 92
        0
 62
   257
 93
        1
300
CONTENTFORMAT
  1
CONTENTFORMAT_BEGIN
 90
        0
 91
        0
 92
      512
 93
        0
300

 40
0.0
140
1.0
 94
        2
 62
     0
340
11
144
4.5
309
CONTENTFORMAT_END
171
     1
301
MARGIN
  1
CELLMARGIN_BEGIN
 40
1.5
 40
1.5
 40
1.5
 40
1.5
 40
4.5
 40
4.5
309
CELLMARGIN_END
 94
        6
 95
        1
302
GRIDFORMAT
  1
GRIDFORMAT_BEGIN
 90
        0
 91
        1
 62
     0
 92
       -2
340
14
 93
        0
 40
1.125
309
GRIDFORMAT_END
 95
        2
302
GRIDFORMAT
  1
GRIDFORMAT_BEGIN
 90
        0
 91
        1
 62
     0
 92
       -2
340
14
 93
        0
 40
1.125
309
GRIDFORMAT_END
 95
        4
302
GRIDFORMAT
  1
GRIDFORMAT_BEGIN
 90
        0
 91
        1
 62
     0
 92
       -2
340
14
 93
        0
 40
1.125
309
GRIDFORMAT_END
 95
        8
302
GRIDFORMAT
  1
GRIDFORMAT_BEGIN
 90
        0
 91
        1
 62
     0
 92
       -2
340
14
 93
        0
 40
1.125
309
GRIDFORMAT_END
 95
       16
302
GRIDFORMAT
  1
GRIDFORMAT_BEGIN
 90
        0
 91
        1
 62
     0
 92
       -2
340
14
 93
        0
 40
1.125
309
GRIDFORMAT_END
 95
       32
302
GRIDFORMAT
  1
GRIDFORMAT_BEGIN
 90
        0
 91
        1
 62
     0
 92
       -2
340
14
 93
        0
 40
1.125
309
GRIDFORMAT_END
309
TABLEFORMAT_END
  1
CELLSTYLE_BEGIN
 90
        3
 91
        2
300
_DATA
309
CELLSTYLE_END
  0
XRECORD
  5
291
102
{ACAD_REACTORS
330
290
102
}
330
290
100
AcDbXrecord
280
     1
102
RTVSPost2010Prop28
280
     1
102
RTVSPost2010PropOp28
 70
     1
102
RTVSPost2010Prop29
280
     1
102
RTVSPost2010PropOp29
 70
     1
102
RTVSPost2010Prop30
280
     0
102
RTVSPost2010PropOp30
 70
     1
102
RTVSPost2010Prop31
280
     0
102
RTVSPost2010PropOp31
 70
     1
102
RTVSPost2010Prop32
280
     0
102
RTVSPost2010PropOp32
 70
     1
102
RTVSPost2010Prop33
280
     0
102
RTVSPost2010PropOp33
 70
     1
102
RTVSPost2010Prop34
280
     0
102
RTVSPost2010PropOp34
 70
     1
102
RTVSPost2010Prop35
280
     0
102
RTVSPost2010PropOp35
 70
     1
102
RTVSPost2010Prop36
280
     0
102
RTVSPost2010PropOp36
 70
     1
102
RTVSPost2010Prop37
 90
       50
102
RTVSPost2010PropOp37
 70
     1
102
RTVSPost2010Prop38
140
0.0
102
RTVSPost2010PropOp38
 70
     1
102
RTVSPost2010Prop39
140
1.0
102
RTVSPost2010PropOp39
 70
     1
102
RTVSPost2010Prop40
 90
        0
102
RTVSPost2010PropOp40
 70
     1
102
RTVSPost2010Prop41ColorIndex
 90
       18
102
RTVSPost2010Prop41ColorRGB
 90
        0
102
RTVSPost2010PropOp41
 70
     1
102
RTVSPost2010Prop42
 90
       50
102
RTVSPost2010PropOp42
 70
     1
102
RTVSPost2010Prop43
 90
        3
102
RTVSPost2010PropOp43
 70
     1
102
RTVSPost2010Prop44ColorIndex
 90
        5
102
RTVSPost2010Prop44ColorRGB
 90
      255
102
RTVSPost2010PropOp44
 70
     1
102
RTVSPost2010Prop45
280
     0
102
RTVSPost2010PropOp45
 70
     1
102
RTVSPost2010Prop46
 90
       50
102
RTVSPost2010PropOp46
 70
     1
102
RTVSPost2010Prop47
 90
       50
102
RTVSPost2010PropOp47
 70
     1
102
RTVSPost2010Prop48
 90
       50
102
RTVSPost2010PropOp48
 70
     1
102
RTVSPost2010Prop49
280
     0
102
RTVSPost2010PropOp49
 70
     1
102
RTVSPost2010Prop50
 90
       50
102
RTVSPost2010PropOp50
 70
     1
102
RTVSPost2010Prop51ColorIndex
 90
      256
102
RTVSPost2010Prop51ColorRGB
 90
-16777216
102
RTVSPost2010PropOp51
 70
     0
102
RTVSPost2010Prop52
140
1.0
102
RTVSPost2010PropOp52
 70
     0
102
RTVSPost2010Prop53
 90
        2
102
RTVSPost2010PropOp53
 70
     1
102
RTVSPost2010Prop54
  1
strokes_ogs.tif
102
RTVSPost2010PropOp54
 70
     1
102
RTVSPost2010Prop55
280
     0
102
RTVSPost2010PropOp55
 70
     1
102
RTVSPost2010Prop56
140
1.0
102
RTVSPost2010PropOp56
 70
     1
102
RTVSPost2010Prop57
140
1.0
102
RTVSPost2010PropOp57
 70
     1
102
RTVSPropertyOp0
 70
     1
102
RTVSPropertyOp1
 70
     1
102
RTVSPropertyOp2
 70
     1
102
RTVSPropertyOp3
 70
     1
102
RTVSPropertyOp4
 70
     1
102
RTVSPropertyOp5
 70
     1
102
RTVSPropertyOp6
 70
     1
102
RTVSPropertyOp7
 70
     1
102
RTVSPropertyOp8
 70
     1
102
RTVSPropertyOp9
 70
     1
102
RTVSPropertyOp10
 70
     1
102
RTVSPropertyOp11
 70
     1
102
RTVSPropertyOp12
 70
     1
102
RTVSPropertyOp13
 70
     1
102
RTVSPropertyOp14
 70
     1
102
RTVSPropertyOp15
 70
     1
102
RTVSPropertyOp16
 70
     1
102
RTVSPropertyOp17
 70
     1
102
RTVSPropertyOp18
 70
     1
102
RTVSPropertyOp19
 70
     1
102
RTVSPropertyOp20
 70
     1
102
RTVSPropertyOp21
 70
     1
102
RTVSPropertyOp22
 70
     1
102
RTVSPropertyOp23
 70
     1
102
RTVSPropertyOp24
 70
     1
102
RTVSPropertyOp25
 70
     1
102
RTVSPropertyOp26
 70
     1
102
RTVSPropertyOp27
 70
     1
102
RTVSPropertyOp28
 70
     1
102
RTVSPropertyOp29
 70
     1
102
RTVSPropertyOp30
 70
     1
102
RTVSPropertyOp31
 70
     1
102
RTVSPropertyOp32
 70
     1
102
RTVSPropertyOp33
 70
     1
102
RTVSPropertyOp34
 70
     1
102
RTVSPropertyOp35
 70
     1
102
RTVSPropertyOp36
 70
     1
102
RTVSPropertyOp37
 70
     1
102
RTVSPropertyOp38
 70
     1
102
RTVSPropertyOp39
 70
     1
102
RTVSPropertyOp40
 70
     1
102
RTVSPropertyOp41
 70
     1
102
RTVSPropertyOp42
 70
     1
102
RTVSPropertyOp43
 70
     1
102
RTVSPropertyOp44
 70
     1
102
RTVSPropertyOp45
 70
     1
102
RTVSPropertyOp46
 70
     1
102
RTVSPropertyOp47
 70
     1
102
RTVSPropertyOp48
 70
     1
102
RTVSPropertyOp49
 70
     1
102
RTVSPropertyOp50
 70
     1
102
RTVSPropertyOp51
 70
     0
102
RTVSPropertyOp52
 70
     0
102
RTVSPropertyOp53
 70
     1
102
RTVSPropertyOp54
 70
     1
102
RTVSPropertyOp55
 70
     1
102
RTVSPropertyOp56
 70
     1
102
RTVSPropertyOp57
 70
     1
102
RTVSPropertyOp58
 70
     1
102
RTVSPropertyOp59
 70
     1
102
RTVSPropertyOp60
 70
     1
102
RTVSPropertyOp61
 70
     1
102
RTVSPropertyOp62
 70
     1
  0
XRECORD
  5
28F
102
{ACAD_REACTORS
330
28E
102
}
330
28E
100
AcDbXrecord
280
     1
102
RTVSPost2010Prop28
280
     0
102
RTVSPost2010PropOp28
 70
     1
102
RTVSPost2010Prop29
280
     1
102
RTVSPost2010PropOp29
 70
     1
102
RTVSPost2010Prop30
280
     1
102
RTVSPost2010PropOp30
 70
     1
102
RTVSPost2010Prop31
280
     0
102
RTVSPost2010PropOp31
 70
     1
102
RTVSPost2010Prop32
280
     0
102
RTVSPost2010PropOp32
 70
     1
102
RTVSPost2010Prop33
280
     0
102
RTVSPost2010PropOp33
 70
     1
102
RTVSPost2010Prop34
280
     0
102
RTVSPost2010PropOp34
 70
     1
102
RTVSPost2010Prop35
280
     0
102
RTVSPost2010PropOp35
 70
     1
102
RTVSPost2010Prop36
280
     0
102
RTVSPost2010PropOp36
 70
     1
102
RTVSPost2010Prop37
 90
       50
102
RTVSPost2010PropOp37
 70
     1
102
RTVSPost2010Prop38
140
0.0
102
RTVSPost2010PropOp38
 70
     1
102
RTVSPost2010Prop39
140
1.0
102
RTVSPost2010PropOp39
 70
     1
102
RTVSPost2010Prop40
 90
        0
102
RTVSPost2010PropOp40
 70
     1
102
RTVSPost2010Prop41ColorIndex
 90
       18
102
RTVSPost2010Prop41ColorRGB
 90
        0
102
RTVSPost2010PropOp41
 70
     1
102
RTVSPost2010Prop42
 90
       50
102
RTVSPost2010PropOp42
 70
     1
102
RTVSPost2010Prop43
 90
        3
102
RTVSPost2010PropOp43
 70
     1
102
RTVSPost2010Prop44ColorIndex
 90
        5
102
RTVSPost2010Prop44ColorRGB
 90
      255
102
RTVSPost2010PropOp44
 70
     1
102
RTVSPost2010Prop45
280
     0
102
RTVSPost2010PropOp45
 70
     1
102
RTVSPost2010Prop46
 90
       50
102
RTVSPost2010PropOp46
 70
     1
102
RTVSPost2010Prop47
 90
       50
102
RTVSPost2010PropOp47
 70
     1
102
RTVSPost2010Prop48
 90
       50
102
RTVSPost2010PropOp48
 70
     1
102
RTVSPost2010Prop49
280
     0
102
RTVSPost2010PropOp49
 70
     1
102
RTVSPost2010Prop50
 90
       50
102
RTVSPost2010PropOp50
 70
     1
102
RTVSPost2010Prop51ColorIndex
 90
      256
102
RTVSPost2010Prop51ColorRGB
 90
-16777216
102
RTVSPost2010PropOp51
 70
     0
102
RTVSPost2010Prop52
140
1.0
102
RTVSPost2010PropOp52
 70
     0
102
RTVSPost2010Prop53
 90
        2
102
RTVSPost2010PropOp53
 70
     1
102
RTVSPost2010Prop54
  1
strokes_ogs.tif
102
RTVSPost2010PropOp54
 70
     1
102
RTVSPost2010Prop55
280
     0
102
RTVSPost2010PropOp55
 70
     1
102
RTVSPost2010Prop56
140
1.0
102
RTVSPost2010PropOp56
 70
     1
102
RTVSPost2010Prop57
140
1.0
102
RTVSPost2010PropOp57
 70
     1
102
RTVSPropertyOp0
 70
     1
102
RTVSPropertyOp1
 70
     1
102
RTVSPropertyOp2
 70
     1
102
RTVSPropertyOp3
 70
     1
102
RTVSPropertyOp4
 70
     1
102
RTVSPropertyOp5
 70
     1
102
RTVSPropertyOp6
 70
     1
102
RTVSPropertyOp7
 70
     1
102
RTVSPropertyOp8
 70
     1
102
RTVSPropertyOp9
 70
     1
102
RTVSPropertyOp10
 70
     1
102
RTVSPropertyOp11
 70
     1
102
RTVSPropertyOp12
 70
     1
102
RTVSPropertyOp13
 70
     1
102
RTVSPropertyOp14
 70
     1
102
RTVSPropertyOp15
 70
     1
102
RTVSPropertyOp16
 70
     1
102
RTVSPropertyOp17
 70
     1
102
RTVSPropertyOp18
 70
     1
102
RTVSPropertyOp19
 70
     1
102
RTVSPropertyOp20
 70
     1
102
RTVSPropertyOp21
 70
     1
102
RTVSPropertyOp22
 70
     1
102
RTVSPropertyOp23
 70
     1
102
RTVSPropertyOp24
 70
     1
102
RTVSPropertyOp25
 70
     1
102
RTVSPropertyOp26
 70
     1
102
RTVSPropertyOp27
 70
     1
102
RTVSPropertyOp28
 70
     1
102
RTVSPropertyOp29
 70
     1
102
RTVSPropertyOp30
 70
     1
102
RTVSPropertyOp31
 70
     1
102
RTVSPropertyOp32
 70
     1
102
RTVSPropertyOp33
 70
     1
102
RTVSPropertyOp34
 70
     1
102
RTVSPropertyOp35
 70
     1
102
RTVSPropertyOp36
 70
     1
102
RTVSPropertyOp37
 70
     1
102
RTVSPropertyOp38
 70
     1
102
RTVSPropertyOp39
 70
     1
102
RTVSPropertyOp40
 70
     1
102
RTVSPropertyOp41
 70
     1
102
RTVSPropertyOp42
 70
     1
102
RTVSPropertyOp43
 70
     1
102
RTVSPropertyOp44
 70
     1
102
RTVSPropertyOp45
 70
     1
102
RTVSPropertyOp46
 70
     1
102
RTVSPropertyOp47
 70
     1
102
RTVSPropertyOp48
 70
     1
102
RTVSPropertyOp49
 70
     1
102
RTVSPropertyOp50
 70
     1
102
RTVSPropertyOp51
 70
     0
102
RTVSPropertyOp52
 70
     0
102
RTVSPropertyOp53
 70
     1
102
RTVSPropertyOp54
 70
     1
102
RTVSPropertyOp55
 70
     1
102
RTVSPropertyOp56
 70
     1
102
RTVSPropertyOp57
 70
     1
102
RTVSPropertyOp58
 70
     1
102
RTVSPropertyOp59
 70
     1
102
RTVSPropertyOp60
 70
     1
102
RTVSPropertyOp61
 70
     1
102
RTVSPropertyOp62
 70
     1
  0
XRECORD
  5
29D
102
{ACAD_REACTORS
330
29C
102
}
330
29C
100
AcDbXrecord
280
     1
102
RTVSPost2010Prop28
280
     0
102
RTVSPost2010PropOp28
 70
     1
102
RTVSPost2010Prop29
280
     1
102
RTVSPost2010PropOp29
 70
     1
102
RTVSPost2010Prop30
280
     1
102
RTVSPost2010PropOp30
 70
     1
102
RTVSPost2010Prop31
280
     0
102
RTVSPost2010PropOp31
 70
     1
102
RTVSPost2010Prop32
280
     0
102
RTVSPost2010PropOp32
 70
     1
102
RTVSPost2010Prop33
280
     0
102
RTVSPost2010PropOp33
 70
     1
102
RTVSPost2010Prop34
280
     0
102
RTVSPost2010PropOp34
 70
     1
102
RTVSPost2010Prop35
280
     0
102
RTVSPost2010PropOp35
 70
     1
102
RTVSPost2010Prop36
280
     0
102
RTVSPost2010PropOp36
 70
     1
102
RTVSPost2010Prop37
 90
       50
102
RTVSPost2010PropOp37
 70
     1
102
RTVSPost2010Prop38
140
0.0
102
RTVSPost2010PropOp38
 70
     1
102
RTVSPost2010Prop39
140
1.0
102
RTVSPost2010PropOp39
 70
     1
102
RTVSPost2010Prop40
 90
        0
102
RTVSPost2010PropOp40
 70
     1
102
RTVSPost2010Prop41ColorIndex
 90
       18
102
RTVSPost2010Prop41ColorRGB
 90
        0
102
RTVSPost2010PropOp41
 70
     1
102
RTVSPost2010Prop42
 90
       50
102
RTVSPost2010PropOp42
 70
     1
102
RTVSPost2010Prop43
 90
        3
102
RTVSPost2010PropOp43
 70
     1
102
RTVSPost2010Prop44ColorIndex
 90
        5
102
RTVSPost2010Prop44ColorRGB
 90
      255
102
RTVSPost2010PropOp44
 70
     1
102
RTVSPost2010Prop45
280
     0
102
RTVSPost2010PropOp45
 70
     1
102
RTVSPost2010Prop46
 90
       50
102
RTVSPost2010PropOp46
 70
     1
102
RTVSPost2010Prop47
 90
       50
102
RTVSPost2010PropOp47
 70
     1
102
RTVSPost2010Prop48
 90
       50
102
RTVSPost2010PropOp48
 70
     1
102
RTVSPost2010Prop49
280
     0
102
RTVSPost2010PropOp49
 70
     1
102
RTVSPost2010Prop50
 90
       50
102
RTVSPost2010PropOp50
 70
     1
102
RTVSPost2010Prop51ColorIndex
 90
      256
102
RTVSPost2010Prop51ColorRGB
 90
-16777216
102
RTVSPost2010PropOp51
 70
     0
102
RTVSPost2010Prop52
140
1.0
102
RTVSPost2010PropOp52
 70
     0
102
RTVSPost2010Prop53
 90
        2
102
RTVSPost2010PropOp53
 70
     1
102
RTVSPost2010Prop54
  1
strokes_ogs.tif
102
RTVSPost2010PropOp54
 70
     1
102
RTVSPost2010Prop55
280
     0
102
RTVSPost2010PropOp55
 70
     1
102
RTVSPost2010Prop56
140
1.0
102
RTVSPost2010PropOp56
 70
     1
102
RTVSPost2010Prop57
140
1.0
102
RTVSPost2010PropOp57
 70
     1
102
RTVSPropertyOp0
 70
     1
102
RTVSPropertyOp1
 70
     1
102
RTVSPropertyOp2
 70
     1
102
RTVSPropertyOp3
 70
     1
102
RTVSPropertyOp4
 70
     1
102
RTVSPropertyOp5
 70
     1
102
RTVSPropertyOp6
 70
     1
102
RTVSPropertyOp7
 70
     1
102
RTVSPropertyOp8
 70
     1
102
RTVSPropertyOp9
 70
     1
102
RTVSPropertyOp10
 70
     1
102
RTVSPropertyOp11
 70
     1
102
RTVSPropertyOp12
 70
     1
102
RTVSPropertyOp13
 70
     1
102
RTVSPropertyOp14
 70
     1
102
RTVSPropertyOp15
 70
     1
102
RTVSPropertyOp16
 70
     1
102
RTVSPropertyOp17
 70
     1
102
RTVSPropertyOp18
 70
     1
102
RTVSPropertyOp19
 70
     1
102
RTVSPropertyOp20
 70
     1
102
RTVSPropertyOp21
 70
     1
102
RTVSPropertyOp22
 70
     1
102
RTVSPropertyOp23
 70
     1
102
RTVSPropertyOp24
 70
     1
102
RTVSPropertyOp25
 70
     1
102
RTVSPropertyOp26
 70
     1
102
RTVSPropertyOp27
 70
     1
102
RTVSPropertyOp28
 70
     1
102
RTVSPropertyOp29
 70
     1
102
RTVSPropertyOp30
 70
     1
102
RTVSPropertyOp31
 70
     1
102
RTVSPropertyOp32
 70
     1
102
RTVSPropertyOp33
 70
     1
102
RTVSPropertyOp34
 70
     1
102
RTVSPropertyOp35
 70
     1
102
RTVSPropertyOp36
 70
     1
102
RTVSPropertyOp37
 70
     1
102
RTVSPropertyOp38
 70
     1
102
RTVSPropertyOp39
 70
     1
102
RTVSPropertyOp40
 70
     1
102
RTVSPropertyOp41
 70
     1
102
RTVSPropertyOp42
 70
     1
102
RTVSPropertyOp43
 70
     1
102
RTVSPropertyOp44
 70
     1
102
RTVSPropertyOp45
 70
     1
102
RTVSPropertyOp46
 70
     1
102
RTVSPropertyOp47
 70
     1
102
RTVSPropertyOp48
 70
     1
102
RTVSPropertyOp49
 70
     1
102
RTVSPropertyOp50
 70
     1
102
RTVSPropertyOp51
 70
     0
102
RTVSPropertyOp52
 70
     0
102
RTVSPropertyOp53
 70
     1
102
RTVSPropertyOp54
 70
     1
102
RTVSPropertyOp55
 70
     1
102
RTVSPropertyOp56
 70
     1
102
RTVSPropertyOp57
 70
     1
102
RTVSPropertyOp58
 70
     1
102
RTVSPropertyOp59
 70
     1
102
RTVSPropertyOp60
 70
     1
102
RTVSPropertyOp61
 70
     1
102
RTVSPropertyOp62
 70
     1
  0
XRECORD
  5
2A5
102
{ACAD_REACTORS
330
2A4
102
}
330
2A4
100
AcDbXrecord
280
     1
102
RTVSPost2010Prop28
280
     0
102
RTVSPost2010PropOp28
 70
     1
102
RTVSPost2010Prop29
280
     1
102
RTVSPost2010PropOp29
 70
     1
102
RTVSPost2010Prop30
280
     1
102
RTVSPost2010PropOp30
 70
     1
102
RTVSPost2010Prop31
280
     0
102
RTVSPost2010PropOp31
 70
     1
102
RTVSPost2010Prop32
280
     0
102
RTVSPost2010PropOp32
 70
     1
102
RTVSPost2010Prop33
280
     0
102
RTVSPost2010PropOp33
 70
     1
102
RTVSPost2010Prop34
280
     0
102
RTVSPost2010PropOp34
 70
     1
102
RTVSPost2010Prop35
280
     0
102
RTVSPost2010PropOp35
 70
     1
102
RTVSPost2010Prop36
280
     0
102
RTVSPost2010PropOp36
 70
     1
102
RTVSPost2010Prop37
 90
       50
102
RTVSPost2010PropOp37
 70
     1
102
RTVSPost2010Prop38
140
0.0
102
RTVSPost2010PropOp38
 70
     1
102
RTVSPost2010Prop39
140
1.0
102
RTVSPost2010PropOp39
 70
     1
102
RTVSPost2010Prop40
 90
        0
102
RTVSPost2010PropOp40
 70
     1
102
RTVSPost2010Prop41ColorIndex
 90
       18
102
RTVSPost2010Prop41ColorRGB
 90
        0
102
RTVSPost2010PropOp41
 70
     1
102
RTVSPost2010Prop42
 90
       50
102
RTVSPost2010PropOp42
 70
     1
102
RTVSPost2010Prop43
 90
        3
102
RTVSPost2010PropOp43
 70
     1
102
RTVSPost2010Prop44ColorIndex
 90
        5
102
RTVSPost2010Prop44ColorRGB
 90
      255
102
RTVSPost2010PropOp44
 70
     1
102
RTVSPost2010Prop45
280
     0
102
RTVSPost2010PropOp45
 70
     1
102
RTVSPost2010Prop46
 90
       50
102
RTVSPost2010PropOp46
 70
     1
102
RTVSPost2010Prop47
 90
       50
102
RTVSPost2010PropOp47
 70
     1
102
RTVSPost2010Prop48
 90
       50
102
RTVSPost2010PropOp48
 70
     1
102
RTVSPost2010Prop49
280
     0
102
RTVSPost2010PropOp49
 70
     1
102
RTVSPost2010Prop50
 90
       50
102
RTVSPost2010PropOp50
 70
     1
102
RTVSPost2010Prop51ColorIndex
 90
      256
102
RTVSPost2010Prop51ColorRGB
 90
-16777216
102
RTVSPost2010PropOp51
 70
     0
102
RTVSPost2010Prop52
140
1.0
102
RTVSPost2010PropOp52
 70
     0
102
RTVSPost2010Prop53
 90
        2
102
RTVSPost2010PropOp53
 70
     1
102
RTVSPost2010Prop54
  1
strokes_ogs.tif
102
RTVSPost2010PropOp54
 70
     1
102
RTVSPost2010Prop55
280
     0
102
RTVSPost2010PropOp55
 70
     1
102
RTVSPost2010Prop56
140
1.0
102
RTVSPost2010PropOp56
 70
     1
102
RTVSPost2010Prop57
140
1.0
102
RTVSPost2010PropOp57
 70
     1
102
RTVSPropertyOp0
 70
     1
102
RTVSPropertyOp1
 70
     1
102
RTVSPropertyOp2
 70
     1
102
RTVSPropertyOp3
 70
     1
102
RTVSPropertyOp4
 70
     1
102
RTVSPropertyOp5
 70
     1
102
RTVSPropertyOp6
 70
     1
102
RTVSPropertyOp7
 70
     1
102
RTVSPropertyOp8
 70
     1
102
RTVSPropertyOp9
 70
     1
102
RTVSPropertyOp10
 70
     1
102
RTVSPropertyOp11
 70
     1
102
RTVSPropertyOp12
 70
     1
102
RTVSPropertyOp13
 70
     1
102
RTVSPropertyOp14
 70
     1
102
RTVSPropertyOp15
 70
     1
102
RTVSPropertyOp16
 70
     1
102
RTVSPropertyOp17
 70
     1
102
RTVSPropertyOp18
 70
     1
102
RTVSPropertyOp19
 70
     1
102
RTVSPropertyOp20
 70
     1
102
RTVSPropertyOp21
 70
     1
102
RTVSPropertyOp22
 70
     1
102
RTVSPropertyOp23
 70
     1
102
RTVSPropertyOp24
 70
     1
102
RTVSPropertyOp25
 70
     1
102
RTVSPropertyOp26
 70
     1
102
RTVSPropertyOp27
 70
     1
102
RTVSPropertyOp28
 70
     1
102
RTVSPropertyOp29
 70
     1
102
RTVSPropertyOp30
 70
     1
102
RTVSPropertyOp31
 70
     1
102
RTVSPropertyOp32
 70
     1
102
RTVSPropertyOp33
 70
     1
102
RTVSPropertyOp34
 70
     1
102
RTVSPropertyOp35
 70
     1
102
RTVSPropertyOp36
 70
     1
102
RTVSPropertyOp37
 70
     1
102
RTVSPropertyOp38
 70
     1
102
RTVSPropertyOp39
 70
     1
102
RTVSPropertyOp40
 70
     1
102
RTVSPropertyOp41
 70
     1
102
RTVSPropertyOp42
 70
     1
102
RTVSPropertyOp43
 70
     1
102
RTVSPropertyOp44
 70
     1
102
RTVSPropertyOp45
 70
     1
102
RTVSPropertyOp46
 70
     1
102
RTVSPropertyOp47
 70
     1
102
RTVSPropertyOp48
 70
     1
102
RTVSPropertyOp49
 70
     1
102
RTVSPropertyOp50
 70
     1
102
RTVSPropertyOp51
 70
     0
102
RTVSPropertyOp52
 70
     0
102
RTVSPropertyOp53
 70
     1
102
RTVSPropertyOp54
 70
     1
102
RTVSPropertyOp55
 70
     1
102
RTVSPropertyOp56
 70
     1
102
RTVSPropertyOp57
 70
     1
102
RTVSPropertyOp58
 70
     1
102
RTVSPropertyOp59
 70
     1
102
RTVSPropertyOp60
 70
     1
102
RTVSPropertyOp61
 70
     1
102
RTVSPropertyOp62
 70
     1
  0
XRECORD
  5
297
102
{ACAD_REACTORS
330
296
102
}
330
296
100
AcDbXrecord
280
     1
102
RTVSPost2010Prop28
280
     0
102
RTVSPost2010PropOp28
 70
     1
102
RTVSPost2010Prop29
280
     1
102
RTVSPost2010PropOp29
 70
     1
102
RTVSPost2010Prop30
280
     1
102
RTVSPost2010PropOp30
 70
     1
102
RTVSPost2010Prop31
280
     0
102
RTVSPost2010PropOp31
 70
     1
102
RTVSPost2010Prop32
280
     0
102
RTVSPost2010PropOp32
 70
     1
102
RTVSPost2010Prop33
280
     0
102
RTVSPost2010PropOp33
 70
     1
102
RTVSPost2010Prop34
280
     0
102
RTVSPost2010PropOp34
 70
     1
102
RTVSPost2010Prop35
280
     0
102
RTVSPost2010PropOp35
 70
     1
102
RTVSPost2010Prop36
280
     0
102
RTVSPost2010PropOp36
 70
     1
102
RTVSPost2010Prop37
 90
       50
102
RTVSPost2010PropOp37
 70
     1
102
RTVSPost2010Prop38
140
0.0
102
RTVSPost2010PropOp38
 70
     1
102
RTVSPost2010Prop39
140
1.0
102
RTVSPost2010PropOp39
 70
     1
102
RTVSPost2010Prop40
 90
        0
102
RTVSPost2010PropOp40
 70
     1
102
RTVSPost2010Prop41ColorIndex
 90
       18
102
RTVSPost2010Prop41ColorRGB
 90
        0
102
RTVSPost2010PropOp41
 70
     1
102
RTVSPost2010Prop42
 90
       50
102
RTVSPost2010PropOp42
 70
     1
102
RTVSPost2010Prop43
 90
        3
102
RTVSPost2010PropOp43
 70
     1
102
RTVSPost2010Prop44ColorIndex
 90
        5
102
RTVSPost2010Prop44ColorRGB
 90
      255
102
RTVSPost2010PropOp44
 70
     1
102
RTVSPost2010Prop45
280
     0
102
RTVSPost2010PropOp45
 70
     1
102
RTVSPost2010Prop46
 90
       50
102
RTVSPost2010PropOp46
 70
     1
102
RTVSPost2010Prop47
 90
       50
102
RTVSPost2010PropOp47
 70
     1
102
RTVSPost2010Prop48
 90
       50
102
RTVSPost2010PropOp48
 70
     1
102
RTVSPost2010Prop49
280
     0
102
RTVSPost2010PropOp49
 70
     1
102
RTVSPost2010Prop50
 90
       50
102
RTVSPost2010PropOp50
 70
     1
102
RTVSPost2010Prop51ColorIndex
 90
      256
102
RTVSPost2010Prop51ColorRGB
 90
-16777216
102
RTVSPost2010PropOp51
 70
     0
102
RTVSPost2010Prop52
140
1.0
102
RTVSPost2010PropOp52
 70
     0
102
RTVSPost2010Prop53
 90
        2
102
RTVSPost2010PropOp53
 70
     1
102
RTVSPost2010Prop54
  1
strokes_ogs.tif
102
RTVSPost2010PropOp54
 70
     1
102
RTVSPost2010Prop55
280
     0
102
RTVSPost2010PropOp55
 70
     1
102
RTVSPost2010Prop56
140
1.0
102
RTVSPost2010PropOp56
 70
     1
102
RTVSPost2010Prop57
140
1.0
102
RTVSPost2010PropOp57
 70
     1
102
RTVSPropertyOp0
 70
     1
102
RTVSPropertyOp1
 70
     1
102
RTVSPropertyOp2
 70
     1
102
RTVSPropertyOp3
 70
     1
102
RTVSPropertyOp4
 70
     1
102
RTVSPropertyOp5
 70
     1
102
RTVSPropertyOp6
 70
     1
102
RTVSPropertyOp7
 70
     1
102
RTVSPropertyOp8
 70
     1
102
RTVSPropertyOp9
 70
     1
102
RTVSPropertyOp10
 70
     1
102
RTVSPropertyOp11
 70
     1
102
RTVSPropertyOp12
 70
     1
102
RTVSPropertyOp13
 70
     1
102
RTVSPropertyOp14
 70
     1
102
RTVSPropertyOp15
 70
     1
102
RTVSPropertyOp16
 70
     1
102
RTVSPropertyOp17
 70
     1
102
RTVSPropertyOp18
 70
     1
102
RTVSPropertyOp19
 70
     1
102
RTVSPropertyOp20
 70
     1
102
RTVSPropertyOp21
 70
     1
102
RTVSPropertyOp22
 70
     1
102
RTVSPropertyOp23
 70
     1
102
RTVSPropertyOp24
 70
     1
102
RTVSPropertyOp25
 70
     1
102
RTVSPropertyOp26
 70
     1
102
RTVSPropertyOp27
 70
     1
102
RTVSPropertyOp28
 70
     1
102
RTVSPropertyOp29
 70
     1
102
RTVSPropertyOp30
 70
     1
102
RTVSPropertyOp31
 70
     1
102
RTVSPropertyOp32
 70
     1
102
RTVSPropertyOp33
 70
     1
102
RTVSPropertyOp34
 70
     1
102
RTVSPropertyOp35
 70
     1
102
RTVSPropertyOp36
 70
     1
102
RTVSPropertyOp37
 70
     1
102
RTVSPropertyOp38
 70
     1
102
RTVSPropertyOp39
 70
     1
102
RTVSPropertyOp40
 70
     1
102
RTVSPropertyOp41
 70
     1
102
RTVSPropertyOp42
 70
     1
102
RTVSPropertyOp43
 70
     1
102
RTVSPropertyOp44
 70
     1
102
RTVSPropertyOp45
 70
     1
102
RTVSPropertyOp46
 70
     1
102
RTVSPropertyOp47
 70
     1
102
RTVSPropertyOp48
 70
     1
102
RTVSPropertyOp49
 70
     1
102
RTVSPropertyOp50
 70
     1
102
RTVSPropertyOp51
 70
     0
102
RTVSPropertyOp52
 70
     0
102
RTVSPropertyOp53
 70
     1
102
RTVSPropertyOp54
 70
     1
102
RTVSPropertyOp55
 70
     1
102
RTVSPropertyOp56
 70
     1
102
RTVSPropertyOp57
 70
     1
102
RTVSPropertyOp58
 70
     1
102
RTVSPropertyOp59
 70
     1
102
RTVSPropertyOp60
 70
     1
102
RTVSPropertyOp61
 70
     1
102
RTVSPropertyOp62
 70
     1
  0
XRECORD
  5
29B
102
{ACAD_REACTORS
330
29A
102
}
330
29A
100
AcDbXrecord
280
     1
102
RTVSPost2010Prop28
280
     0
102
RTVSPost2010PropOp28
 70
     1
102
RTVSPost2010Prop29
280
     1
102
RTVSPost2010PropOp29
 70
     1
102
RTVSPost2010Prop30
280
     1
102
RTVSPost2010PropOp30
 70
     1
102
RTVSPost2010Prop31
280
     0
102
RTVSPost2010PropOp31
 70
     1
102
RTVSPost2010Prop32
280
     0
102
RTVSPost2010PropOp32
 70
     1
102
RTVSPost2010Prop33
280
     0
102
RTVSPost2010PropOp33
 70
     1
102
RTVSPost2010Prop34
280
     0
102
RTVSPost2010PropOp34
 70
     1
102
RTVSPost2010Prop35
280
     0
102
RTVSPost2010PropOp35
 70
     1
102
RTVSPost2010Prop36
280
     0
102
RTVSPost2010PropOp36
 70
     1
102
RTVSPost2010Prop37
 90
       50
102
RTVSPost2010PropOp37
 70
     1
102
RTVSPost2010Prop38
140
0.0
102
RTVSPost2010PropOp38
 70
     1
102
RTVSPost2010Prop39
140
1.0
102
RTVSPost2010PropOp39
 70
     1
102
RTVSPost2010Prop40
 90
        0
102
RTVSPost2010PropOp40
 70
     1
102
RTVSPost2010Prop41ColorIndex
 90
       18
102
RTVSPost2010Prop41ColorRGB
 90
        0
102
RTVSPost2010PropOp41
 70
     1
102
RTVSPost2010Prop42
 90
       50
102
RTVSPost2010PropOp42
 70
     1
102
RTVSPost2010Prop43
 90
        3
102
RTVSPost2010PropOp43
 70
     1
102
RTVSPost2010Prop44ColorIndex
 90
        5
102
RTVSPost2010Prop44ColorRGB
 90
      255
102
RTVSPost2010PropOp44
 70
     1
102
RTVSPost2010Prop45
280
     0
102
RTVSPost2010PropOp45
 70
     1
102
RTVSPost2010Prop46
 90
       50
102
RTVSPost2010PropOp46
 70
     1
102
RTVSPost2010Prop47
 90
       50
102
RTVSPost2010PropOp47
 70
     1
102
RTVSPost2010Prop48
 90
       50
102
RTVSPost2010PropOp48
 70
     1
102
RTVSPost2010Prop49
280
     0
102
RTVSPost2010PropOp49
 70
     1
102
RTVSPost2010Prop50
 90
       50
102
RTVSPost2010PropOp50
 70
     1
102
RTVSPost2010Prop51ColorIndex
 90
      256
102
RTVSPost2010Prop51ColorRGB
 90
-16777216
102
RTVSPost2010PropOp51
 70
     0
102
RTVSPost2010Prop52
140
1.0
102
RTVSPost2010PropOp52
 70
     0
102
RTVSPost2010Prop53
 90
        2
102
RTVSPost2010PropOp53
 70
     1
102
RTVSPost2010Prop54
  1
strokes_ogs.tif
102
RTVSPost2010PropOp54
 70
     1
102
RTVSPost2010Prop55
280
     0
102
RTVSPost2010PropOp55
 70
     1
102
RTVSPost2010Prop56
140
1.0
102
RTVSPost2010PropOp56
 70
     1
102
RTVSPost2010Prop57
140
1.0
102
RTVSPost2010PropOp57
 70
     1
102
RTVSPropertyOp0
 70
     1
102
RTVSPropertyOp1
 70
     1
102
RTVSPropertyOp2
 70
     1
102
RTVSPropertyOp3
 70
     1
102
RTVSPropertyOp4
 70
     1
102
RTVSPropertyOp5
 70
     1
102
RTVSPropertyOp6
 70
     1
102
RTVSPropertyOp7
 70
     1
102
RTVSPropertyOp8
 70
     1
102
RTVSPropertyOp9
 70
     1
102
RTVSPropertyOp10
 70
     1
102
RTVSPropertyOp11
 70
     1
102
RTVSPropertyOp12
 70
     1
102
RTVSPropertyOp13
 70
     1
102
RTVSPropertyOp14
 70
     1
102
RTVSPropertyOp15
 70
     1
102
RTVSPropertyOp16
 70
     1
102
RTVSPropertyOp17
 70
     1
102
RTVSPropertyOp18
 70
     1
102
RTVSPropertyOp19
 70
     1
102
RTVSPropertyOp20
 70
     1
102
RTVSPropertyOp21
 70
     1
102
RTVSPropertyOp22
 70
     1
102
RTVSPropertyOp23
 70
     1
102
RTVSPropertyOp24
 70
     1
102
RTVSPropertyOp25
 70
     1
102
RTVSPropertyOp26
 70
     1
102
RTVSPropertyOp27
 70
     1
102
RTVSPropertyOp28
 70
     1
102
RTVSPropertyOp29
 70
     1
102
RTVSPropertyOp30
 70
     1
102
RTVSPropertyOp31
 70
     1
102
RTVSPropertyOp32
 70
     1
102
RTVSPropertyOp33
 70
     1
102
RTVSPropertyOp34
 70
     1
102
RTVSPropertyOp35
 70
     1
102
RTVSPropertyOp36
 70
     1
102
RTVSPropertyOp37
 70
     1
102
RTVSPropertyOp38
 70
     1
102
RTVSPropertyOp39
 70
     1
102
RTVSPropertyOp40
 70
     1
102
RTVSPropertyOp41
 70
     1
102
RTVSPropertyOp42
 70
     1
102
RTVSPropertyOp43
 70
     1
102
RTVSPropertyOp44
 70
     1
102
RTVSPropertyOp45
 70
     1
102
RTVSPropertyOp46
 70
     1
102
RTVSPropertyOp47
 70
     1
102
RTVSPropertyOp48
 70
     1
102
RTVSPropertyOp49
 70
     1
102
RTVSPropertyOp50
 70
     1
102
RTVSPropertyOp51
 70
     0
102
RTVSPropertyOp52
 70
     0
102
RTVSPropertyOp53
 70
     1
102
RTVSPropertyOp54
 70
     1
102
RTVSPropertyOp55
 70
     1
102
RTVSPropertyOp56
 70
     1
102
RTVSPropertyOp57
 70
     1
102
RTVSPropertyOp58
 70
     1
102
RTVSPropertyOp59
 70
     1
102
RTVSPropertyOp60
 70
     1
102
RTVSPropertyOp61
 70
     1
102
RTVSPropertyOp62
 70
     1
  0
XRECORD
  5
2AB
102
{ACAD_REACTORS
330
2AA
102
}
330
2AA
100
AcDbXrecord
280
     1
102
RTVSPost2010Prop28
280
     0
102
RTVSPost2010PropOp28
 70
     1
102
RTVSPost2010Prop29
280
     1
102
RTVSPost2010PropOp29
 70
     1
102
RTVSPost2010Prop30
280
     1
102
RTVSPost2010PropOp30
 70
     1
102
RTVSPost2010Prop31
280
     0
102
RTVSPost2010PropOp31
 70
     1
102
RTVSPost2010Prop32
280
     0
102
RTVSPost2010PropOp32
 70
     1
102
RTVSPost2010Prop33
280
     0
102
RTVSPost2010PropOp33
 70
     1
102
RTVSPost2010Prop34
280
     0
102
RTVSPost2010PropOp34
 70
     1
102
RTVSPost2010Prop35
280
     0
102
RTVSPost2010PropOp35
 70
     1
102
RTVSPost2010Prop36
280
     0
102
RTVSPost2010PropOp36
 70
     1
102
RTVSPost2010Prop37
 90
       50
102
RTVSPost2010PropOp37
 70
     1
102
RTVSPost2010Prop38
140
0.0
102
RTVSPost2010PropOp38
 70
     1
102
RTVSPost2010Prop39
140
1.0
102
RTVSPost2010PropOp39
 70
     1
102
RTVSPost2010Prop40
 90
        0
102
RTVSPost2010PropOp40
 70
     1
102
RTVSPost2010Prop41ColorIndex
 90
       18
102
RTVSPost2010Prop41ColorRGB
 90
        0
102
RTVSPost2010PropOp41
 70
     1
102
RTVSPost2010Prop42
 90
       50
102
RTVSPost2010PropOp42
 70
     1
102
RTVSPost2010Prop43
 90
        3
102
RTVSPost2010PropOp43
 70
     1
102
RTVSPost2010Prop44ColorIndex
 90
        5
102
RTVSPost2010Prop44ColorRGB
 90
      255
102
RTVSPost2010PropOp44
 70
     1
102
RTVSPost2010Prop45
280
     0
102
RTVSPost2010PropOp45
 70
     1
102
RTVSPost2010Prop46
 90
       50
102
RTVSPost2010PropOp46
 70
     1
102
RTVSPost2010Prop47
 90
       50
102
RTVSPost2010PropOp47
 70
     1
102
RTVSPost2010Prop48
 90
       50
102
RTVSPost2010PropOp48
 70
     1
102
RTVSPost2010Prop49
280
     0
102
RTVSPost2010PropOp49
 70
     1
102
RTVSPost2010Prop50
 90
       50
102
RTVSPost2010PropOp50
 70
     1
102
RTVSPost2010Prop51ColorIndex
 90
      256
102
RTVSPost2010Prop51ColorRGB
 90
-16777216
102
RTVSPost2010PropOp51
 70
     0
102
RTVSPost2010Prop52
140
1.0
102
RTVSPost2010PropOp52
 70
     0
102
RTVSPost2010Prop53
 90
        2
102
RTVSPost2010PropOp53
 70
     1
102
RTVSPost2010Prop54
  1
strokes_ogs.tif
102
RTVSPost2010PropOp54
 70
     1
102
RTVSPost2010Prop55
280
     0
102
RTVSPost2010PropOp55
 70
     1
102
RTVSPost2010Prop56
140
1.0
102
RTVSPost2010PropOp56
 70
     1
102
RTVSPost2010Prop57
140
1.0
102
RTVSPost2010PropOp57
 70
     1
102
RTVSPropertyOp0
 70
     0
102
RTVSPropertyOp1
 70
     0
102
RTVSPropertyOp2
 70
     0
102
RTVSPropertyOp3
 70
     0
102
RTVSPropertyOp4
 70
     0
102
RTVSPropertyOp5
 70
     0
102
RTVSPropertyOp6
 70
     0
102
RTVSPropertyOp7
 70
     0
102
RTVSPropertyOp8
 70
     0
102
RTVSPropertyOp9
 70
     0
102
RTVSPropertyOp10
 70
     0
102
RTVSPropertyOp11
 70
     0
102
RTVSPropertyOp12
 70
     0
102
RTVSPropertyOp13
 70
     0
102
RTVSPropertyOp14
 70
     2
102
RTVSPropertyOp15
 70
     0
102
RTVSPropertyOp16
 70
     0
102
RTVSPropertyOp17
 70
     0
102
RTVSPropertyOp18
 70
     0
102
RTVSPropertyOp19
 70
     0
102
RTVSPropertyOp20
 70
     0
102
RTVSPropertyOp21
 70
     0
102
RTVSPropertyOp22
 70
     0
102
RTVSPropertyOp23
 70
     0
102
RTVSPropertyOp24
 70
     0
102
RTVSPropertyOp25
 70
     0
102
RTVSPropertyOp26
 70
     0
102
RTVSPropertyOp27
 70
     0
102
RTVSPropertyOp28
 70
     1
102
RTVSPropertyOp29
 70
     1
102
RTVSPropertyOp30
 70
     1
102
RTVSPropertyOp31
 70
     1
102
RTVSPropertyOp32
 70
     1
102
RTVSPropertyOp33
 70
     1
102
RTVSPropertyOp34
 70
     1
102
RTVSPropertyOp35
 70
     1
102
RTVSPropertyOp36
 70
     1
102
RTVSPropertyOp37
 70
     1
102
RTVSPropertyOp38
 70
     1
102
RTVSPropertyOp39
 70
     1
102
RTVSPropertyOp40
 70
     1
102
RTVSPropertyOp41
 70
     1
102
RTVSPropertyOp42
 70
     1
102
RTVSPropertyOp43
 70
     1
102
RTVSPropertyOp44
 70
     1
102
RTVSPropertyOp45
 70
     1
102
RTVSPropertyOp46
 70
     1
102
RTVSPropertyOp47
 70
     1
102
RTVSPropertyOp48
 70
     1
102
RTVSPropertyOp49
 70
     1
102
RTVSPropertyOp50
 70
     1
102
RTVSPropertyOp51
 70
     0
102
RTVSPropertyOp52
 70
     0
102
RTVSPropertyOp53
 70
     1
102
RTVSPropertyOp54
 70
     1
102
RTVSPropertyOp55
 70
     1
102
RTVSPropertyOp56
 70
     1
102
RTVSPropertyOp57
 70
     1
102
RTVSPropertyOp58
 70
     1
102
RTVSPropertyOp59
 70
     1
102
RTVSPropertyOp60
 70
     1
102
RTVSPropertyOp61
 70
     1
102
RTVSPropertyOp62
 70
     1
  0
XRECORD
  5
2A3
102
{ACAD_REACTORS
330
2A2
102
}
330
2A2
100
AcDbXrecord
280
     1
102
RTVSPost2010Prop28
280
     0
102
RTVSPost2010PropOp28
 70
     1
102
RTVSPost2010Prop29
280
     1
102
RTVSPost2010PropOp29
 70
     1
102
RTVSPost2010Prop30
280
     1
102
RTVSPost2010PropOp30
 70
     1
102
RTVSPost2010Prop31
280
     0
102
RTVSPost2010PropOp31
 70
     1
102
RTVSPost2010Prop32
280
     0
102
RTVSPost2010PropOp32
 70
     1
102
RTVSPost2010Prop33
280
     0
102
RTVSPost2010PropOp33
 70
     1
102
RTVSPost2010Prop34
280
     0
102
RTVSPost2010PropOp34
 70
     1
102
RTVSPost2010Prop35
280
     0
102
RTVSPost2010PropOp35
 70
     1
102
RTVSPost2010Prop36
280
     0
102
RTVSPost2010PropOp36
 70
     1
102
RTVSPost2010Prop37
 90
       50
102
RTVSPost2010PropOp37
 70
     1
102
RTVSPost2010Prop38
140
0.0
102
RTVSPost2010PropOp38
 70
     1
102
RTVSPost2010Prop39
140
1.0
102
RTVSPost2010PropOp39
 70
     1
102
RTVSPost2010Prop40
 90
        0
102
RTVSPost2010PropOp40
 70
     1
102
RTVSPost2010Prop41ColorIndex
 90
       18
102
RTVSPost2010Prop41ColorRGB
 90
        0
102
RTVSPost2010PropOp41
 70
     1
102
RTVSPost2010Prop42
 90
       50
102
RTVSPost2010PropOp42
 70
     1
102
RTVSPost2010Prop43
 90
        3
102
RTVSPost2010PropOp43
 70
     1
102
RTVSPost2010Prop44ColorIndex
 90
        5
102
RTVSPost2010Prop44ColorRGB
 90
      255
102
RTVSPost2010PropOp44
 70
     1
102
RTVSPost2010Prop45
280
     0
102
RTVSPost2010PropOp45
 70
     1
102
RTVSPost2010Prop46
 90
       50
102
RTVSPost2010PropOp46
 70
     1
102
RTVSPost2010Prop47
 90
       50
102
RTVSPost2010PropOp47
 70
     1
102
RTVSPost2010Prop48
 90
       50
102
RTVSPost2010PropOp48
 70
     1
102
RTVSPost2010Prop49
280
     0
102
RTVSPost2010PropOp49
 70
     1
102
RTVSPost2010Prop50
 90
       50
102
RTVSPost2010PropOp50
 70
     1
102
RTVSPost2010Prop51ColorIndex
 90
      256
102
RTVSPost2010Prop51ColorRGB
 90
-16777216
102
RTVSPost2010PropOp51
 70
     0
102
RTVSPost2010Prop52
140
1.0
102
RTVSPost2010PropOp52
 70
     0
102
RTVSPost2010Prop53
 90
        2
102
RTVSPost2010PropOp53
 70
     1
102
RTVSPost2010Prop54
  1
strokes_ogs.tif
102
RTVSPost2010PropOp54
 70
     1
102
RTVSPost2010Prop55
280
     0
102
RTVSPost2010PropOp55
 70
     1
102
RTVSPost2010Prop56
140
1.0
102
RTVSPost2010PropOp56
 70
     1
102
RTVSPost2010Prop57
140
1.0
102
RTVSPost2010PropOp57
 70
     1
102
RTVSPropertyOp0
 70
     1
102
RTVSPropertyOp1
 70
     1
102
RTVSPropertyOp2
 70
     1
102
RTVSPropertyOp3
 70
     1
102
RTVSPropertyOp4
 70
     1
102
RTVSPropertyOp5
 70
     1
102
RTVSPropertyOp6
 70
     1
102
RTVSPropertyOp7
 70
     1
102
RTVSPropertyOp8
 70
     1
102
RTVSPropertyOp9
 70
     1
102
RTVSPropertyOp10
 70
     1
102
RTVSPropertyOp11
 70
     1
102
RTVSPropertyOp12
 70
     1
102
RTVSPropertyOp13
 70
     1
102
RTVSPropertyOp14
 70
     1
102
RTVSPropertyOp15
 70
     1
102
RTVSPropertyOp16
 70
     1
102
RTVSPropertyOp17
 70
     1
102
RTVSPropertyOp18
 70
     1
102
RTVSPropertyOp19
 70
     1
102
RTVSPropertyOp20
 70
     1
102
RTVSPropertyOp21
 70
     1
102
RTVSPropertyOp22
 70
     1
102
RTVSPropertyOp23
 70
     1
102
RTVSPropertyOp24
 70
     1
102
RTVSPropertyOp25
 70
     1
102
RTVSPropertyOp26
 70
     1
102
RTVSPropertyOp27
 70
     1
102
RTVSPropertyOp28
 70
     1
102
RTVSPropertyOp29
 70
     1
102
RTVSPropertyOp30
 70
     1
102
RTVSPropertyOp31
 70
     1
102
RTVSPropertyOp32
 70
     1
102
RTVSPropertyOp33
 70
     1
102
RTVSPropertyOp34
 70
     1
102
RTVSPropertyOp35
 70
     1
102
RTVSPropertyOp36
 70
     1
102
RTVSPropertyOp37
 70
     1
102
RTVSPropertyOp38
 70
     1
102
RTVSPropertyOp39
 70
     1
102
RTVSPropertyOp40
 70
     1
102
RTVSPropertyOp41
 70
     1
102
RTVSPropertyOp42
 70
     1
102
RTVSPropertyOp43
 70
     1
102
RTVSPropertyOp44
 70
     1
102
RTVSPropertyOp45
 70
     1
102
RTVSPropertyOp46
 70
     1
102
RTVSPropertyOp47
 70
     1
102
RTVSPropertyOp48
 70
     1
102
RTVSPropertyOp49
 70
     1
102
RTVSPropertyOp50
 70
     1
102
RTVSPropertyOp51
 70
     0
102
RTVSPropertyOp52
 70
     0
102
RTVSPropertyOp53
 70
     1
102
RTVSPropertyOp54
 70
     1
102
RTVSPropertyOp55
 70
     1
102
RTVSPropertyOp56
 70
     1
102
RTVSPropertyOp57
 70
     1
102
RTVSPropertyOp58
 70
     1
102
RTVSPropertyOp59
 70
     1
102
RTVSPropertyOp60
 70
     1
102
RTVSPropertyOp61
 70
     1
102
RTVSPropertyOp62
 70
     1
  0
XRECORD
  5
287
102
{ACAD_REACTORS
330
286
102
}
330
286
100
AcDbXrecord
280
     1
102
RTVSPost2010Prop28
280
     0
102
RTVSPost2010PropOp28
 70
     1
102
RTVSPost2010Prop29
280
     1
102
RTVSPost2010PropOp29
 70
     1
102
RTVSPost2010Prop30
280
     1
102
RTVSPost2010PropOp30
 70
     1
102
RTVSPost2010Prop31
280
     0
102
RTVSPost2010PropOp31
 70
     1
102
RTVSPost2010Prop32
280
     0
102
RTVSPost2010PropOp32
 70
     1
102
RTVSPost2010Prop33
280
     0
102
RTVSPost2010PropOp33
 70
     1
102
RTVSPost2010Prop34
280
     0
102
RTVSPost2010PropOp34
 70
     1
102
RTVSPost2010Prop35
280
     0
102
RTVSPost2010PropOp35
 70
     1
102
RTVSPost2010Prop36
280
     0
102
RTVSPost2010PropOp36
 70
     1
102
RTVSPost2010Prop37
 90
       50
102
RTVSPost2010PropOp37
 70
     1
102
RTVSPost2010Prop38
140
0.0
102
RTVSPost2010PropOp38
 70
     1
102
RTVSPost2010Prop39
140
1.0
102
RTVSPost2010PropOp39
 70
     1
102
RTVSPost2010Prop40
 90
        0
102
RTVSPost2010PropOp40
 70
     1
102
RTVSPost2010Prop41ColorIndex
 90
       18
102
RTVSPost2010Prop41ColorRGB
 90
        0
102
RTVSPost2010PropOp41
 70
     1
102
RTVSPost2010Prop42
 90
       50
102
RTVSPost2010PropOp42
 70
     1
102
RTVSPost2010Prop43
 90
        3
102
RTVSPost2010PropOp43
 70
     1
102
RTVSPost2010Prop44ColorIndex
 90
        5
102
RTVSPost2010Prop44ColorRGB
 90
      255
102
RTVSPost2010PropOp44
 70
     1
102
RTVSPost2010Prop45
280
     0
102
RTVSPost2010PropOp45
 70
     1
102
RTVSPost2010Prop46
 90
       50
102
RTVSPost2010PropOp46
 70
     1
102
RTVSPost2010Prop47
 90
       50
102
RTVSPost2010PropOp47
 70
     1
102
RTVSPost2010Prop48
 90
       50
102
RTVSPost2010PropOp48
 70
     1
102
RTVSPost2010Prop49
280
     0
102
RTVSPost2010PropOp49
 70
     1
102
RTVSPost2010Prop50
 90
       50
102
RTVSPost2010PropOp50
 70
     1
102
RTVSPost2010Prop51ColorIndex
 90
      256
102
RTVSPost2010Prop51ColorRGB
 90
-16777216
102
RTVSPost2010PropOp51
 70
     0
102
RTVSPost2010Prop52
140
1.0
102
RTVSPost2010PropOp52
 70
     0
102
RTVSPost2010Prop53
 90
        2
102
RTVSPost2010PropOp53
 70
     1
102
RTVSPost2010Prop54
  1
strokes_ogs.tif
102
RTVSPost2010PropOp54
 70
     1
102
RTVSPost2010Prop55
280
     0
102
RTVSPost2010PropOp55
 70
     1
102
RTVSPost2010Prop56
140
1.0
102
RTVSPost2010PropOp56
 70
     1
102
RTVSPost2010Prop57
140
1.0
102
RTVSPost2010PropOp57
 70
     1
102
RTVSPropertyOp0
 70
     1
102
RTVSPropertyOp1
 70
     1
102
RTVSPropertyOp2
 70
     1
102
RTVSPropertyOp3
 70
     1
102
RTVSPropertyOp4
 70
     1
102
RTVSPropertyOp5
 70
     1
102
RTVSPropertyOp6
 70
     1
102
RTVSPropertyOp7
 70
     1
102
RTVSPropertyOp8
 70
     1
102
RTVSPropertyOp9
 70
     1
102
RTVSPropertyOp10
 70
     1
102
RTVSPropertyOp11
 70
     1
102
RTVSPropertyOp12
 70
     1
102
RTVSPropertyOp13
 70
     1
102
RTVSPropertyOp14
 70
     1
102
RTVSPropertyOp15
 70
     1
102
RTVSPropertyOp16
 70
     1
102
RTVSPropertyOp17
 70
     1
102
RTVSPropertyOp18
 70
     1
102
RTVSPropertyOp19
 70
     1
102
RTVSPropertyOp20
 70
     1
102
RTVSPropertyOp21
 70
     1
102
RTVSPropertyOp22
 70
     1
102
RTVSPropertyOp23
 70
     1
102
RTVSPropertyOp24
 70
     1
102
RTVSPropertyOp25
 70
     1
102
RTVSPropertyOp26
 70
     1
102
RTVSPropertyOp27
 70
     1
102
RTVSPropertyOp28
 70
     1
102
RTVSPropertyOp29
 70
     1
102
RTVSPropertyOp30
 70
     1
102
RTVSPropertyOp31
 70
     1
102
RTVSPropertyOp32
 70
     1
102
RTVSPropertyOp33
 70
     1
102
RTVSPropertyOp34
 70
     1
102
RTVSPropertyOp35
 70
     1
102
RTVSPropertyOp36
 70
     1
102
RTVSPropertyOp37
 70
     1
102
RTVSPropertyOp38
 70
     1
102
RTVSPropertyOp39
 70
     1
102
RTVSPropertyOp40
 70
     1
102
RTVSPropertyOp41
 70
     1
102
RTVSPropertyOp42
 70
     1
102
RTVSPropertyOp43
 70
     1
102
RTVSPropertyOp44
 70
     1
102
RTVSPropertyOp45
 70
     1
102
RTVSPropertyOp46
 70
     1
102
RTVSPropertyOp47
 70
     1
102
RTVSPropertyOp48
 70
     1
102
RTVSPropertyOp49
 70
     1
102
RTVSPropertyOp50
 70
     1
102
RTVSPropertyOp51
 70
     0
102
RTVSPropertyOp52
 70
     0
102
RTVSPropertyOp53
 70
     1
102
RTVSPropertyOp54
 70
     1
102
RTVSPropertyOp55
 70
     1
102
RTVSPropertyOp56
 70
     1
102
RTVSPropertyOp57
 70
     1
102
RTVSPropertyOp58
 70
     1
102
RTVSPropertyOp59
 70
     1
102
RTVSPropertyOp60
 70
     1
102
RTVSPropertyOp61
 70
     1
102
RTVSPropertyOp62
 70
     1
  0
XRECORD
  5
289
102
{ACAD_REACTORS
330
288
102
}
330
288
100
AcDbXrecord
280
     1
102
RTVSPost2010Prop28
280
     0
102
RTVSPost2010PropOp28
 70
     1
102
RTVSPost2010Prop29
280
     1
102
RTVSPost2010PropOp29
 70
     1
102
RTVSPost2010Prop30
280
     1
102
RTVSPost2010PropOp30
 70
     1
102
RTVSPost2010Prop31
280
     0
102
RTVSPost2010PropOp31
 70
     1
102
RTVSPost2010Prop32
280
     0
102
RTVSPost2010PropOp32
 70
     1
102
RTVSPost2010Prop33
280
     0
102
RTVSPost2010PropOp33
 70
     1
102
RTVSPost2010Prop34
280
     0
102
RTVSPost2010PropOp34
 70
     1
102
RTVSPost2010Prop35
280
     0
102
RTVSPost2010PropOp35
 70
     1
102
RTVSPost2010Prop36
280
     0
102
RTVSPost2010PropOp36
 70
     1
102
RTVSPost2010Prop37
 90
       50
102
RTVSPost2010PropOp37
 70
     1
102
RTVSPost2010Prop38
140
0.0
102
RTVSPost2010PropOp38
 70
     1
102
RTVSPost2010Prop39
140
1.0
102
RTVSPost2010PropOp39
 70
     1
102
RTVSPost2010Prop40
 90
        0
102
RTVSPost2010PropOp40
 70
     1
102
RTVSPost2010Prop41ColorIndex
 90
       18
102
RTVSPost2010Prop41ColorRGB
 90
        0
102
RTVSPost2010PropOp41
 70
     1
102
RTVSPost2010Prop42
 90
       50
102
RTVSPost2010PropOp42
 70
     1
102
RTVSPost2010Prop43
 90
        3
102
RTVSPost2010PropOp43
 70
     1
102
RTVSPost2010Prop44ColorIndex
 90
        5
102
RTVSPost2010Prop44ColorRGB
 90
      255
102
RTVSPost2010PropOp44
 70
     1
102
RTVSPost2010Prop45
280
     0
102
RTVSPost2010PropOp45
 70
     1
102
RTVSPost2010Prop46
 90
       50
102
RTVSPost2010PropOp46
 70
     1
102
RTVSPost2010Prop47
 90
       50
102
RTVSPost2010PropOp47
 70
     1
102
RTVSPost2010Prop48
 90
       50
102
RTVSPost2010PropOp48
 70
     1
102
RTVSPost2010Prop49
280
     0
102
RTVSPost2010PropOp49
 70
     1
102
RTVSPost2010Prop50
 90
       50
102
RTVSPost2010PropOp50
 70
     1
102
RTVSPost2010Prop51ColorIndex
 90
      256
102
RTVSPost2010Prop51ColorRGB
 90
-16777216
102
RTVSPost2010PropOp51
 70
     0
102
RTVSPost2010Prop52
140
1.0
102
RTVSPost2010PropOp52
 70
     0
102
RTVSPost2010Prop53
 90
        2
102
RTVSPost2010PropOp53
 70
     1
102
RTVSPost2010Prop54
  1
strokes_ogs.tif
102
RTVSPost2010PropOp54
 70
     1
102
RTVSPost2010Prop55
280
     0
102
RTVSPost2010PropOp55
 70
     1
102
RTVSPost2010Prop56
140
1.0
102
RTVSPost2010PropOp56
 70
     1
102
RTVSPost2010Prop57
140
1.0
102
RTVSPost2010PropOp57
 70
     1
102
RTVSPropertyOp0
 70
     1
102
RTVSPropertyOp1
 70
     1
102
RTVSPropertyOp2
 70
     1
102
RTVSPropertyOp3
 70
     1
102
RTVSPropertyOp4
 70
     1
102
RTVSPropertyOp5
 70
     1
102
RTVSPropertyOp6
 70
     1
102
RTVSPropertyOp7
 70
     1
102
RTVSPropertyOp8
 70
     1
102
RTVSPropertyOp9
 70
     1
102
RTVSPropertyOp10
 70
     1
102
RTVSPropertyOp11
 70
     1
102
RTVSPropertyOp12
 70
     1
102
RTVSPropertyOp13
 70
     1
102
RTVSPropertyOp14
 70
     1
102
RTVSPropertyOp15
 70
     1
102
RTVSPropertyOp16
 70
     1
102
RTVSPropertyOp17
 70
     1
102
RTVSPropertyOp18
 70
     1
102
RTVSPropertyOp19
 70
     1
102
RTVSPropertyOp20
 70
     1
102
RTVSPropertyOp21
 70
     1
102
RTVSPropertyOp22
 70
     1
102
RTVSPropertyOp23
 70
     1
102
RTVSPropertyOp24
 70
     1
102
RTVSPropertyOp25
 70
     1
102
RTVSPropertyOp26
 70
     1
102
RTVSPropertyOp27
 70
     1
102
RTVSPropertyOp28
 70
     1
102
RTVSPropertyOp29
 70
     1
102
RTVSPropertyOp30
 70
     1
102
RTVSPropertyOp31
 70
     1
102
RTVSPropertyOp32
 70
     1
102
RTVSPropertyOp33
 70
     1
102
RTVSPropertyOp34
 70
     1
102
RTVSPropertyOp35
 70
     1
102
RTVSPropertyOp36
 70
     1
102
RTVSPropertyOp37
 70
     1
102
RTVSPropertyOp38
 70
     1
102
RTVSPropertyOp39
 70
     1
102
RTVSPropertyOp40
 70
     1
102
RTVSPropertyOp41
 70
     1
102
RTVSPropertyOp42
 70
     1
102
RTVSPropertyOp43
 70
     1
102
RTVSPropertyOp44
 70
     1
102
RTVSPropertyOp45
 70
     1
102
RTVSPropertyOp46
 70
     1
102
RTVSPropertyOp47
 70
     1
102
RTVSPropertyOp48
 70
     1
102
RTVSPropertyOp49
 70
     1
102
RTVSPropertyOp50
 70
     1
102
RTVSPropertyOp51
 70
     0
102
RTVSPropertyOp52
 70
     0
102
RTVSPropertyOp53
 70
     1
102
RTVSPropertyOp54
 70
     1
102
RTVSPropertyOp55
 70
     1
102
RTVSPropertyOp56
 70
     1
102
RTVSPropertyOp57
 70
     1
102
RTVSPropertyOp58
 70
     1
102
RTVSPropertyOp59
 70
     1
102
RTVSPropertyOp60
 70
     1
102
RTVSPropertyOp61
 70
     1
102
RTVSPropertyOp62
 70
     1
  0
XRECORD
  5
28B
102
{ACAD_REACTORS
330
28A
102
}
330
28A
100
AcDbXrecord
280
     1
102
RTVSPost2010Prop28
280
     0
102
RTVSPost2010PropOp28
 70
     1
102
RTVSPost2010Prop29
280
     1
102
RTVSPost2010PropOp29
 70
     1
102
RTVSPost2010Prop30
280
     1
102
RTVSPost2010PropOp30
 70
     1
102
RTVSPost2010Prop31
280
     0
102
RTVSPost2010PropOp31
 70
     1
102
RTVSPost2010Prop32
280
     0
102
RTVSPost2010PropOp32
 70
     1
102
RTVSPost2010Prop33
280
     0
102
RTVSPost2010PropOp33
 70
     1
102
RTVSPost2010Prop34
280
     0
102
RTVSPost2010PropOp34
 70
     1
102
RTVSPost2010Prop35
280
     0
102
RTVSPost2010PropOp35
 70
     1
102
RTVSPost2010Prop36
280
     0
102
RTVSPost2010PropOp36
 70
     1
102
RTVSPost2010Prop37
 90
       50
102
RTVSPost2010PropOp37
 70
     1
102
RTVSPost2010Prop38
140
0.0
102
RTVSPost2010PropOp38
 70
     1
102
RTVSPost2010Prop39
140
1.0
102
RTVSPost2010PropOp39
 70
     1
102
RTVSPost2010Prop40
 90
        0
102
RTVSPost2010PropOp40
 70
     1
102
RTVSPost2010Prop41ColorIndex
 90
       18
102
RTVSPost2010Prop41ColorRGB
 90
        0
102
RTVSPost2010PropOp41
 70
     1
102
RTVSPost2010Prop42
 90
       50
102
RTVSPost2010PropOp42
 70
     1
102
RTVSPost2010Prop43
 90
        3
102
RTVSPost2010PropOp43
 70
     1
102
RTVSPost2010Prop44ColorIndex
 90
        5
102
RTVSPost2010Prop44ColorRGB
 90
      255
102
RTVSPost2010PropOp44
 70
     1
102
RTVSPost2010Prop45
280
     0
102
RTVSPost2010PropOp45
 70
     1
102
RTVSPost2010Prop46
 90
       50
102
RTVSPost2010PropOp46
 70
     1
102
RTVSPost2010Prop47
 90
       50
102
RTVSPost2010PropOp47
 70
     1
102
RTVSPost2010Prop48
 90
       50
102
RTVSPost2010PropOp48
 70
     1
102
RTVSPost2010Prop49
280
     0
102
RTVSPost2010PropOp49
 70
     1
102
RTVSPost2010Prop50
 90
       50
102
RTVSPost2010PropOp50
 70
     1
102
RTVSPost2010Prop51ColorIndex
 90
      256
102
RTVSPost2010Prop51ColorRGB
 90
-16777216
102
RTVSPost2010PropOp51
 70
     0
102
RTVSPost2010Prop52
140
1.0
102
RTVSPost2010PropOp52
 70
     0
102
RTVSPost2010Prop53
 90
        2
102
RTVSPost2010PropOp53
 70
     1
102
RTVSPost2010Prop54
  1
strokes_ogs.tif
102
RTVSPost2010PropOp54
 70
     1
102
RTVSPost2010Prop55
280
     0
102
RTVSPost2010PropOp55
 70
     1
102
RTVSPost2010Prop56
140
1.0
102
RTVSPost2010PropOp56
 70
     1
102
RTVSPost2010Prop57
140
1.0
102
RTVSPost2010PropOp57
 70
     1
102
RTVSPropertyOp0
 70
     1
102
RTVSPropertyOp1
 70
     1
102
RTVSPropertyOp2
 70
     1
102
RTVSPropertyOp3
 70
     1
102
RTVSPropertyOp4
 70
     1
102
RTVSPropertyOp5
 70
     1
102
RTVSPropertyOp6
 70
     1
102
RTVSPropertyOp7
 70
     1
102
RTVSPropertyOp8
 70
     1
102
RTVSPropertyOp9
 70
     1
102
RTVSPropertyOp10
 70
     1
102
RTVSPropertyOp11
 70
     1
102
RTVSPropertyOp12
 70
     1
102
RTVSPropertyOp13
 70
     1
102
RTVSPropertyOp14
 70
     1
102
RTVSPropertyOp15
 70
     1
102
RTVSPropertyOp16
 70
     1
102
RTVSPropertyOp17
 70
     1
102
RTVSPropertyOp18
 70
     1
102
RTVSPropertyOp19
 70
     1
102
RTVSPropertyOp20
 70
     1
102
RTVSPropertyOp21
 70
     1
102
RTVSPropertyOp22
 70
     1
102
RTVSPropertyOp23
 70
     1
102
RTVSPropertyOp24
 70
     1
102
RTVSPropertyOp25
 70
     1
102
RTVSPropertyOp26
 70
     1
102
RTVSPropertyOp27
 70
     1
102
RTVSPropertyOp28
 70
     1
102
RTVSPropertyOp29
 70
     1
102
RTVSPropertyOp30
 70
     1
102
RTVSPropertyOp31
 70
     1
102
RTVSPropertyOp32
 70
     1
102
RTVSPropertyOp33
 70
     1
102
RTVSPropertyOp34
 70
     1
102
RTVSPropertyOp35
 70
     1
102
RTVSPropertyOp36
 70
     1
102
RTVSPropertyOp37
 70
     1
102
RTVSPropertyOp38
 70
     1
102
RTVSPropertyOp39
 70
     1
102
RTVSPropertyOp40
 70
     1
102
RTVSPropertyOp41
 70
     1
102
RTVSPropertyOp42
 70
     1
102
RTVSPropertyOp43
 70
     1
102
RTVSPropertyOp44
 70
     1
102
RTVSPropertyOp45
 70
     1
102
RTVSPropertyOp46
 70
     1
102
RTVSPropertyOp47
 70
     1
102
RTVSPropertyOp48
 70
     1
102
RTVSPropertyOp49
 70
     1
102
RTVSPropertyOp50
 70
     1
102
RTVSPropertyOp51
 70
     0
102
RTVSPropertyOp52
 70
     0
102
RTVSPropertyOp53
 70
     1
102
RTVSPropertyOp54
 70
     1
102
RTVSPropertyOp55
 70
     1
102
RTVSPropertyOp56
 70
     1
102
RTVSPropertyOp57
 70
     1
102
RTVSPropertyOp58
 70
     1
102
RTVSPropertyOp59
 70
     1
102
RTVSPropertyOp60
 70
     1
102
RTVSPropertyOp61
 70
     1
102
RTVSPropertyOp62
 70
     1
  0
XRECORD
  5
28D
102
{ACAD_REACTORS
330
28C
102
}
330
28C
100
AcDbXrecord
280
     1
102
RTVSPost2010Prop28
280
     0
102
RTVSPost2010PropOp28
 70
     1
102
RTVSPost2010Prop29
280
     1
102
RTVSPost2010PropOp29
 70
     1
102
RTVSPost2010Prop30
280
     1
102
RTVSPost2010PropOp30
 70
     1
102
RTVSPost2010Prop31
280
     0
102
RTVSPost2010PropOp31
 70
     1
102
RTVSPost2010Prop32
280
     0
102
RTVSPost2010PropOp32
 70
     1
102
RTVSPost2010Prop33
280
     0
102
RTVSPost2010PropOp33
 70
     1
102
RTVSPost2010Prop34
280
     0
102
RTVSPost2010PropOp34
 70
     1
102
RTVSPost2010Prop35
280
     0
102
RTVSPost2010PropOp35
 70
     1
102
RTVSPost2010Prop36
280
     0
102
RTVSPost2010PropOp36
 70
     1
102
RTVSPost2010Prop37
 90
       50
102
RTVSPost2010PropOp37
 70
     1
102
RTVSPost2010Prop38
140
0.0
102
RTVSPost2010PropOp38
 70
     1
102
RTVSPost2010Prop39
140
1.0
102
RTVSPost2010PropOp39
 70
     1
102
RTVSPost2010Prop40
 90
        0
102
RTVSPost2010PropOp40
 70
     1
102
RTVSPost2010Prop41ColorIndex
 90
       18
102
RTVSPost2010Prop41ColorRGB
 90
        0
102
RTVSPost2010PropOp41
 70
     1
102
RTVSPost2010Prop42
 90
       50
102
RTVSPost2010PropOp42
 70
     1
102
RTVSPost2010Prop43
 90
        3
102
RTVSPost2010PropOp43
 70
     1
102
RTVSPost2010Prop44ColorIndex
 90
        5
102
RTVSPost2010Prop44ColorRGB
 90
      255
102
RTVSPost2010PropOp44
 70
     1
102
RTVSPost2010Prop45
280
     0
102
RTVSPost2010PropOp45
 70
     1
102
RTVSPost2010Prop46
 90
       50
102
RTVSPost2010PropOp46
 70
     1
102
RTVSPost2010Prop47
 90
       50
102
RTVSPost2010PropOp47
 70
     1
102
RTVSPost2010Prop48
 90
       50
102
RTVSPost2010PropOp48
 70
     1
102
RTVSPost2010Prop49
280
     0
102
RTVSPost2010PropOp49
 70
     1
102
RTVSPost2010Prop50
 90
       50
102
RTVSPost2010PropOp50
 70
     1
102
RTVSPost2010Prop51ColorIndex
 90
      256
102
RTVSPost2010Prop51ColorRGB
 90
-16777216
102
RTVSPost2010PropOp51
 70
     0
102
RTVSPost2010Prop52
140
1.0
102
RTVSPost2010PropOp52
 70
     0
102
RTVSPost2010Prop53
 90
        2
102
RTVSPost2010PropOp53
 70
     1
102
RTVSPost2010Prop54
  1
strokes_ogs.tif
102
RTVSPost2010PropOp54
 70
     1
102
RTVSPost2010Prop55
280
     0
102
RTVSPost2010PropOp55
 70
     1
102
RTVSPost2010Prop56
140
1.0
102
RTVSPost2010PropOp56
 70
     1
102
RTVSPost2010Prop57
140
1.0
102
RTVSPost2010PropOp57
 70
     1
102
RTVSPropertyOp0
 70
     1
102
RTVSPropertyOp1
 70
     1
102
RTVSPropertyOp2
 70
     1
102
RTVSPropertyOp3
 70
     1
102
RTVSPropertyOp4
 70
     1
102
RTVSPropertyOp5
 70
     1
102
RTVSPropertyOp6
 70
     1
102
RTVSPropertyOp7
 70
     1
102
RTVSPropertyOp8
 70
     1
102
RTVSPropertyOp9
 70
     1
102
RTVSPropertyOp10
 70
     1
102
RTVSPropertyOp11
 70
     1
102
RTVSPropertyOp12
 70
     1
102
RTVSPropertyOp13
 70
     1
102
RTVSPropertyOp14
 70
     1
102
RTVSPropertyOp15
 70
     1
102
RTVSPropertyOp16
 70
     1
102
RTVSPropertyOp17
 70
     1
102
RTVSPropertyOp18
 70
     1
102
RTVSPropertyOp19
 70
     1
102
RTVSPropertyOp20
 70
     1
102
RTVSPropertyOp21
 70
     1
102
RTVSPropertyOp22
 70
     1
102
RTVSPropertyOp23
 70
     1
102
RTVSPropertyOp24
 70
     1
102
RTVSPropertyOp25
 70
     1
102
RTVSPropertyOp26
 70
     1
102
RTVSPropertyOp27
 70
     1
102
RTVSPropertyOp28
 70
     1
102
RTVSPropertyOp29
 70
     1
102
RTVSPropertyOp30
 70
     1
102
RTVSPropertyOp31
 70
     1
102
RTVSPropertyOp32
 70
     1
102
RTVSPropertyOp33
 70
     1
102
RTVSPropertyOp34
 70
     1
102
RTVSPropertyOp35
 70
     1
102
RTVSPropertyOp36
 70
     1
102
RTVSPropertyOp37
 70
     1
102
RTVSPropertyOp38
 70
     1
102
RTVSPropertyOp39
 70
     1
102
RTVSPropertyOp40
 70
     1
102
RTVSPropertyOp41
 70
     1
102
RTVSPropertyOp42
 70
     1
102
RTVSPropertyOp43
 70
     1
102
RTVSPropertyOp44
 70
     1
102
RTVSPropertyOp45
 70
     1
102
RTVSPropertyOp46
 70
     1
102
RTVSPropertyOp47
 70
     1
102
RTVSPropertyOp48
 70
     1
102
RTVSPropertyOp49
 70
     1
102
RTVSPropertyOp50
 70
     1
102
RTVSPropertyOp51
 70
     0
102
RTVSPropertyOp52
 70
     0
102
RTVSPropertyOp53
 70
     1
102
RTVSPropertyOp54
 70
     1
102
RTVSPropertyOp55
 70
     1
102
RTVSPropertyOp56
 70
     1
102
RTVSPropertyOp57
 70
     1
102
RTVSPropertyOp58
 70
     1
102
RTVSPropertyOp59
 70
     1
102
RTVSPropertyOp60
 70
     1
102
RTVSPropertyOp61
 70
     1
102
RTVSPropertyOp62
 70
     1
  0
XRECORD
  5
295
102
{ACAD_REACTORS
330
294
102
}
330
294
100
AcDbXrecord
280
     1
102
RTVSPost2010Prop28
280
     0
102
RTVSPost2010PropOp28
 70
     1
102
RTVSPost2010Prop29
280
     1
102
RTVSPost2010PropOp29
 70
     1
102
RTVSPost2010Prop30
280
     1
102
RTVSPost2010PropOp30
 70
     1
102
RTVSPost2010Prop31
280
     0
102
RTVSPost2010PropOp31
 70
     1
102
RTVSPost2010Prop32
280
     0
102
RTVSPost2010PropOp32
 70
     1
102
RTVSPost2010Prop33
280
     0
102
RTVSPost2010PropOp33
 70
     1
102
RTVSPost2010Prop34
280
     0
102
RTVSPost2010PropOp34
 70
     1
102
RTVSPost2010Prop35
280
     0
102
RTVSPost2010PropOp35
 70
     1
102
RTVSPost2010Prop36
280
     0
102
RTVSPost2010PropOp36
 70
     1
102
RTVSPost2010Prop37
 90
       50
102
RTVSPost2010PropOp37
 70
     1
102
RTVSPost2010Prop38
140
0.0
102
RTVSPost2010PropOp38
 70
     1
102
RTVSPost2010Prop39
140
1.0
102
RTVSPost2010PropOp39
 70
     1
102
RTVSPost2010Prop40
 90
        0
102
RTVSPost2010PropOp40
 70
     1
102
RTVSPost2010Prop41ColorIndex
 90
       18
102
RTVSPost2010Prop41ColorRGB
 90
        0
102
RTVSPost2010PropOp41
 70
     1
102
RTVSPost2010Prop42
 90
       50
102
RTVSPost2010PropOp42
 70
     1
102
RTVSPost2010Prop43
 90
        3
102
RTVSPost2010PropOp43
 70
     1
102
RTVSPost2010Prop44ColorIndex
 90
        5
102
RTVSPost2010Prop44ColorRGB
 90
      255
102
RTVSPost2010PropOp44
 70
     1
102
RTVSPost2010Prop45
280
     0
102
RTVSPost2010PropOp45
 70
     1
102
RTVSPost2010Prop46
 90
       50
102
RTVSPost2010PropOp46
 70
     1
102
RTVSPost2010Prop47
 90
       50
102
RTVSPost2010PropOp47
 70
     1
102
RTVSPost2010Prop48
 90
       50
102
RTVSPost2010PropOp48
 70
     1
102
RTVSPost2010Prop49
280
     0
102
RTVSPost2010PropOp49
 70
     1
102
RTVSPost2010Prop50
 90
       50
102
RTVSPost2010PropOp50
 70
     1
102
RTVSPost2010Prop51ColorIndex
 90
      256
102
RTVSPost2010Prop51ColorRGB
 90
-16777216
102
RTVSPost2010PropOp51
 70
     0
102
RTVSPost2010Prop52
140
1.0
102
RTVSPost2010PropOp52
 70
     0
102
RTVSPost2010Prop53
 90
        2
102
RTVSPost2010PropOp53
 70
     1
102
RTVSPost2010Prop54
  1
strokes_ogs.tif
102
RTVSPost2010PropOp54
 70
     1
102
RTVSPost2010Prop55
280
     0
102
RTVSPost2010PropOp55
 70
     1
102
RTVSPost2010Prop56
140
1.0
102
RTVSPost2010PropOp56
 70
     1
102
RTVSPost2010Prop57
140
1.0
102
RTVSPost2010PropOp57
 70
     1
102
RTVSPropertyOp0
 70
     1
102
RTVSPropertyOp1
 70
     1
102
RTVSPropertyOp2
 70
     1
102
RTVSPropertyOp3
 70
     1
102
RTVSPropertyOp4
 70
     1
102
RTVSPropertyOp5
 70
     1
102
RTVSPropertyOp6
 70
     1
102
RTVSPropertyOp7
 70
     1
102
RTVSPropertyOp8
 70
     1
102
RTVSPropertyOp9
 70
     1
102
RTVSPropertyOp10
 70
     1
102
RTVSPropertyOp11
 70
     1
102
RTVSPropertyOp12
 70
     1
102
RTVSPropertyOp13
 70
     1
102
RTVSPropertyOp14
 70
     1
102
RTVSPropertyOp15
 70
     1
102
RTVSPropertyOp16
 70
     1
102
RTVSPropertyOp17
 70
     1
102
RTVSPropertyOp18
 70
     1
102
RTVSPropertyOp19
 70
     1
102
RTVSPropertyOp20
 70
     1
102
RTVSPropertyOp21
 70
     1
102
RTVSPropertyOp22
 70
     1
102
RTVSPropertyOp23
 70
     1
102
RTVSPropertyOp24
 70
     1
102
RTVSPropertyOp25
 70
     1
102
RTVSPropertyOp26
 70
     1
102
RTVSPropertyOp27
 70
     1
102
RTVSPropertyOp28
 70
     1
102
RTVSPropertyOp29
 70
     1
102
RTVSPropertyOp30
 70
     1
102
RTVSPropertyOp31
 70
     1
102
RTVSPropertyOp32
 70
     1
102
RTVSPropertyOp33
 70
     1
102
RTVSPropertyOp34
 70
     1
102
RTVSPropertyOp35
 70
     1
102
RTVSPropertyOp36
 70
     1
102
RTVSPropertyOp37
 70
     1
102
RTVSPropertyOp38
 70
     1
102
RTVSPropertyOp39
 70
     1
102
RTVSPropertyOp40
 70
     1
102
RTVSPropertyOp41
 70
     1
102
RTVSPropertyOp42
 70
     1
102
RTVSPropertyOp43
 70
     1
102
RTVSPropertyOp44
 70
     1
102
RTVSPropertyOp45
 70
     1
102
RTVSPropertyOp46
 70
     1
102
RTVSPropertyOp47
 70
     1
102
RTVSPropertyOp48
 70
     1
102
RTVSPropertyOp49
 70
     1
102
RTVSPropertyOp50
 70
     1
102
RTVSPropertyOp51
 70
     0
102
RTVSPropertyOp52
 70
     0
102
RTVSPropertyOp53
 70
     1
102
RTVSPropertyOp54
 70
     1
102
RTVSPropertyOp55
 70
     1
102
RTVSPropertyOp56
 70
     1
102
RTVSPropertyOp57
 70
     1
102
RTVSPropertyOp58
 70
     1
102
RTVSPropertyOp59
 70
     1
102
RTVSPropertyOp60
 70
     1
102
RTVSPropertyOp61
 70
     1
102
RTVSPropertyOp62
 70
     1
  0
XRECORD
  5
2A7
102
{ACAD_REACTORS
330
2A6
102
}
330
2A6
100
AcDbXrecord
280
     1
102
RTVSPost2010Prop28
280
     0
102
RTVSPost2010PropOp28
 70
     1
102
RTVSPost2010Prop29
280
     1
102
RTVSPost2010PropOp29
 70
     1
102
RTVSPost2010Prop30
280
     1
102
RTVSPost2010PropOp30
 70
     1
102
RTVSPost2010Prop31
280
     0
102
RTVSPost2010PropOp31
 70
     1
102
RTVSPost2010Prop32
280
     0
102
RTVSPost2010PropOp32
 70
     1
102
RTVSPost2010Prop33
280
     0
102
RTVSPost2010PropOp33
 70
     1
102
RTVSPost2010Prop34
280
     0
102
RTVSPost2010PropOp34
 70
     1
102
RTVSPost2010Prop35
280
     0
102
RTVSPost2010PropOp35
 70
     1
102
RTVSPost2010Prop36
280
     0
102
RTVSPost2010PropOp36
 70
     1
102
RTVSPost2010Prop37
 90
       50
102
RTVSPost2010PropOp37
 70
     1
102
RTVSPost2010Prop38
140
0.0
102
RTVSPost2010PropOp38
 70
     1
102
RTVSPost2010Prop39
140
1.0
102
RTVSPost2010PropOp39
 70
     1
102
RTVSPost2010Prop40
 90
        0
102
RTVSPost2010PropOp40
 70
     1
102
RTVSPost2010Prop41ColorIndex
 90
       18
102
RTVSPost2010Prop41ColorRGB
 90
        0
102
RTVSPost2010PropOp41
 70
     1
102
RTVSPost2010Prop42
 90
       50
102
RTVSPost2010PropOp42
 70
     1
102
RTVSPost2010Prop43
 90
        3
102
RTVSPost2010PropOp43
 70
     1
102
RTVSPost2010Prop44ColorIndex
 90
        5
102
RTVSPost2010Prop44ColorRGB
 90
      255
102
RTVSPost2010PropOp44
 70
     1
102
RTVSPost2010Prop45
280
     0
102
RTVSPost2010PropOp45
 70
     1
102
RTVSPost2010Prop46
 90
       50
102
RTVSPost2010PropOp46
 70
     1
102
RTVSPost2010Prop47
 90
       50
102
RTVSPost2010PropOp47
 70
     1
102
RTVSPost2010Prop48
 90
       50
102
RTVSPost2010PropOp48
 70
     1
102
RTVSPost2010Prop49
280
     0
102
RTVSPost2010PropOp49
 70
     1
102
RTVSPost2010Prop50
 90
       50
102
RTVSPost2010PropOp50
 70
     1
102
RTVSPost2010Prop51ColorIndex
 90
      256
102
RTVSPost2010Prop51ColorRGB
 90
-16777216
102
RTVSPost2010PropOp51
 70
     0
102
RTVSPost2010Prop52
140
1.0
102
RTVSPost2010PropOp52
 70
     0
102
RTVSPost2010Prop53
 90
        2
102
RTVSPost2010PropOp53
 70
     1
102
RTVSPost2010Prop54
  1
strokes_ogs.tif
102
RTVSPost2010PropOp54
 70
     1
102
RTVSPost2010Prop55
280
     0
102
RTVSPost2010PropOp55
 70
     1
102
RTVSPost2010Prop56
140
1.0
102
RTVSPost2010PropOp56
 70
     1
102
RTVSPost2010Prop57
140
1.0
102
RTVSPost2010PropOp57
 70
     1
102
RTVSPropertyOp0
 70
     0
102
RTVSPropertyOp1
 70
     0
102
RTVSPropertyOp2
 70
     0
102
RTVSPropertyOp3
 70
     0
102
RTVSPropertyOp4
 70
     0
102
RTVSPropertyOp5
 70
     0
102
RTVSPropertyOp6
 70
     0
102
RTVSPropertyOp7
 70
     0
102
RTVSPropertyOp8
 70
     0
102
RTVSPropertyOp9
 70
     0
102
RTVSPropertyOp10
 70
     0
102
RTVSPropertyOp11
 70
     0
102
RTVSPropertyOp12
 70
     0
102
RTVSPropertyOp13
 70
     0
102
RTVSPropertyOp14
 70
     2
102
RTVSPropertyOp15
 70
     0
102
RTVSPropertyOp16
 70
     0
102
RTVSPropertyOp17
 70
     0
102
RTVSPropertyOp18
 70
     0
102
RTVSPropertyOp19
 70
     0
102
RTVSPropertyOp20
 70
     0
102
RTVSPropertyOp21
 70
     0
102
RTVSPropertyOp22
 70
     0
102
RTVSPropertyOp23
 70
     0
102
RTVSPropertyOp24
 70
     0
102
RTVSPropertyOp25
 70
     0
102
RTVSPropertyOp26
 70
     0
102
RTVSPropertyOp27
 70
     0
102
RTVSPropertyOp28
 70
     1
102
RTVSPropertyOp29
 70
     1
102
RTVSPropertyOp30
 70
     1
102
RTVSPropertyOp31
 70
     1
102
RTVSPropertyOp32
 70
     1
102
RTVSPropertyOp33
 70
     1
102
RTVSPropertyOp34
 70
     1
102
RTVSPropertyOp35
 70
     1
102
RTVSPropertyOp36
 70
     1
102
RTVSPropertyOp37
 70
     1
102
RTVSPropertyOp38
 70
     1
102
RTVSPropertyOp39
 70
     1
102
RTVSPropertyOp40
 70
     1
102
RTVSPropertyOp41
 70
     1
102
RTVSPropertyOp42
 70
     1
102
RTVSPropertyOp43
 70
     1
102
RTVSPropertyOp44
 70
     1
102
RTVSPropertyOp45
 70
     1
102
RTVSPropertyOp46
 70
     1
102
RTVSPropertyOp47
 70
     1
102
RTVSPropertyOp48
 70
     1
102
RTVSPropertyOp49
 70
     1
102
RTVSPropertyOp50
 70
     1
102
RTVSPropertyOp51
 70
     0
102
RTVSPropertyOp52
 70
     0
102
RTVSPropertyOp53
 70
     1
102
RTVSPropertyOp54
 70
     1
102
RTVSPropertyOp55
 70
     1
102
RTVSPropertyOp56
 70
     1
102
RTVSPropertyOp57
 70
     1
102
RTVSPropertyOp58
 70
     1
102
RTVSPropertyOp59
 70
     1
102
RTVSPropertyOp60
 70
     1
102
RTVSPropertyOp61
 70
     1
102
RTVSPropertyOp62
 70
     1
  0
XRECORD
  5
2A1
102
{ACAD_REACTORS
330
2A0
102
}
330
2A0
100
AcDbXrecord
280
     1
102
RTVSPost2010Prop28
280
     0
102
RTVSPost2010PropOp28
 70
     1
102
RTVSPost2010Prop29
280
     1
102
RTVSPost2010PropOp29
 70
     1
102
RTVSPost2010Prop30
280
     1
102
RTVSPost2010PropOp30
 70
     1
102
RTVSPost2010Prop31
280
     0
102
RTVSPost2010PropOp31
 70
     1
102
RTVSPost2010Prop32
280
     0
102
RTVSPost2010PropOp32
 70
     1
102
RTVSPost2010Prop33
280
     0
102
RTVSPost2010PropOp33
 70
     1
102
RTVSPost2010Prop34
280
     0
102
RTVSPost2010PropOp34
 70
     1
102
RTVSPost2010Prop35
280
     0
102
RTVSPost2010PropOp35
 70
     1
102
RTVSPost2010Prop36
280
     0
102
RTVSPost2010PropOp36
 70
     1
102
RTVSPost2010Prop37
 90
       50
102
RTVSPost2010PropOp37
 70
     1
102
RTVSPost2010Prop38
140
0.0
102
RTVSPost2010PropOp38
 70
     1
102
RTVSPost2010Prop39
140
1.0
102
RTVSPost2010PropOp39
 70
     1
102
RTVSPost2010Prop40
 90
        0
102
RTVSPost2010PropOp40
 70
     1
102
RTVSPost2010Prop41ColorIndex
 90
       18
102
RTVSPost2010Prop41ColorRGB
 90
        0
102
RTVSPost2010PropOp41
 70
     1
102
RTVSPost2010Prop42
 90
       50
102
RTVSPost2010PropOp42
 70
     1
102
RTVSPost2010Prop43
 90
        3
102
RTVSPost2010PropOp43
 70
     1
102
RTVSPost2010Prop44ColorIndex
 90
        5
102
RTVSPost2010Prop44ColorRGB
 90
      255
102
RTVSPost2010PropOp44
 70
     1
102
RTVSPost2010Prop45
280
     0
102
RTVSPost2010PropOp45
 70
     1
102
RTVSPost2010Prop46
 90
       50
102
RTVSPost2010PropOp46
 70
     1
102
RTVSPost2010Prop47
 90
       50
102
RTVSPost2010PropOp47
 70
     1
102
RTVSPost2010Prop48
 90
       50
102
RTVSPost2010PropOp48
 70
     1
102
RTVSPost2010Prop49
280
     0
102
RTVSPost2010PropOp49
 70
     1
102
RTVSPost2010Prop50
 90
       50
102
RTVSPost2010PropOp50
 70
     1
102
RTVSPost2010Prop51ColorIndex
 90
      256
102
RTVSPost2010Prop51ColorRGB
 90
-16777216
102
RTVSPost2010PropOp51
 70
     0
102
RTVSPost2010Prop52
140
1.0
102
RTVSPost2010PropOp52
 70
     0
102
RTVSPost2010Prop53
 90
        2
102
RTVSPost2010PropOp53
 70
     1
102
RTVSPost2010Prop54
  1
strokes_ogs.tif
102
RTVSPost2010PropOp54
 70
     1
102
RTVSPost2010Prop55
280
     0
102
RTVSPost2010PropOp55
 70
     1
102
RTVSPost2010Prop56
140
1.0
102
RTVSPost2010PropOp56
 70
     1
102
RTVSPost2010Prop57
140
1.0
102
RTVSPost2010PropOp57
 70
     1
102
RTVSPropertyOp0
 70
     1
102
RTVSPropertyOp1
 70
     1
102
RTVSPropertyOp2
 70
     1
102
RTVSPropertyOp3
 70
     1
102
RTVSPropertyOp4
 70
     1
102
RTVSPropertyOp5
 70
     1
102
RTVSPropertyOp6
 70
     1
102
RTVSPropertyOp7
 70
     1
102
RTVSPropertyOp8
 70
     1
102
RTVSPropertyOp9
 70
     1
102
RTVSPropertyOp10
 70
     1
102
RTVSPropertyOp11
 70
     1
102
RTVSPropertyOp12
 70
     1
102
RTVSPropertyOp13
 70
     1
102
RTVSPropertyOp14
 70
     1
102
RTVSPropertyOp15
 70
     1
102
RTVSPropertyOp16
 70
     1
102
RTVSPropertyOp17
 70
     1
102
RTVSPropertyOp18
 70
     1
102
RTVSPropertyOp19
 70
     1
102
RTVSPropertyOp20
 70
     1
102
RTVSPropertyOp21
 70
     1
102
RTVSPropertyOp22
 70
     1
102
RTVSPropertyOp23
 70
     1
102
RTVSPropertyOp24
 70
     1
102
RTVSPropertyOp25
 70
     1
102
RTVSPropertyOp26
 70
     1
102
RTVSPropertyOp27
 70
     1
102
RTVSPropertyOp28
 70
     1
102
RTVSPropertyOp29
 70
     1
102
RTVSPropertyOp30
 70
     1
102
RTVSPropertyOp31
 70
     1
102
RTVSPropertyOp32
 70
     1
102
RTVSPropertyOp33
 70
     1
102
RTVSPropertyOp34
 70
     1
102
RTVSPropertyOp35
 70
     1
102
RTVSPropertyOp36
 70
     1
102
RTVSPropertyOp37
 70
     1
102
RTVSPropertyOp38
 70
     1
102
RTVSPropertyOp39
 70
     1
102
RTVSPropertyOp40
 70
     1
102
RTVSPropertyOp41
 70
     1
102
RTVSPropertyOp42
 70
     1
102
RTVSPropertyOp43
 70
     1
102
RTVSPropertyOp44
 70
     1
102
RTVSPropertyOp45
 70
     1
102
RTVSPropertyOp46
 70
     1
102
RTVSPropertyOp47
 70
     1
102
RTVSPropertyOp48
 70
     1
102
RTVSPropertyOp49
 70
     1
102
RTVSPropertyOp50
 70
     1
102
RTVSPropertyOp51
 70
     0
102
RTVSPropertyOp52
 70
     0
102
RTVSPropertyOp53
 70
     1
102
RTVSPropertyOp54
 70
     1
102
RTVSPropertyOp55
 70
     1
102
RTVSPropertyOp56
 70
     1
102
RTVSPropertyOp57
 70
     1
102
RTVSPropertyOp58
 70
     1
102
RTVSPropertyOp59
 70
     1
102
RTVSPropertyOp60
 70
     1
102
RTVSPropertyOp61
 70
     1
102
RTVSPropertyOp62
 70
     1
  0
XRECORD
  5
2A9
102
{ACAD_REACTORS
330
2A8
102
}
330
2A8
100
AcDbXrecord
280
     1
102
RTVSPost2010Prop28
280
     0
102
RTVSPost2010PropOp28
 70
     1
102
RTVSPost2010Prop29
280
     1
102
RTVSPost2010PropOp29
 70
     1
102
RTVSPost2010Prop30
280
     1
102
RTVSPost2010PropOp30
 70
     1
102
RTVSPost2010Prop31
280
     0
102
RTVSPost2010PropOp31
 70
     1
102
RTVSPost2010Prop32
280
     0
102
RTVSPost2010PropOp32
 70
     1
102
RTVSPost2010Prop33
280
     0
102
RTVSPost2010PropOp33
 70
     1
102
RTVSPost2010Prop34
280
     0
102
RTVSPost2010PropOp34
 70
     1
102
RTVSPost2010Prop35
280
     0
102
RTVSPost2010PropOp35
 70
     1
102
RTVSPost2010Prop36
280
     0
102
RTVSPost2010PropOp36
 70
     1
102
RTVSPost2010Prop37
 90
       50
102
RTVSPost2010PropOp37
 70
     1
102
RTVSPost2010Prop38
140
0.0
102
RTVSPost2010PropOp38
 70
     1
102
RTVSPost2010Prop39
140
1.0
102
RTVSPost2010PropOp39
 70
     1
102
RTVSPost2010Prop40
 90
        0
102
RTVSPost2010PropOp40
 70
     1
102
RTVSPost2010Prop41ColorIndex
 90
       18
102
RTVSPost2010Prop41ColorRGB
 90
        0
102
RTVSPost2010PropOp41
 70
     1
102
RTVSPost2010Prop42
 90
       50
102
RTVSPost2010PropOp42
 70
     1
102
RTVSPost2010Prop43
 90
        3
102
RTVSPost2010PropOp43
 70
     1
102
RTVSPost2010Prop44ColorIndex
 90
        5
102
RTVSPost2010Prop44ColorRGB
 90
      255
102
RTVSPost2010PropOp44
 70
     1
102
RTVSPost2010Prop45
280
     0
102
RTVSPost2010PropOp45
 70
     1
102
RTVSPost2010Prop46
 90
       50
102
RTVSPost2010PropOp46
 70
     1
102
RTVSPost2010Prop47
 90
       50
102
RTVSPost2010PropOp47
 70
     1
102
RTVSPost2010Prop48
 90
       50
102
RTVSPost2010PropOp48
 70
     1
102
RTVSPost2010Prop49
280
     0
102
RTVSPost2010PropOp49
 70
     1
102
RTVSPost2010Prop50
 90
       50
102
RTVSPost2010PropOp50
 70
     1
102
RTVSPost2010Prop51ColorIndex
 90
      256
102
RTVSPost2010Prop51ColorRGB
 90
-16777216
102
RTVSPost2010PropOp51
 70
     0
102
RTVSPost2010Prop52
140
1.0
102
RTVSPost2010PropOp52
 70
     0
102
RTVSPost2010Prop53
 90
        2
102
RTVSPost2010PropOp53
 70
     1
102
RTVSPost2010Prop54
  1
strokes_ogs.tif
102
RTVSPost2010PropOp54
 70
     1
102
RTVSPost2010Prop55
280
     0
102
RTVSPost2010PropOp55
 70
     1
102
RTVSPost2010Prop56
140
1.0
102
RTVSPost2010PropOp56
 70
     1
102
RTVSPost2010Prop57
140
1.0
102
RTVSPost2010PropOp57
 70
     1
102
RTVSPropertyOp0
 70
     0
102
RTVSPropertyOp1
 70
     0
102
RTVSPropertyOp2
 70
     0
102
RTVSPropertyOp3
 70
     0
102
RTVSPropertyOp4
 70
     0
102
RTVSPropertyOp5
 70
     0
102
RTVSPropertyOp6
 70
     0
102
RTVSPropertyOp7
 70
     0
102
RTVSPropertyOp8
 70
     0
102
RTVSPropertyOp9
 70
     0
102
RTVSPropertyOp10
 70
     0
102
RTVSPropertyOp11
 70
     0
102
RTVSPropertyOp12
 70
     0
102
RTVSPropertyOp13
 70
     0
102
RTVSPropertyOp14
 70
     2
102
RTVSPropertyOp15
 70
     0
102
RTVSPropertyOp16
 70
     0
102
RTVSPropertyOp17
 70
     0
102
RTVSPropertyOp18
 70
     0
102
RTVSPropertyOp19
 70
     0
102
RTVSPropertyOp20
 70
     0
102
RTVSPropertyOp21
 70
     0
102
RTVSPropertyOp22
 70
     0
102
RTVSPropertyOp23
 70
     0
102
RTVSPropertyOp24
 70
     0
102
RTVSPropertyOp25
 70
     0
102
RTVSPropertyOp26
 70
     0
102
RTVSPropertyOp27
 70
     0
102
RTVSPropertyOp28
 70
     1
102
RTVSPropertyOp29
 70
     1
102
RTVSPropertyOp30
 70
     1
102
RTVSPropertyOp31
 70
     1
102
RTVSPropertyOp32
 70
     1
102
RTVSPropertyOp33
 70
     1
102
RTVSPropertyOp34
 70
     1
102
RTVSPropertyOp35
 70
     1
102
RTVSPropertyOp36
 70
     1
102
RTVSPropertyOp37
 70
     1
102
RTVSPropertyOp38
 70
     1
102
RTVSPropertyOp39
 70
     1
102
RTVSPropertyOp40
 70
     1
102
RTVSPropertyOp41
 70
     1
102
RTVSPropertyOp42
 70
     1
102
RTVSPropertyOp43
 70
     1
102
RTVSPropertyOp44
 70
     1
102
RTVSPropertyOp45
 70
     1
102
RTVSPropertyOp46
 70
     1
102
RTVSPropertyOp47
 70
     1
102
RTVSPropertyOp48
 70
     1
102
RTVSPropertyOp49
 70
     1
102
RTVSPropertyOp50
 70
     1
102
RTVSPropertyOp51
 70
     0
102
RTVSPropertyOp52
 70
     0
102
RTVSPropertyOp53
 70
     1
102
RTVSPropertyOp54
 70
     1
102
RTVSPropertyOp55
 70
     1
102
RTVSPropertyOp56
 70
     1
102
RTVSPropertyOp57
 70
     1
102
RTVSPropertyOp58
 70
     1
102
RTVSPropertyOp59
 70
     1
102
RTVSPropertyOp60
 70
     1
102
RTVSPropertyOp61
 70
     1
102
RTVSPropertyOp62
 70
     1
  0
XRECORD
  5
299
102
{ACAD_REACTORS
330
298
102
}
330
298
100
AcDbXrecord
280
     1
102
RTVSPost2010Prop28
280
     0
102
RTVSPost2010PropOp28
 70
     1
102
RTVSPost2010Prop29
280
     1
102
RTVSPost2010PropOp29
 70
     1
102
RTVSPost2010Prop30
280
     1
102
RTVSPost2010PropOp30
 70
     1
102
RTVSPost2010Prop31
280
     0
102
RTVSPost2010PropOp31
 70
     1
102
RTVSPost2010Prop32
280
     0
102
RTVSPost2010PropOp32
 70
     1
102
RTVSPost2010Prop33
280
     0
102
RTVSPost2010PropOp33
 70
     1
102
RTVSPost2010Prop34
280
     0
102
RTVSPost2010PropOp34
 70
     1
102
RTVSPost2010Prop35
280
     0
102
RTVSPost2010PropOp35
 70
     1
102
RTVSPost2010Prop36
280
     0
102
RTVSPost2010PropOp36
 70
     1
102
RTVSPost2010Prop37
 90
       50
102
RTVSPost2010PropOp37
 70
     1
102
RTVSPost2010Prop38
140
0.0
102
RTVSPost2010PropOp38
 70
     1
102
RTVSPost2010Prop39
140
1.0
102
RTVSPost2010PropOp39
 70
     1
102
RTVSPost2010Prop40
 90
        0
102
RTVSPost2010PropOp40
 70
     1
102
RTVSPost2010Prop41ColorIndex
 90
       18
102
RTVSPost2010Prop41ColorRGB
 90
        0
102
RTVSPost2010PropOp41
 70
     1
102
RTVSPost2010Prop42
 90
       50
102
RTVSPost2010PropOp42
 70
     1
102
RTVSPost2010Prop43
 90
        3
102
RTVSPost2010PropOp43
 70
     1
102
RTVSPost2010Prop44ColorIndex
 90
        5
102
RTVSPost2010Prop44ColorRGB
 90
      255
102
RTVSPost2010PropOp44
 70
     1
102
RTVSPost2010Prop45
280
     0
102
RTVSPost2010PropOp45
 70
     1
102
RTVSPost2010Prop46
 90
       50
102
RTVSPost2010PropOp46
 70
     1
102
RTVSPost2010Prop47
 90
       50
102
RTVSPost2010PropOp47
 70
     1
102
RTVSPost2010Prop48
 90
       50
102
RTVSPost2010PropOp48
 70
     1
102
RTVSPost2010Prop49
280
     0
102
RTVSPost2010PropOp49
 70
     1
102
RTVSPost2010Prop50
 90
       50
102
RTVSPost2010PropOp50
 70
     1
102
RTVSPost2010Prop51ColorIndex
 90
      256
102
RTVSPost2010Prop51ColorRGB
 90
-16777216
102
RTVSPost2010PropOp51
 70
     0
102
RTVSPost2010Prop52
140
1.0
102
RTVSPost2010PropOp52
 70
     0
102
RTVSPost2010Prop53
 90
        2
102
RTVSPost2010PropOp53
 70
     1
102
RTVSPost2010Prop54
  1
strokes_ogs.tif
102
RTVSPost2010PropOp54
 70
     1
102
RTVSPost2010Prop55
280
     0
102
RTVSPost2010PropOp55
 70
     1
102
RTVSPost2010Prop56
140
1.0
102
RTVSPost2010PropOp56
 70
     1
102
RTVSPost2010Prop57
140
1.0
102
RTVSPost2010PropOp57
 70
     1
102
RTVSPropertyOp0
 70
     1
102
RTVSPropertyOp1
 70
     1
102
RTVSPropertyOp2
 70
     1
102
RTVSPropertyOp3
 70
     1
102
RTVSPropertyOp4
 70
     1
102
RTVSPropertyOp5
 70
     1
102
RTVSPropertyOp6
 70
     1
102
RTVSPropertyOp7
 70
     1
102
RTVSPropertyOp8
 70
     1
102
RTVSPropertyOp9
 70
     1
102
RTVSPropertyOp10
 70
     1
102
RTVSPropertyOp11
 70
     1
102
RTVSPropertyOp12
 70
     1
102
RTVSPropertyOp13
 70
     1
102
RTVSPropertyOp14
 70
     1
102
RTVSPropertyOp15
 70
     1
102
RTVSPropertyOp16
 70
     1
102
RTVSPropertyOp17
 70
     1
102
RTVSPropertyOp18
 70
     1
102
RTVSPropertyOp19
 70
     1
102
RTVSPropertyOp20
 70
     1
102
RTVSPropertyOp21
 70
     1
102
RTVSPropertyOp22
 70
     1
102
RTVSPropertyOp23
 70
     1
102
RTVSPropertyOp24
 70
     1
102
RTVSPropertyOp25
 70
     1
102
RTVSPropertyOp26
 70
     1
102
RTVSPropertyOp27
 70
     1
102
RTVSPropertyOp28
 70
     1
102
RTVSPropertyOp29
 70
     1
102
RTVSPropertyOp30
 70
     1
102
RTVSPropertyOp31
 70
     1
102
RTVSPropertyOp32
 70
     1
102
RTVSPropertyOp33
 70
     1
102
RTVSPropertyOp34
 70
     1
102
RTVSPropertyOp35
 70
     1
102
RTVSPropertyOp36
 70
     1
102
RTVSPropertyOp37
 70
     1
102
RTVSPropertyOp38
 70
     1
102
RTVSPropertyOp39
 70
     1
102
RTVSPropertyOp40
 70
     1
102
RTVSPropertyOp41
 70
     1
102
RTVSPropertyOp42
 70
     1
102
RTVSPropertyOp43
 70
     1
102
RTVSPropertyOp44
 70
     1
102
RTVSPropertyOp45
 70
     1
102
RTVSPropertyOp46
 70
     1
102
RTVSPropertyOp47
 70
     1
102
RTVSPropertyOp48
 70
     1
102
RTVSPropertyOp49
 70
     1
102
RTVSPropertyOp50
 70
     1
102
RTVSPropertyOp51
 70
     0
102
RTVSPropertyOp52
 70
     0
102
RTVSPropertyOp53
 70
     1
102
RTVSPropertyOp54
 70
     1
102
RTVSPropertyOp55
 70
     1
102
RTVSPropertyOp56
 70
     1
102
RTVSPropertyOp57
 70
     1
102
RTVSPropertyOp58
 70
     1
102
RTVSPropertyOp59
 70
     1
102
RTVSPropertyOp60
 70
     1
102
RTVSPropertyOp61
 70
     1
102
RTVSPropertyOp62
 70
     1
  0
XRECORD
  5
2B5
102
{ACAD_REACTORS
330
2B4
102
}
330
2B4
100
AcDbXrecord
280
     1
102
RTVSPost2010Prop28
280
     0
102
RTVSPost2010PropOp28
 70
     1
102
RTVSPost2010Prop29
280
     1
102
RTVSPost2010PropOp29
 70
     1
102
RTVSPost2010Prop30
280
     1
102
RTVSPost2010PropOp30
 70
     1
102
RTVSPost2010Prop31
280
     0
102
RTVSPost2010PropOp31
 70
     1
102
RTVSPost2010Prop32
280
     0
102
RTVSPost2010PropOp32
 70
     1
102
RTVSPost2010Prop33
280
     0
102
RTVSPost2010PropOp33
 70
     1
102
RTVSPost2010Prop34
280
     0
102
RTVSPost2010PropOp34
 70
     1
102
RTVSPost2010Prop35
280
     0
102
RTVSPost2010PropOp35
 70
     1
102
RTVSPost2010Prop36
280
     0
102
RTVSPost2010PropOp36
 70
     1
102
RTVSPost2010Prop37
 90
       50
102
RTVSPost2010PropOp37
 70
     1
102
RTVSPost2010Prop38
140
0.0
102
RTVSPost2010PropOp38
 70
     1
102
RTVSPost2010Prop39
140
1.0
102
RTVSPost2010PropOp39
 70
     1
102
RTVSPost2010Prop40
 90
        0
102
RTVSPost2010PropOp40
 70
     1
102
RTVSPost2010Prop41ColorIndex
 90
       18
102
RTVSPost2010Prop41ColorRGB
 90
        0
102
RTVSPost2010PropOp41
 70
     1
102
RTVSPost2010Prop42
 90
       50
102
RTVSPost2010PropOp42
 70
     1
102
RTVSPost2010Prop43
 90
        3
102
RTVSPost2010PropOp43
 70
     1
102
RTVSPost2010Prop44ColorIndex
 90
        5
102
RTVSPost2010Prop44ColorRGB
 90
      255
102
RTVSPost2010PropOp44
 70
     1
102
RTVSPost2010Prop45
280
     0
102
RTVSPost2010PropOp45
 70
     1
102
RTVSPost2010Prop46
 90
       50
102
RTVSPost2010PropOp46
 70
     1
102
RTVSPost2010Prop47
 90
       50
102
RTVSPost2010PropOp47
 70
     1
102
RTVSPost2010Prop48
 90
       50
102
RTVSPost2010PropOp48
 70
     1
102
RTVSPost2010Prop49
280
     0
102
RTVSPost2010PropOp49
 70
     1
102
RTVSPost2010Prop50
 90
       50
102
RTVSPost2010PropOp50
 70
     1
102
RTVSPost2010Prop51ColorIndex
 90
      256
102
RTVSPost2010Prop51ColorRGB
 90
-16777216
102
RTVSPost2010PropOp51
 70
     0
102
RTVSPost2010Prop52
140
1.0
102
RTVSPost2010PropOp52
 70
     0
102
RTVSPost2010Prop53
 90
        2
102
RTVSPost2010PropOp53
 70
     1
102
RTVSPost2010Prop54
  1
strokes_ogs.tif
102
RTVSPost2010PropOp54
 70
     1
102
RTVSPost2010Prop55
280
     0
102
RTVSPost2010PropOp55
 70
     1
102
RTVSPost2010Prop56
140
1.0
102
RTVSPost2010PropOp56
 70
     1
102
RTVSPost2010Prop57
140
1.0
102
RTVSPost2010PropOp57
 70
     1
102
RTVSPropertyOp0
 70
     1
102
RTVSPropertyOp1
 70
     1
102
RTVSPropertyOp2
 70
     1
102
RTVSPropertyOp3
 70
     1
102
RTVSPropertyOp4
 70
     1
102
RTVSPropertyOp5
 70
     1
102
RTVSPropertyOp6
 70
     1
102
RTVSPropertyOp7
 70
     1
102
RTVSPropertyOp8
 70
     1
102
RTVSPropertyOp9
 70
     1
102
RTVSPropertyOp10
 70
     1
102
RTVSPropertyOp11
 70
     1
102
RTVSPropertyOp12
 70
     1
102
RTVSPropertyOp13
 70
     1
102
RTVSPropertyOp14
 70
     1
102
RTVSPropertyOp15
 70
     1
102
RTVSPropertyOp16
 70
     1
102
RTVSPropertyOp17
 70
     1
102
RTVSPropertyOp18
 70
     1
102
RTVSPropertyOp19
 70
     1
102
RTVSPropertyOp20
 70
     1
102
RTVSPropertyOp21
 70
     1
102
RTVSPropertyOp22
 70
     1
102
RTVSPropertyOp23
 70
     1
102
RTVSPropertyOp24
 70
     1
102
RTVSPropertyOp25
 70
     1
102
RTVSPropertyOp26
 70
     1
102
RTVSPropertyOp27
 70
     1
102
RTVSPropertyOp28
 70
     1
102
RTVSPropertyOp29
 70
     1
102
RTVSPropertyOp30
 70
     1
102
RTVSPropertyOp31
 70
     1
102
RTVSPropertyOp32
 70
     1
102
RTVSPropertyOp33
 70
     1
102
RTVSPropertyOp34
 70
     1
102
RTVSPropertyOp35
 70
     1
102
RTVSPropertyOp36
 70
     1
102
RTVSPropertyOp37
 70
     1
102
RTVSPropertyOp38
 70
     1
102
RTVSPropertyOp39
 70
     1
102
RTVSPropertyOp40
 70
     1
102
RTVSPropertyOp41
 70
     1
102
RTVSPropertyOp42
 70
     1
102
RTVSPropertyOp43
 70
     1
102
RTVSPropertyOp44
 70
     1
102
RTVSPropertyOp45
 70
     1
102
RTVSPropertyOp46
 70
     1
102
RTVSPropertyOp47
 70
     1
102
RTVSPropertyOp48
 70
     1
102
RTVSPropertyOp49
 70
     1
102
RTVSPropertyOp50
 70
     1
102
RTVSPropertyOp51
 70
     0
102
RTVSPropertyOp52
 70
     0
102
RTVSPropertyOp53
 70
     1
102
RTVSPropertyOp54
 70
     1
102
RTVSPropertyOp55
 70
     1
102
RTVSPropertyOp56
 70
     1
102
RTVSPropertyOp57
 70
     1
102
RTVSPropertyOp58
 70
     1
102
RTVSPropertyOp59
 70
     1
102
RTVSPropertyOp60
 70
     1
102
RTVSPropertyOp61
 70
     1
102
RTVSPropertyOp62
 70
     1
  0
XRECORD
  5
2B3
102
{ACAD_REACTORS
330
2B2
102
}
330
2B2
100
AcDbXrecord
280
     1
102
RTVSPost2010Prop28
280
     0
102
RTVSPost2010PropOp28
 70
     1
102
RTVSPost2010Prop29
280
     1
102
RTVSPost2010PropOp29
 70
     1
102
RTVSPost2010Prop30
280
     1
102
RTVSPost2010PropOp30
 70
     1
102
RTVSPost2010Prop31
280
     0
102
RTVSPost2010PropOp31
 70
     1
102
RTVSPost2010Prop32
280
     0
102
RTVSPost2010PropOp32
 70
     1
102
RTVSPost2010Prop33
280
     0
102
RTVSPost2010PropOp33
 70
     1
102
RTVSPost2010Prop34
280
     0
102
RTVSPost2010PropOp34
 70
     1
102
RTVSPost2010Prop35
280
     0
102
RTVSPost2010PropOp35
 70
     1
102
RTVSPost2010Prop36
280
     0
102
RTVSPost2010PropOp36
 70
     1
102
RTVSPost2010Prop37
 90
       50
102
RTVSPost2010PropOp37
 70
     1
102
RTVSPost2010Prop38
140
0.0
102
RTVSPost2010PropOp38
 70
     1
102
RTVSPost2010Prop39
140
1.0
102
RTVSPost2010PropOp39
 70
     1
102
RTVSPost2010Prop40
 90
        0
102
RTVSPost2010PropOp40
 70
     1
102
RTVSPost2010Prop41ColorIndex
 90
       18
102
RTVSPost2010Prop41ColorRGB
 90
        0
102
RTVSPost2010PropOp41
 70
     1
102
RTVSPost2010Prop42
 90
       50
102
RTVSPost2010PropOp42
 70
     1
102
RTVSPost2010Prop43
 90
        3
102
RTVSPost2010PropOp43
 70
     1
102
RTVSPost2010Prop44ColorIndex
 90
        5
102
RTVSPost2010Prop44ColorRGB
 90
      255
102
RTVSPost2010PropOp44
 70
     1
102
RTVSPost2010Prop45
280
     0
102
RTVSPost2010PropOp45
 70
     1
102
RTVSPost2010Prop46
 90
       50
102
RTVSPost2010PropOp46
 70
     1
102
RTVSPost2010Prop47
 90
       50
102
RTVSPost2010PropOp47
 70
     1
102
RTVSPost2010Prop48
 90
       50
102
RTVSPost2010PropOp48
 70
     1
102
RTVSPost2010Prop49
280
     0
102
RTVSPost2010PropOp49
 70
     1
102
RTVSPost2010Prop50
 90
       50
102
RTVSPost2010PropOp50
 70
     1
102
RTVSPost2010Prop51ColorIndex
 90
      256
102
RTVSPost2010Prop51ColorRGB
 90
-16777216
102
RTVSPost2010PropOp51
 70
     0
102
RTVSPost2010Prop52
140
1.0
102
RTVSPost2010PropOp52
 70
     0
102
RTVSPost2010Prop53
 90
        2
102
RTVSPost2010PropOp53
 70
     1
102
RTVSPost2010Prop54
  1
strokes_ogs.tif
102
RTVSPost2010PropOp54
 70
     1
102
RTVSPost2010Prop55
280
     0
102
RTVSPost2010PropOp55
 70
     1
102
RTVSPost2010Prop56
140
1.0
102
RTVSPost2010PropOp56
 70
     1
102
RTVSPost2010Prop57
140
1.0
102
RTVSPost2010PropOp57
 70
     1
102
RTVSPropertyOp0
 70
     1
102
RTVSPropertyOp1
 70
     1
102
RTVSPropertyOp2
 70
     1
102
RTVSPropertyOp3
 70
     1
102
RTVSPropertyOp4
 70
     1
102
RTVSPropertyOp5
 70
     1
102
RTVSPropertyOp6
 70
     1
102
RTVSPropertyOp7
 70
     1
102
RTVSPropertyOp8
 70
     1
102
RTVSPropertyOp9
 70
     1
102
RTVSPropertyOp10
 70
     1
102
RTVSPropertyOp11
 70
     1
102
RTVSPropertyOp12
 70
     1
102
RTVSPropertyOp13
 70
     1
102
RTVSPropertyOp14
 70
     1
102
RTVSPropertyOp15
 70
     1
102
RTVSPropertyOp16
 70
     1
102
RTVSPropertyOp17
 70
     1
102
RTVSPropertyOp18
 70
     1
102
RTVSPropertyOp19
 70
     1
102
RTVSPropertyOp20
 70
     1
102
RTVSPropertyOp21
 70
     1
102
RTVSPropertyOp22
 70
     1
102
RTVSPropertyOp23
 70
     1
102
RTVSPropertyOp24
 70
     1
102
RTVSPropertyOp25
 70
     1
102
RTVSPropertyOp26
 70
     1
102
RTVSPropertyOp27
 70
     1
102
RTVSPropertyOp28
 70
     1
102
RTVSPropertyOp29
 70
     1
102
RTVSPropertyOp30
 70
     1
102
RTVSPropertyOp31
 70
     1
102
RTVSPropertyOp32
 70
     1
102
RTVSPropertyOp33
 70
     1
102
RTVSPropertyOp34
 70
     1
102
RTVSPropertyOp35
 70
     1
102
RTVSPropertyOp36
 70
     1
102
RTVSPropertyOp37
 70
     1
102
RTVSPropertyOp38
 70
     1
102
RTVSPropertyOp39
 70
     1
102
RTVSPropertyOp40
 70
     1
102
RTVSPropertyOp41
 70
     1
102
RTVSPropertyOp42
 70
     1
102
RTVSPropertyOp43
 70
     1
102
RTVSPropertyOp44
 70
     1
102
RTVSPropertyOp45
 70
     1
102
RTVSPropertyOp46
 70
     1
102
RTVSPropertyOp47
 70
     1
102
RTVSPropertyOp48
 70
     1
102
RTVSPropertyOp49
 70
     1
102
RTVSPropertyOp50
 70
     1
102
RTVSPropertyOp51
 70
     0
102
RTVSPropertyOp52
 70
     0
102
RTVSPropertyOp53
 70
     1
102
RTVSPropertyOp54
 70
     1
102
RTVSPropertyOp55
 70
     1
102
RTVSPropertyOp56
 70
     1
102
RTVSPropertyOp57
 70
     1
102
RTVSPropertyOp58
 70
     1
102
RTVSPropertyOp59
 70
     1
102
RTVSPropertyOp60
 70
     1
102
RTVSPropertyOp61
 70
     1
102
RTVSPropertyOp62
 70
     1
  0
XRECORD
  5
2AD
102
{ACAD_REACTORS
330
2AC
102
}
330
2AC
100
AcDbXrecord
280
     1
102
RTVSPost2010Prop28
280
     0
102
RTVSPost2010PropOp28
 70
     1
102
RTVSPost2010Prop29
280
     1
102
RTVSPost2010PropOp29
 70
     1
102
RTVSPost2010Prop30
280
     1
102
RTVSPost2010PropOp30
 70
     1
102
RTVSPost2010Prop31
280
     0
102
RTVSPost2010PropOp31
 70
     1
102
RTVSPost2010Prop32
280
     0
102
RTVSPost2010PropOp32
 70
     1
102
RTVSPost2010Prop33
280
     0
102
RTVSPost2010PropOp33
 70
     1
102
RTVSPost2010Prop34
280
     0
102
RTVSPost2010PropOp34
 70
     1
102
RTVSPost2010Prop35
280
     0
102
RTVSPost2010PropOp35
 70
     1
102
RTVSPost2010Prop36
280
     0
102
RTVSPost2010PropOp36
 70
     1
102
RTVSPost2010Prop37
 90
       50
102
RTVSPost2010PropOp37
 70
     1
102
RTVSPost2010Prop38
140
0.0
102
RTVSPost2010PropOp38
 70
     1
102
RTVSPost2010Prop39
140
1.0
102
RTVSPost2010PropOp39
 70
     1
102
RTVSPost2010Prop40
 90
        0
102
RTVSPost2010PropOp40
 70
     1
102
RTVSPost2010Prop41ColorIndex
 90
       18
102
RTVSPost2010Prop41ColorRGB
 90
        0
102
RTVSPost2010PropOp41
 70
     1
102
RTVSPost2010Prop42
 90
       50
102
RTVSPost2010PropOp42
 70
     1
102
RTVSPost2010Prop43
 90
        3
102
RTVSPost2010PropOp43
 70
     1
102
RTVSPost2010Prop44ColorIndex
 90
        5
102
RTVSPost2010Prop44ColorRGB
 90
      255
102
RTVSPost2010PropOp44
 70
     1
102
RTVSPost2010Prop45
280
     0
102
RTVSPost2010PropOp45
 70
     1
102
RTVSPost2010Prop46
 90
       50
102
RTVSPost2010PropOp46
 70
     1
102
RTVSPost2010Prop47
 90
       50
102
RTVSPost2010PropOp47
 70
     1
102
RTVSPost2010Prop48
 90
       50
102
RTVSPost2010PropOp48
 70
     1
102
RTVSPost2010Prop49
280
     0
102
RTVSPost2010PropOp49
 70
     1
102
RTVSPost2010Prop50
 90
       50
102
RTVSPost2010PropOp50
 70
     1
102
RTVSPost2010Prop51ColorIndex
 90
      256
102
RTVSPost2010Prop51ColorRGB
 90
-16777216
102
RTVSPost2010PropOp51
 70
     0
102
RTVSPost2010Prop52
140
1.0
102
RTVSPost2010PropOp52
 70
     0
102
RTVSPost2010Prop53
 90
        2
102
RTVSPost2010PropOp53
 70
     1
102
RTVSPost2010Prop54
  1
strokes_ogs.tif
102
RTVSPost2010PropOp54
 70
     1
102
RTVSPost2010Prop55
280
     0
102
RTVSPost2010PropOp55
 70
     1
102
RTVSPost2010Prop56
140
1.0
102
RTVSPost2010PropOp56
 70
     1
102
RTVSPost2010Prop57
140
1.0
102
RTVSPost2010PropOp57
 70
     1
102
RTVSPropertyOp0
 70
     1
102
RTVSPropertyOp1
 70
     1
102
RTVSPropertyOp2
 70
     1
102
RTVSPropertyOp3
 70
     1
102
RTVSPropertyOp4
 70
     1
102
RTVSPropertyOp5
 70
     1
102
RTVSPropertyOp6
 70
     1
102
RTVSPropertyOp7
 70
     1
102
RTVSPropertyOp8
 70
     1
102
RTVSPropertyOp9
 70
     1
102
RTVSPropertyOp10
 70
     1
102
RTVSPropertyOp11
 70
     1
102
RTVSPropertyOp12
 70
     1
102
RTVSPropertyOp13
 70
     1
102
RTVSPropertyOp14
 70
     1
102
RTVSPropertyOp15
 70
     1
102
RTVSPropertyOp16
 70
     1
102
RTVSPropertyOp17
 70
     1
102
RTVSPropertyOp18
 70
     1
102
RTVSPropertyOp19
 70
     1
102
RTVSPropertyOp20
 70
     1
102
RTVSPropertyOp21
 70
     1
102
RTVSPropertyOp22
 70
     1
102
RTVSPropertyOp23
 70
     1
102
RTVSPropertyOp24
 70
     1
102
RTVSPropertyOp25
 70
     1
102
RTVSPropertyOp26
 70
     1
102
RTVSPropertyOp27
 70
     1
102
RTVSPropertyOp28
 70
     1
102
RTVSPropertyOp29
 70
     1
102
RTVSPropertyOp30
 70
     1
102
RTVSPropertyOp31
 70
     1
102
RTVSPropertyOp32
 70
     1
102
RTVSPropertyOp33
 70
     1
102
RTVSPropertyOp34
 70
     1
102
RTVSPropertyOp35
 70
     1
102
RTVSPropertyOp36
 70
     1
102
RTVSPropertyOp37
 70
     1
102
RTVSPropertyOp38
 70
     1
102
RTVSPropertyOp39
 70
     1
102
RTVSPropertyOp40
 70
     1
102
RTVSPropertyOp41
 70
     1
102
RTVSPropertyOp42
 70
     1
102
RTVSPropertyOp43
 70
     1
102
RTVSPropertyOp44
 70
     1
102
RTVSPropertyOp45
 70
     1
102
RTVSPropertyOp46
 70
     1
102
RTVSPropertyOp47
 70
     1
102
RTVSPropertyOp48
 70
     1
102
RTVSPropertyOp49
 70
     1
102
RTVSPropertyOp50
 70
     1
102
RTVSPropertyOp51
 70
     0
102
RTVSPropertyOp52
 70
     0
102
RTVSPropertyOp53
 70
     1
102
RTVSPropertyOp54
 70
     1
102
RTVSPropertyOp55
 70
     1
102
RTVSPropertyOp56
 70
     1
102
RTVSPropertyOp57
 70
     1
102
RTVSPropertyOp58
 70
     1
102
RTVSPropertyOp59
 70
     1
102
RTVSPropertyOp60
 70
     1
102
RTVSPropertyOp61
 70
     1
102
RTVSPropertyOp62
 70
     1
  0
XRECORD
  5
2AF
102
{ACAD_REACTORS
330
2AE
102
}
330
2AE
100
AcDbXrecord
280
     1
102
RTVSPost2010Prop28
280
     0
102
RTVSPost2010PropOp28
 70
     1
102
RTVSPost2010Prop29
280
     1
102
RTVSPost2010PropOp29
 70
     1
102
RTVSPost2010Prop30
280
     1
102
RTVSPost2010PropOp30
 70
     1
102
RTVSPost2010Prop31
280
     0
102
RTVSPost2010PropOp31
 70
     1
102
RTVSPost2010Prop32
280
     0
102
RTVSPost2010PropOp32
 70
     1
102
RTVSPost2010Prop33
280
     0
102
RTVSPost2010PropOp33
 70
     1
102
RTVSPost2010Prop34
280
     0
102
RTVSPost2010PropOp34
 70
     1
102
RTVSPost2010Prop35
280
     0
102
RTVSPost2010PropOp35
 70
     1
102
RTVSPost2010Prop36
280
     0
102
RTVSPost2010PropOp36
 70
     1
102
RTVSPost2010Prop37
 90
       50
102
RTVSPost2010PropOp37
 70
     1
102
RTVSPost2010Prop38
140
0.0
102
RTVSPost2010PropOp38
 70
     1
102
RTVSPost2010Prop39
140
1.0
102
RTVSPost2010PropOp39
 70
     1
102
RTVSPost2010Prop40
 90
        0
102
RTVSPost2010PropOp40
 70
     1
102
RTVSPost2010Prop41ColorIndex
 90
       18
102
RTVSPost2010Prop41ColorRGB
 90
        0
102
RTVSPost2010PropOp41
 70
     1
102
RTVSPost2010Prop42
 90
       50
102
RTVSPost2010PropOp42
 70
     1
102
RTVSPost2010Prop43
 90
        3
102
RTVSPost2010PropOp43
 70
     1
102
RTVSPost2010Prop44ColorIndex
 90
        5
102
RTVSPost2010Prop44ColorRGB
 90
      255
102
RTVSPost2010PropOp44
 70
     1
102
RTVSPost2010Prop45
280
     0
102
RTVSPost2010PropOp45
 70
     1
102
RTVSPost2010Prop46
 90
       50
102
RTVSPost2010PropOp46
 70
     1
102
RTVSPost2010Prop47
 90
       50
102
RTVSPost2010PropOp47
 70
     1
102
RTVSPost2010Prop48
 90
       50
102
RTVSPost2010PropOp48
 70
     1
102
RTVSPost2010Prop49
280
     0
102
RTVSPost2010PropOp49
 70
     1
102
RTVSPost2010Prop50
 90
       50
102
RTVSPost2010PropOp50
 70
     1
102
RTVSPost2010Prop51ColorIndex
 90
      256
102
RTVSPost2010Prop51ColorRGB
 90
-16777216
102
RTVSPost2010PropOp51
 70
     0
102
RTVSPost2010Prop52
140
1.0
102
RTVSPost2010PropOp52
 70
     0
102
RTVSPost2010Prop53
 90
        2
102
RTVSPost2010PropOp53
 70
     1
102
RTVSPost2010Prop54
  1
strokes_ogs.tif
102
RTVSPost2010PropOp54
 70
     1
102
RTVSPost2010Prop55
280
     0
102
RTVSPost2010PropOp55
 70
     1
102
RTVSPost2010Prop56
140
1.0
102
RTVSPost2010PropOp56
 70
     1
102
RTVSPost2010Prop57
140
1.0
102
RTVSPost2010PropOp57
 70
     1
102
RTVSPropertyOp0
 70
     1
102
RTVSPropertyOp1
 70
     1
102
RTVSPropertyOp2
 70
     1
102
RTVSPropertyOp3
 70
     1
102
RTVSPropertyOp4
 70
     1
102
RTVSPropertyOp5
 70
     1
102
RTVSPropertyOp6
 70
     1
102
RTVSPropertyOp7
 70
     1
102
RTVSPropertyOp8
 70
     1
102
RTVSPropertyOp9
 70
     1
102
RTVSPropertyOp10
 70
     1
102
RTVSPropertyOp11
 70
     1
102
RTVSPropertyOp12
 70
     1
102
RTVSPropertyOp13
 70
     1
102
RTVSPropertyOp14
 70
     1
102
RTVSPropertyOp15
 70
     1
102
RTVSPropertyOp16
 70
     1
102
RTVSPropertyOp17
 70
     1
102
RTVSPropertyOp18
 70
     1
102
RTVSPropertyOp19
 70
     1
102
RTVSPropertyOp20
 70
     1
102
RTVSPropertyOp21
 70
     1
102
RTVSPropertyOp22
 70
     1
102
RTVSPropertyOp23
 70
     1
102
RTVSPropertyOp24
 70
     1
102
RTVSPropertyOp25
 70
     1
102
RTVSPropertyOp26
 70
     1
102
RTVSPropertyOp27
 70
     1
102
RTVSPropertyOp28
 70
     1
102
RTVSPropertyOp29
 70
     1
102
RTVSPropertyOp30
 70
     1
102
RTVSPropertyOp31
 70
     1
102
RTVSPropertyOp32
 70
     1
102
RTVSPropertyOp33
 70
     1
102
RTVSPropertyOp34
 70
     1
102
RTVSPropertyOp35
 70
     1
102
RTVSPropertyOp36
 70
     1
102
RTVSPropertyOp37
 70
     1
102
RTVSPropertyOp38
 70
     1
102
RTVSPropertyOp39
 70
     1
102
RTVSPropertyOp40
 70
     1
102
RTVSPropertyOp41
 70
     1
102
RTVSPropertyOp42
 70
     1
102
RTVSPropertyOp43
 70
     1
102
RTVSPropertyOp44
 70
     1
102
RTVSPropertyOp45
 70
     1
102
RTVSPropertyOp46
 70
     1
102
RTVSPropertyOp47
 70
     1
102
RTVSPropertyOp48
 70
     1
102
RTVSPropertyOp49
 70
     1
102
RTVSPropertyOp50
 70
     1
102
RTVSPropertyOp51
 70
     0
102
RTVSPropertyOp52
 70
     0
102
RTVSPropertyOp53
 70
     1
102
RTVSPropertyOp54
 70
     1
102
RTVSPropertyOp55
 70
     1
102
RTVSPropertyOp56
 70
     1
102
RTVSPropertyOp57
 70
     1
102
RTVSPropertyOp58
 70
     1
102
RTVSPropertyOp59
 70
     1
102
RTVSPropertyOp60
 70
     1
102
RTVSPropertyOp61
 70
     1
102
RTVSPropertyOp62
 70
     1
  0
XRECORD
  5
29F
102
{ACAD_REACTORS
330
29E
102
}
330
29E
100
AcDbXrecord
280
     1
102
RTVSPost2010Prop28
280
     0
102
RTVSPost2010PropOp28
 70
     1
102
RTVSPost2010Prop29
280
     1
102
RTVSPost2010PropOp29
 70
     1
102
RTVSPost2010Prop30
280
     1
102
RTVSPost2010PropOp30
 70
     1
102
RTVSPost2010Prop31
280
     0
102
RTVSPost2010PropOp31
 70
     1
102
RTVSPost2010Prop32
280
     0
102
RTVSPost2010PropOp32
 70
     1
102
RTVSPost2010Prop33
280
     0
102
RTVSPost2010PropOp33
 70
     1
102
RTVSPost2010Prop34
280
     0
102
RTVSPost2010PropOp34
 70
     1
102
RTVSPost2010Prop35
280
     0
102
RTVSPost2010PropOp35
 70
     1
102
RTVSPost2010Prop36
280
     0
102
RTVSPost2010PropOp36
 70
     1
102
RTVSPost2010Prop37
 90
       50
102
RTVSPost2010PropOp37
 70
     1
102
RTVSPost2010Prop38
140
0.0
102
RTVSPost2010PropOp38
 70
     1
102
RTVSPost2010Prop39
140
1.0
102
RTVSPost2010PropOp39
 70
     1
102
RTVSPost2010Prop40
 90
        0
102
RTVSPost2010PropOp40
 70
     1
102
RTVSPost2010Prop41ColorIndex
 90
       18
102
RTVSPost2010Prop41ColorRGB
 90
        0
102
RTVSPost2010PropOp41
 70
     1
102
RTVSPost2010Prop42
 90
       50
102
RTVSPost2010PropOp42
 70
     1
102
RTVSPost2010Prop43
 90
        3
102
RTVSPost2010PropOp43
 70
     1
102
RTVSPost2010Prop44ColorIndex
 90
        5
102
RTVSPost2010Prop44ColorRGB
 90
      255
102
RTVSPost2010PropOp44
 70
     1
102
RTVSPost2010Prop45
280
     0
102
RTVSPost2010PropOp45
 70
     1
102
RTVSPost2010Prop46
 90
       50
102
RTVSPost2010PropOp46
 70
     1
102
RTVSPost2010Prop47
 90
       50
102
RTVSPost2010PropOp47
 70
     1
102
RTVSPost2010Prop48
 90
       50
102
RTVSPost2010PropOp48
 70
     1
102
RTVSPost2010Prop49
280
     0
102
RTVSPost2010PropOp49
 70
     1
102
RTVSPost2010Prop50
 90
       50
102
RTVSPost2010PropOp50
 70
     1
102
RTVSPost2010Prop51ColorIndex
 90
      256
102
RTVSPost2010Prop51ColorRGB
 90
-16777216
102
RTVSPost2010PropOp51
 70
     0
102
RTVSPost2010Prop52
140
1.0
102
RTVSPost2010PropOp52
 70
     0
102
RTVSPost2010Prop53
 90
        2
102
RTVSPost2010PropOp53
 70
     1
102
RTVSPost2010Prop54
  1
strokes_ogs.tif
102
RTVSPost2010PropOp54
 70
     1
102
RTVSPost2010Prop55
280
     0
102
RTVSPost2010PropOp55
 70
     1
102
RTVSPost2010Prop56
140
1.0
102
RTVSPost2010PropOp56
 70
     1
102
RTVSPost2010Prop57
140
1.0
102
RTVSPost2010PropOp57
 70
     1
102
RTVSPropertyOp0
 70
     1
102
RTVSPropertyOp1
 70
     1
102
RTVSPropertyOp2
 70
     1
102
RTVSPropertyOp3
 70
     1
102
RTVSPropertyOp4
 70
     1
102
RTVSPropertyOp5
 70
     1
102
RTVSPropertyOp6
 70
     1
102
RTVSPropertyOp7
 70
     1
102
RTVSPropertyOp8
 70
     1
102
RTVSPropertyOp9
 70
     1
102
RTVSPropertyOp10
 70
     1
102
RTVSPropertyOp11
 70
     1
102
RTVSPropertyOp12
 70
     1
102
RTVSPropertyOp13
 70
     1
102
RTVSPropertyOp14
 70
     1
102
RTVSPropertyOp15
 70
     1
102
RTVSPropertyOp16
 70
     1
102
RTVSPropertyOp17
 70
     1
102
RTVSPropertyOp18
 70
     1
102
RTVSPropertyOp19
 70
     1
102
RTVSPropertyOp20
 70
     1
102
RTVSPropertyOp21
 70
     1
102
RTVSPropertyOp22
 70
     1
102
RTVSPropertyOp23
 70
     1
102
RTVSPropertyOp24
 70
     1
102
RTVSPropertyOp25
 70
     1
102
RTVSPropertyOp26
 70
     1
102
RTVSPropertyOp27
 70
     1
102
RTVSPropertyOp28
 70
     1
102
RTVSPropertyOp29
 70
     1
102
RTVSPropertyOp30
 70
     1
102
RTVSPropertyOp31
 70
     1
102
RTVSPropertyOp32
 70
     1
102
RTVSPropertyOp33
 70
     1
102
RTVSPropertyOp34
 70
     1
102
RTVSPropertyOp35
 70
     1
102
RTVSPropertyOp36
 70
     1
102
RTVSPropertyOp37
 70
     1
102
RTVSPropertyOp38
 70
     1
102
RTVSPropertyOp39
 70
     1
102
RTVSPropertyOp40
 70
     1
102
RTVSPropertyOp41
 70
     1
102
RTVSPropertyOp42
 70
     1
102
RTVSPropertyOp43
 70
     1
102
RTVSPropertyOp44
 70
     1
102
RTVSPropertyOp45
 70
     1
102
RTVSPropertyOp46
 70
     1
102
RTVSPropertyOp47
 70
     1
102
RTVSPropertyOp48
 70
     1
102
RTVSPropertyOp49
 70
     1
102
RTVSPropertyOp50
 70
     1
102
RTVSPropertyOp51
 70
     0
102
RTVSPropertyOp52
 70
     0
102
RTVSPropertyOp53
 70
     1
102
RTVSPropertyOp54
 70
     1
102
RTVSPropertyOp55
 70
     1
102
RTVSPropertyOp56
 70
     1
102
RTVSPropertyOp57
 70
     1
102
RTVSPropertyOp58
 70
     1
102
RTVSPropertyOp59
 70
     1
102
RTVSPropertyOp60
 70
     1
102
RTVSPropertyOp61
 70
     1
102
RTVSPropertyOp62
 70
     1
  0
XRECORD
  5
293
102
{ACAD_REACTORS
330
292
102
}
330
292
100
AcDbXrecord
280
     1
102
RTVSPost2010Prop28
280
     0
102
RTVSPost2010PropOp28
 70
     1
102
RTVSPost2010Prop29
280
     1
102
RTVSPost2010PropOp29
 70
     1
102
RTVSPost2010Prop30
280
     1
102
RTVSPost2010PropOp30
 70
     1
102
RTVSPost2010Prop31
280
     0
102
RTVSPost2010PropOp31
 70
     1
102
RTVSPost2010Prop32
280
     0
102
RTVSPost2010PropOp32
 70
     1
102
RTVSPost2010Prop33
280
     0
102
RTVSPost2010PropOp33
 70
     1
102
RTVSPost2010Prop34
280
     0
102
RTVSPost2010PropOp34
 70
     1
102
RTVSPost2010Prop35
280
     0
102
RTVSPost2010PropOp35
 70
     1
102
RTVSPost2010Prop36
280
     0
102
RTVSPost2010PropOp36
 70
     1
102
RTVSPost2010Prop37
 90
       50
102
RTVSPost2010PropOp37
 70
     1
102
RTVSPost2010Prop38
140
0.0
102
RTVSPost2010PropOp38
 70
     1
102
RTVSPost2010Prop39
140
1.0
102
RTVSPost2010PropOp39
 70
     1
102
RTVSPost2010Prop40
 90
        0
102
RTVSPost2010PropOp40
 70
     1
102
RTVSPost2010Prop41ColorIndex
 90
       18
102
RTVSPost2010Prop41ColorRGB
 90
        0
102
RTVSPost2010PropOp41
 70
     1
102
RTVSPost2010Prop42
 90
       50
102
RTVSPost2010PropOp42
 70
     1
102
RTVSPost2010Prop43
 90
        3
102
RTVSPost2010PropOp43
 70
     1
102
RTVSPost2010Prop44ColorIndex
 90
        5
102
RTVSPost2010Prop44ColorRGB
 90
      255
102
RTVSPost2010PropOp44
 70
     1
102
RTVSPost2010Prop45
280
     0
102
RTVSPost2010PropOp45
 70
     1
102
RTVSPost2010Prop46
 90
       50
102
RTVSPost2010PropOp46
 70
     1
102
RTVSPost2010Prop47
 90
       50
102
RTVSPost2010PropOp47
 70
     1
102
RTVSPost2010Prop48
 90
       50
102
RTVSPost2010PropOp48
 70
     1
102
RTVSPost2010Prop49
280
     0
102
RTVSPost2010PropOp49
 70
     1
102
RTVSPost2010Prop50
 90
       50
102
RTVSPost2010PropOp50
 70
     1
102
RTVSPost2010Prop51ColorIndex
 90
      256
102
RTVSPost2010Prop51ColorRGB
 90
-16777216
102
RTVSPost2010PropOp51
 70
     0
102
RTVSPost2010Prop52
140
1.0
102
RTVSPost2010PropOp52
 70
     0
102
RTVSPost2010Prop53
 90
        2
102
RTVSPost2010PropOp53
 70
     1
102
RTVSPost2010Prop54
  1
strokes_ogs.tif
102
RTVSPost2010PropOp54
 70
     1
102
RTVSPost2010Prop55
280
     0
102
RTVSPost2010PropOp55
 70
     1
102
RTVSPost2010Prop56
140
1.0
102
RTVSPost2010PropOp56
 70
     1
102
RTVSPost2010Prop57
140
1.0
102
RTVSPost2010PropOp57
 70
     1
102
RTVSPropertyOp0
 70
     1
102
RTVSPropertyOp1
 70
     1
102
RTVSPropertyOp2
 70
     1
102
RTVSPropertyOp3
 70
     1
102
RTVSPropertyOp4
 70
     1
102
RTVSPropertyOp5
 70
     1
102
RTVSPropertyOp6
 70
     1
102
RTVSPropertyOp7
 70
     1
102
RTVSPropertyOp8
 70
     1
102
RTVSPropertyOp9
 70
     1
102
RTVSPropertyOp10
 70
     1
102
RTVSPropertyOp11
 70
     1
102
RTVSPropertyOp12
 70
     1
102
RTVSPropertyOp13
 70
     1
102
RTVSPropertyOp14
 70
     1
102
RTVSPropertyOp15
 70
     1
102
RTVSPropertyOp16
 70
     1
102
RTVSPropertyOp17
 70
     1
102
RTVSPropertyOp18
 70
     1
102
RTVSPropertyOp19
 70
     1
102
RTVSPropertyOp20
 70
     1
102
RTVSPropertyOp21
 70
     1
102
RTVSPropertyOp22
 70
     1
102
RTVSPropertyOp23
 70
     1
102
RTVSPropertyOp24
 70
     1
102
RTVSPropertyOp25
 70
     1
102
RTVSPropertyOp26
 70
     1
102
RTVSPropertyOp27
 70
     1
102
RTVSPropertyOp28
 70
     1
102
RTVSPropertyOp29
 70
     1
102
RTVSPropertyOp30
 70
     1
102
RTVSPropertyOp31
 70
     1
102
RTVSPropertyOp32
 70
     1
102
RTVSPropertyOp33
 70
     1
102
RTVSPropertyOp34
 70
     1
102
RTVSPropertyOp35
 70
     1
102
RTVSPropertyOp36
 70
     1
102
RTVSPropertyOp37
 70
     1
102
RTVSPropertyOp38
 70
     1
102
RTVSPropertyOp39
 70
     1
102
RTVSPropertyOp40
 70
     1
102
RTVSPropertyOp41
 70
     1
102
RTVSPropertyOp42
 70
     1
102
RTVSPropertyOp43
 70
     1
102
RTVSPropertyOp44
 70
     1
102
RTVSPropertyOp45
 70
     1
102
RTVSPropertyOp46
 70
     1
102
RTVSPropertyOp47
 70
     1
102
RTVSPropertyOp48
 70
     1
102
RTVSPropertyOp49
 70
     1
102
RTVSPropertyOp50
 70
     1
102
RTVSPropertyOp51
 70
     0
102
RTVSPropertyOp52
 70
     0
102
RTVSPropertyOp53
 70
     1
102
RTVSPropertyOp54
 70
     1
102
RTVSPropertyOp55
 70
     1
102
RTVSPropertyOp56
 70
     1
102
RTVSPropertyOp57
 70
     1
102
RTVSPropertyOp58
 70
     1
102
RTVSPropertyOp59
 70
     1
102
RTVSPropertyOp60
 70
     1
102
RTVSPropertyOp61
 70
     1
102
RTVSPropertyOp62
 70
     1
  0
XRECORD
  5
2B1
102
{ACAD_REACTORS
330
2B0
102
}
330
2B0
100
AcDbXrecord
280
     1
102
RTVSPost2010Prop28
280
     0
102
RTVSPost2010PropOp28
 70
     1
102
RTVSPost2010Prop29
280
     1
102
RTVSPost2010PropOp29
 70
     1
102
RTVSPost2010Prop30
280
     1
102
RTVSPost2010PropOp30
 70
     1
102
RTVSPost2010Prop31
280
     0
102
RTVSPost2010PropOp31
 70
     1
102
RTVSPost2010Prop32
280
     0
102
RTVSPost2010PropOp32
 70
     1
102
RTVSPost2010Prop33
280
     0
102
RTVSPost2010PropOp33
 70
     1
102
RTVSPost2010Prop34
280
     0
102
RTVSPost2010PropOp34
 70
     1
102
RTVSPost2010Prop35
280
     0
102
RTVSPost2010PropOp35
 70
     1
102
RTVSPost2010Prop36
280
     0
102
RTVSPost2010PropOp36
 70
     1
102
RTVSPost2010Prop37
 90
       50
102
RTVSPost2010PropOp37
 70
     1
102
RTVSPost2010Prop38
140
0.0
102
RTVSPost2010PropOp38
 70
     1
102
RTVSPost2010Prop39
140
1.0
102
RTVSPost2010PropOp39
 70
     1
102
RTVSPost2010Prop40
 90
        0
102
RTVSPost2010PropOp40
 70
     1
102
RTVSPost2010Prop41ColorIndex
 90
       18
102
RTVSPost2010Prop41ColorRGB
 90
        0
102
RTVSPost2010PropOp41
 70
     1
102
RTVSPost2010Prop42
 90
       50
102
RTVSPost2010PropOp42
 70
     1
102
RTVSPost2010Prop43
 90
        3
102
RTVSPost2010PropOp43
 70
     1
102
RTVSPost2010Prop44ColorIndex
 90
        5
102
RTVSPost2010Prop44ColorRGB
 90
      255
102
RTVSPost2010PropOp44
 70
     1
102
RTVSPost2010Prop45
280
     0
102
RTVSPost2010PropOp45
 70
     1
102
RTVSPost2010Prop46
 90
       50
102
RTVSPost2010PropOp46
 70
     1
102
RTVSPost2010Prop47
 90
       50
102
RTVSPost2010PropOp47
 70
     1
102
RTVSPost2010Prop48
 90
       50
102
RTVSPost2010PropOp48
 70
     1
102
RTVSPost2010Prop49
280
     0
102
RTVSPost2010PropOp49
 70
     1
102
RTVSPost2010Prop50
 90
       50
102
RTVSPost2010PropOp50
 70
     1
102
RTVSPost2010Prop51ColorIndex
 90
      256
102
RTVSPost2010Prop51ColorRGB
 90
-16777216
102
RTVSPost2010PropOp51
 70
     0
102
RTVSPost2010Prop52
140
1.0
102
RTVSPost2010PropOp52
 70
     0
102
RTVSPost2010Prop53
 90
        2
102
RTVSPost2010PropOp53
 70
     1
102
RTVSPost2010Prop54
  1
strokes_ogs.tif
102
RTVSPost2010PropOp54
 70
     1
102
RTVSPost2010Prop55
280
     0
102
RTVSPost2010PropOp55
 70
     1
102
RTVSPost2010Prop56
140
1.0
102
RTVSPost2010PropOp56
 70
     1
102
RTVSPost2010Prop57
140
1.0
102
RTVSPost2010PropOp57
 70
     1
102
RTVSPropertyOp0
 70
     1
102
RTVSPropertyOp1
 70
     1
102
RTVSPropertyOp2
 70
     1
102
RTVSPropertyOp3
 70
     1
102
RTVSPropertyOp4
 70
     1
102
RTVSPropertyOp5
 70
     1
102
RTVSPropertyOp6
 70
     1
102
RTVSPropertyOp7
 70
     1
102
RTVSPropertyOp8
 70
     1
102
RTVSPropertyOp9
 70
     1
102
RTVSPropertyOp10
 70
     1
102
RTVSPropertyOp11
 70
     1
102
RTVSPropertyOp12
 70
     1
102
RTVSPropertyOp13
 70
     1
102
RTVSPropertyOp14
 70
     1
102
RTVSPropertyOp15
 70
     1
102
RTVSPropertyOp16
 70
     1
102
RTVSPropertyOp17
 70
     1
102
RTVSPropertyOp18
 70
     1
102
RTVSPropertyOp19
 70
     1
102
RTVSPropertyOp20
 70
     1
102
RTVSPropertyOp21
 70
     1
102
RTVSPropertyOp22
 70
     1
102
RTVSPropertyOp23
 70
     1
102
RTVSPropertyOp24
 70
     1
102
RTVSPropertyOp25
 70
     1
102
RTVSPropertyOp26
 70
     1
102
RTVSPropertyOp27
 70
     1
102
RTVSPropertyOp28
 70
     1
102
RTVSPropertyOp29
 70
     1
102
RTVSPropertyOp30
 70
     1
102
RTVSPropertyOp31
 70
     1
102
RTVSPropertyOp32
 70
     1
102
RTVSPropertyOp33
 70
     1
102
RTVSPropertyOp34
 70
     1
102
RTVSPropertyOp35
 70
     1
102
RTVSPropertyOp36
 70
     1
102
RTVSPropertyOp37
 70
     1
102
RTVSPropertyOp38
 70
     1
102
RTVSPropertyOp39
 70
     1
102
RTVSPropertyOp40
 70
     1
102
RTVSPropertyOp41
 70
     1
102
RTVSPropertyOp42
 70
     1
102
RTVSPropertyOp43
 70
     1
102
RTVSPropertyOp44
 70
     1
102
RTVSPropertyOp45
 70
     1
102
RTVSPropertyOp46
 70
     1
102
RTVSPropertyOp47
 70
     1
102
RTVSPropertyOp48
 70
     1
102
RTVSPropertyOp49
 70
     1
102
RTVSPropertyOp50
 70
     1
102
RTVSPropertyOp51
 70
     0
102
RTVSPropertyOp52
 70
     0
102
RTVSPropertyOp53
 70
     1
102
RTVSPropertyOp54
 70
     1
102
RTVSPropertyOp55
 70
     1
102
RTVSPropertyOp56
 70
     1
102
RTVSPropertyOp57
 70
     1
102
RTVSPropertyOp58
 70
     1
102
RTVSPropertyOp59
 70
     1
102
RTVSPropertyOp60
 70
     1
102
RTVSPropertyOp61
 70
     1
102
RTVSPropertyOp62
 70
     1
  0
ENDSEC
  0
EOF